document_name,source_file,table_type,crop,province,unit,source_page,parse_method,suitability_level,area_rai,rag_text
พื้นที่ความเหมาะสมพืชรายจังหวัด,-13-pdf (1).pdf,crop_suitability_by_province,กาแฟ(โรบัสต้า),กาญจนบุรี,ไร่,20,table,s1,8,พืช กาแฟ(โรบัสต้า) จังหวัด กาญจนบุรี ระดับความเหมาะสม s1 มีเนื้อที่ 8 ไร่
พื้นที่ความเหมาะสมพืชรายจังหวัด,-13-pdf (1).pdf,crop_suitability_by_province,กาแฟ(โรบัสต้า),ชัยภูมิ,ไร่,20,table,s1,11,พืช กาแฟ(โรบัสต้า) จังหวัด ชัยภูมิ ระดับความเหมาะสม s1 มีเนื้อที่ 11 ไร่
พื้นที่ความเหมาะสมพืชรายจังหวัด,-13-pdf (1).pdf,crop_suitability_by_province,กาแฟ(โรบัสต้า),ชุมพร,ไร่,20,table,s1,884,พืช กาแฟ(โรบัสต้า) จังหวัด ชุมพร ระดับความเหมาะสม s1 มีเนื้อที่ 884 ไร่
พื้นที่ความเหมาะสมพืชรายจังหวัด,-13-pdf (1).pdf,crop_suitability_by_province,กาแฟ(โรบัสต้า),ตาก,ไร่,20,table,s1,67,พืช กาแฟ(โรบัสต้า) จังหวัด ตาก ระดับความเหมาะสม s1 มีเนื้อที่ 67 ไร่
พื้นที่ความเหมาะสมพืชรายจังหวัด,-13-pdf (1).pdf,crop_suitability_by_province,กาแฟ(โรบัสต้า),ระนอง,ไร่,20,table,s1,1497,พืช กาแฟ(โรบัสต้า) จังหวัด ระนอง ระดับความเหมาะสม s1 มีเนื้อที่ 1497 ไร่
พื้นที่ความเหมาะสมพืชรายจังหวัด,-13-pdf (1).pdf,crop_suitability_by_province,กาแฟ(โรบัสต้า),สุราษฎร์ธานี,ไร่,20,table,s1,72,พืช กาแฟ(โรบัสต้า) จังหวัด สุราษฎร์ธานี ระดับความเหมาะสม s1 มีเนื้อที่ 72 ไร่
พื้นที่ความเหมาะสมพืชรายจังหวัด,-13-pdf (1).pdf,crop_suitability_by_province,กาแฟ(โรบัสต้า),สุโขทัย,ไร่,20,table,s1,5,พืช กาแฟ(โรบัสต้า) จังหวัด สุโขทัย ระดับความเหมาะสม s1 มีเนื้อที่ 5 ไร่
พื้นที่ความเหมาะสมพืชรายจังหวัด,-13-pdf (1).pdf,crop_suitability_by_province,กาแฟ(โรบัสต้า),เชียงราย,ไร่,20,table,s1,35,พืช กาแฟ(โรบัสต้า) จังหวัด เชียงราย ระดับความเหมาะสม s1 มีเนื้อที่ 35 ไร่
พื้นที่ความเหมาะสมพืชรายจังหวัด,-13-pdf (1).pdf,crop_suitability_by_province,กาแฟ(โรบัสต้า),เชียงใหม่,ไร่,20,table,s1,2,พืช กาแฟ(โรบัสต้า) จังหวัด เชียงใหม่ ระดับความเหมาะสม s1 มีเนื้อที่ 2 ไร่
พื้นที่ความเหมาะสมพืชรายจังหวัด,-13-pdf (1).pdf,crop_suitability_by_province,กาแฟ(โรบัสต้า),เลย,ไร่,20,table,s1,54,พืช กาแฟ(โรบัสต้า) จังหวัด เลย ระดับความเหมาะสม s1 มีเนื้อที่ 54 ไร่
พื้นที่ความเหมาะสมพืชรายจังหวัด,-13-pdf (1).pdf,crop_suitability_by_province,กาแฟ(โรบัสต้า),แพร่,ไร่,20,table,s1,63,พืช กาแฟ(โรบัสต้า) จังหวัด แพร่ ระดับความเหมาะสม s1 มีเนื้อที่ 63 ไร่
พื้นที่ความเหมาะสมพืชรายจังหวัด,-13-pdf (1).pdf,crop_suitability_by_province,ข้าว,กระบี่,ไร่,2,table,s1,890,พืช ข้าว จังหวัด กระบี่ ระดับความเหมาะสม s1 มีเนื้อที่ 890 ไร่
พื้นที่ความเหมาะสมพืชรายจังหวัด,-13-pdf (1).pdf,crop_suitability_by_province,ข้าว,กรุงเทพมหานคร,ไร่,1,table,s1,115430,พืช ข้าว จังหวัด กรุงเทพมหานคร ระดับความเหมาะสม s1 มีเนื้อที่ 115430 ไร่
พื้นที่ความเหมาะสมพืชรายจังหวัด,-13-pdf (1).pdf,crop_suitability_by_province,ข้าว,กาญจนบุรี,ไร่,1,table,s1,198474,พืช ข้าว จังหวัด กาญจนบุรี ระดับความเหมาะสม s1 มีเนื้อที่ 198474 ไร่
พื้นที่ความเหมาะสมพืชรายจังหวัด,-13-pdf (1).pdf,crop_suitability_by_province,ข้าว,กาญจนบุรี,ไร่,9,table,s1,1920,พืช ข้าว จังหวัด กาญจนบุรี ระดับความเหมาะสม s1 มีเนื้อที่ 1920 ไร่
พื้นที่ความเหมาะสมพืชรายจังหวัด,-13-pdf (1).pdf,crop_suitability_by_province,ข้าว,กาฬสินธุ์,ไร่,1,table,s1,322672,พืช ข้าว จังหวัด กาฬสินธุ์ ระดับความเหมาะสม s1 มีเนื้อที่ 322672 ไร่
พื้นที่ความเหมาะสมพืชรายจังหวัด,-13-pdf (1).pdf,crop_suitability_by_province,ข้าว,กำแพงเพชร,ไร่,1,table,s1,1076458,พืช ข้าว จังหวัด กำแพงเพชร ระดับความเหมาะสม s1 มีเนื้อที่ 1076458 ไร่
พื้นที่ความเหมาะสมพืชรายจังหวัด,-13-pdf (1).pdf,crop_suitability_by_province,ข้าว,กำแพงเพชร,ไร่,9,table,s1,3623,พืช ข้าว จังหวัด กำแพงเพชร ระดับความเหมาะสม s1 มีเนื้อที่ 3623 ไร่
พื้นที่ความเหมาะสมพืชรายจังหวัด,-13-pdf (1).pdf,crop_suitability_by_province,ข้าว,ขอนแก่น,ไร่,1,table,s1,167135,พืช ข้าว จังหวัด ขอนแก่น ระดับความเหมาะสม s1 มีเนื้อที่ 167135 ไร่
พื้นที่ความเหมาะสมพืชรายจังหวัด,-13-pdf (1).pdf,crop_suitability_by_province,ข้าว,จันทบุรี,ไร่,2,table,s1,13182,พืช ข้าว จังหวัด จันทบุรี ระดับความเหมาะสม s1 มีเนื้อที่ 13182 ไร่
พื้นที่ความเหมาะสมพืชรายจังหวัด,-13-pdf (1).pdf,crop_suitability_by_province,ข้าว,จันทบุรี,ไร่,10,table,s1,86,พืช ข้าว จังหวัด จันทบุรี ระดับความเหมาะสม s1 มีเนื้อที่ 86 ไร่
พื้นที่ความเหมาะสมพืชรายจังหวัด,-13-pdf (1).pdf,crop_suitability_by_province,ข้าว,ฉะเชิงเทรา,ไร่,2,table,s1,366477,พืช ข้าว จังหวัด ฉะเชิงเทรา ระดับความเหมาะสม s1 มีเนื้อที่ 366477 ไร่
พื้นที่ความเหมาะสมพืชรายจังหวัด,-13-pdf (1).pdf,crop_suitability_by_province,ข้าว,ชลบุรี,ไร่,2,table,s1,25498,พืช ข้าว จังหวัด ชลบุรี ระดับความเหมาะสม s1 มีเนื้อที่ 25498 ไร่
พื้นที่ความเหมาะสมพืชรายจังหวัด,-13-pdf (1).pdf,crop_suitability_by_province,ข้าว,ชัยนาท,ไร่,1,table,s1,691554,พืช ข้าว จังหวัด ชัยนาท ระดับความเหมาะสม s1 มีเนื้อที่ 691554 ไร่
พื้นที่ความเหมาะสมพืชรายจังหวัด,-13-pdf (1).pdf,crop_suitability_by_province,ข้าว,ชัยนาท,ไร่,9,table,s1,500,พืช ข้าว จังหวัด ชัยนาท ระดับความเหมาะสม s1 มีเนื้อที่ 500 ไร่
พื้นที่ความเหมาะสมพืชรายจังหวัด,-13-pdf (1).pdf,crop_suitability_by_province,ข้าว,ชัยภูมิ,ไร่,1,table,s1,120176,พืช ข้าว จังหวัด ชัยภูมิ ระดับความเหมาะสม s1 มีเนื้อที่ 120176 ไร่
พื้นที่ความเหมาะสมพืชรายจังหวัด,-13-pdf (1).pdf,crop_suitability_by_province,ข้าว,ชัยภูมิ,ไร่,9,table,s1,70,พืช ข้าว จังหวัด ชัยภูมิ ระดับความเหมาะสม s1 มีเนื้อที่ 70 ไร่
พื้นที่ความเหมาะสมพืชรายจังหวัด,-13-pdf (1).pdf,crop_suitability_by_province,ข้าว,ชุมพร,ไร่,2,table,s1,4160,พืช ข้าว จังหวัด ชุมพร ระดับความเหมาะสม s1 มีเนื้อที่ 4160 ไร่
พื้นที่ความเหมาะสมพืชรายจังหวัด,-13-pdf (1).pdf,crop_suitability_by_province,ข้าว,ตรัง,ไร่,2,table,s1,10067,พืช ข้าว จังหวัด ตรัง ระดับความเหมาะสม s1 มีเนื้อที่ 10067 ไร่
พื้นที่ความเหมาะสมพืชรายจังหวัด,-13-pdf (1).pdf,crop_suitability_by_province,ข้าว,ตราด,ไร่,2,table,s1,19806,พืช ข้าว จังหวัด ตราด ระดับความเหมาะสม s1 มีเนื้อที่ 19806 ไร่
พื้นที่ความเหมาะสมพืชรายจังหวัด,-13-pdf (1).pdf,crop_suitability_by_province,ข้าว,ตาก,ไร่,1,table,s1,39003,พืช ข้าว จังหวัด ตาก ระดับความเหมาะสม s1 มีเนื้อที่ 39003 ไร่
พื้นที่ความเหมาะสมพืชรายจังหวัด,-13-pdf (1).pdf,crop_suitability_by_province,ข้าว,ตาก,ไร่,9,table,s1,37570,พืช ข้าว จังหวัด ตาก ระดับความเหมาะสม s1 มีเนื้อที่ 37570 ไร่
พื้นที่ความเหมาะสมพืชรายจังหวัด,-13-pdf (1).pdf,crop_suitability_by_province,ข้าว,นครนายก,ไร่,1,table,s1,354746,พืช ข้าว จังหวัด นครนายก ระดับความเหมาะสม s1 มีเนื้อที่ 354746 ไร่
พื้นที่ความเหมาะสมพืชรายจังหวัด,-13-pdf (1).pdf,crop_suitability_by_province,ข้าว,นครปฐม,ไร่,1,table,s1,320180,พืช ข้าว จังหวัด นครปฐม ระดับความเหมาะสม s1 มีเนื้อที่ 320180 ไร่
พื้นที่ความเหมาะสมพืชรายจังหวัด,-13-pdf (1).pdf,crop_suitability_by_province,ข้าว,นครพนม,ไร่,1,table,s1,602107,พืช ข้าว จังหวัด นครพนม ระดับความเหมาะสม s1 มีเนื้อที่ 602107 ไร่
พื้นที่ความเหมาะสมพืชรายจังหวัด,-13-pdf (1).pdf,crop_suitability_by_province,ข้าว,นครพนม,ไร่,9,table,s1,5,พืช ข้าว จังหวัด นครพนม ระดับความเหมาะสม s1 มีเนื้อที่ 5 ไร่
พื้นที่ความเหมาะสมพืชรายจังหวัด,-13-pdf (1).pdf,crop_suitability_by_province,ข้าว,นครราชสีมา,ไร่,1,table,s1,402308,พืช ข้าว จังหวัด นครราชสีมา ระดับความเหมาะสม s1 มีเนื้อที่ 402308 ไร่
พื้นที่ความเหมาะสมพืชรายจังหวัด,-13-pdf (1).pdf,crop_suitability_by_province,ข้าว,นครราชสีมา,ไร่,9,table,s1,585,พืช ข้าว จังหวัด นครราชสีมา ระดับความเหมาะสม s1 มีเนื้อที่ 585 ไร่
พื้นที่ความเหมาะสมพืชรายจังหวัด,-13-pdf (1).pdf,crop_suitability_by_province,ข้าว,นครศรีธรรมราช,ไร่,2,table,s1,288857,พืช ข้าว จังหวัด นครศรีธรรมราช ระดับความเหมาะสม s1 มีเนื้อที่ 288857 ไร่
พื้นที่ความเหมาะสมพืชรายจังหวัด,-13-pdf (1).pdf,crop_suitability_by_province,ข้าว,นครสวรรค์,ไร่,1,table,s1,1871318,พืช ข้าว จังหวัด นครสวรรค์ ระดับความเหมาะสม s1 มีเนื้อที่ 1871318 ไร่
พื้นที่ความเหมาะสมพืชรายจังหวัด,-13-pdf (1).pdf,crop_suitability_by_province,ข้าว,นครสวรรค์,ไร่,9,table,s1,1520,พืช ข้าว จังหวัด นครสวรรค์ ระดับความเหมาะสม s1 มีเนื้อที่ 1520 ไร่
พื้นที่ความเหมาะสมพืชรายจังหวัด,-13-pdf (1).pdf,crop_suitability_by_province,ข้าว,นนทบุรี,ไร่,1,table,s1,122902,พืช ข้าว จังหวัด นนทบุรี ระดับความเหมาะสม s1 มีเนื้อที่ 122902 ไร่
พื้นที่ความเหมาะสมพืชรายจังหวัด,-13-pdf (1).pdf,crop_suitability_by_province,ข้าว,นราธิวาส,ไร่,2,table,s1,48157,พืช ข้าว จังหวัด นราธิวาส ระดับความเหมาะสม s1 มีเนื้อที่ 48157 ไร่
พื้นที่ความเหมาะสมพืชรายจังหวัด,-13-pdf (1).pdf,crop_suitability_by_province,ข้าว,น่าน,ไร่,1,table,s1,73555,พืช ข้าว จังหวัด น่าน ระดับความเหมาะสม s1 มีเนื้อที่ 73555 ไร่
พื้นที่ความเหมาะสมพืชรายจังหวัด,-13-pdf (1).pdf,crop_suitability_by_province,ข้าว,น่าน,ไร่,9,table,s1,2570,พืช ข้าว จังหวัด น่าน ระดับความเหมาะสม s1 มีเนื้อที่ 2570 ไร่
พื้นที่ความเหมาะสมพืชรายจังหวัด,-13-pdf (1).pdf,crop_suitability_by_province,ข้าว,บึงกาฬ,ไร่,1,table,s1,324435,พืช ข้าว จังหวัด บึงกาฬ ระดับความเหมาะสม s1 มีเนื้อที่ 324435 ไร่
พื้นที่ความเหมาะสมพืชรายจังหวัด,-13-pdf (1).pdf,crop_suitability_by_province,ข้าว,บุรีรัมย์,ไร่,1,table,s1,139835,พืช ข้าว จังหวัด บุรีรัมย์ ระดับความเหมาะสม s1 มีเนื้อที่ 139835 ไร่
พื้นที่ความเหมาะสมพืชรายจังหวัด,-13-pdf (1).pdf,crop_suitability_by_province,ข้าว,ปทุมธานี,ไร่,1,table,s1,353855,พืช ข้าว จังหวัด ปทุมธานี ระดับความเหมาะสม s1 มีเนื้อที่ 353855 ไร่
พื้นที่ความเหมาะสมพืชรายจังหวัด,-13-pdf (1).pdf,crop_suitability_by_province,ข้าว,ประจวบคีรีขันธ์,ไร่,1,table,s1,14545,พืช ข้าว จังหวัด ประจวบคีรีขันธ์ ระดับความเหมาะสม s1 มีเนื้อที่ 14545 ไร่
พื้นที่ความเหมาะสมพืชรายจังหวัด,-13-pdf (1).pdf,crop_suitability_by_province,ข้าว,ประจวบคีรีขันธ์,ไร่,9,table,s1,3,พืช ข้าว จังหวัด ประจวบคีรีขันธ์ ระดับความเหมาะสม s1 มีเนื้อที่ 3 ไร่
พื้นที่ความเหมาะสมพืชรายจังหวัด,-13-pdf (1).pdf,crop_suitability_by_province,ข้าว,ปราจีนบุรี,ไร่,2,table,s1,377092,พืช ข้าว จังหวัด ปราจีนบุรี ระดับความเหมาะสม s1 มีเนื้อที่ 377092 ไร่
พื้นที่ความเหมาะสมพืชรายจังหวัด,-13-pdf (1).pdf,crop_suitability_by_province,ข้าว,ปราจีนบุรี,ไร่,10,table,s1,46,พืช ข้าว จังหวัด ปราจีนบุรี ระดับความเหมาะสม s1 มีเนื้อที่ 46 ไร่
พื้นที่ความเหมาะสมพืชรายจังหวัด,-13-pdf (1).pdf,crop_suitability_by_province,ข้าว,ปัตตานี,ไร่,2,table,s1,85660,พืช ข้าว จังหวัด ปัตตานี ระดับความเหมาะสม s1 มีเนื้อที่ 85660 ไร่
พื้นที่ความเหมาะสมพืชรายจังหวัด,-13-pdf (1).pdf,crop_suitability_by_province,ข้าว,พระนครศรีอยุธยา,ไร่,1,table,s1,1051464,พืช ข้าว จังหวัด พระนครศรีอยุธยา ระดับความเหมาะสม s1 มีเนื้อที่ 1051464 ไร่
พื้นที่ความเหมาะสมพืชรายจังหวัด,-13-pdf (1).pdf,crop_suitability_by_province,ข้าว,พะเยา,ไร่,1,table,s1,113635,พืช ข้าว จังหวัด พะเยา ระดับความเหมาะสม s1 มีเนื้อที่ 113635 ไร่
พื้นที่ความเหมาะสมพืชรายจังหวัด,-13-pdf (1).pdf,crop_suitability_by_province,ข้าว,พะเยา,ไร่,9,table,s1,1846,พืช ข้าว จังหวัด พะเยา ระดับความเหมาะสม s1 มีเนื้อที่ 1846 ไร่
พื้นที่ความเหมาะสมพืชรายจังหวัด,-13-pdf (1).pdf,crop_suitability_by_province,ข้าว,พังงา,ไร่,2,table,s1,1730,พืช ข้าว จังหวัด พังงา ระดับความเหมาะสม s1 มีเนื้อที่ 1730 ไร่
พื้นที่ความเหมาะสมพืชรายจังหวัด,-13-pdf (1).pdf,crop_suitability_by_province,ข้าว,พัทลุง,ไร่,2,table,s1,140711,พืช ข้าว จังหวัด พัทลุง ระดับความเหมาะสม s1 มีเนื้อที่ 140711 ไร่
พื้นที่ความเหมาะสมพืชรายจังหวัด,-13-pdf (1).pdf,crop_suitability_by_province,ข้าว,พิจิตร,ไร่,1,table,s1,1775799,พืช ข้าว จังหวัด พิจิตร ระดับความเหมาะสม s1 มีเนื้อที่ 1775799 ไร่
พื้นที่ความเหมาะสมพืชรายจังหวัด,-13-pdf (1).pdf,crop_suitability_by_province,ข้าว,พิจิตร,ไร่,9,table,s1,3367,พืช ข้าว จังหวัด พิจิตร ระดับความเหมาะสม s1 มีเนื้อที่ 3367 ไร่
พื้นที่ความเหมาะสมพืชรายจังหวัด,-13-pdf (1).pdf,crop_suitability_by_province,ข้าว,พิษณุโลก,ไร่,1,table,s1,1254792,พืช ข้าว จังหวัด พิษณุโลก ระดับความเหมาะสม s1 มีเนื้อที่ 1254792 ไร่
พื้นที่ความเหมาะสมพืชรายจังหวัด,-13-pdf (1).pdf,crop_suitability_by_province,ข้าว,พิษณุโลก,ไร่,9,table,s1,1546,พืช ข้าว จังหวัด พิษณุโลก ระดับความเหมาะสม s1 มีเนื้อที่ 1546 ไร่
พื้นที่ความเหมาะสมพืชรายจังหวัด,-13-pdf (1).pdf,crop_suitability_by_province,ข้าว,ภูเก็ต,ไร่,2,table,s1,90,พืช ข้าว จังหวัด ภูเก็ต ระดับความเหมาะสม s1 มีเนื้อที่ 90 ไร่
พื้นที่ความเหมาะสมพืชรายจังหวัด,-13-pdf (1).pdf,crop_suitability_by_province,ข้าว,มหาสารคาม,ไร่,1,table,s1,166432,พืช ข้าว จังหวัด มหาสารคาม ระดับความเหมาะสม s1 มีเนื้อที่ 166432 ไร่
พื้นที่ความเหมาะสมพืชรายจังหวัด,-13-pdf (1).pdf,crop_suitability_by_province,ข้าว,มุกดาหาร,ไร่,1,table,s1,87929,พืช ข้าว จังหวัด มุกดาหาร ระดับความเหมาะสม s1 มีเนื้อที่ 87929 ไร่
พื้นที่ความเหมาะสมพืชรายจังหวัด,-13-pdf (1).pdf,crop_suitability_by_province,ข้าว,ยะลา,ไร่,2,table,s1,27760,พืช ข้าว จังหวัด ยะลา ระดับความเหมาะสม s1 มีเนื้อที่ 27760 ไร่
พื้นที่ความเหมาะสมพืชรายจังหวัด,-13-pdf (1).pdf,crop_suitability_by_province,ข้าว,ยโสธร,ไร่,1,table,s1,38659,พืช ข้าว จังหวัด ยโสธร ระดับความเหมาะสม s1 มีเนื้อที่ 38659 ไร่
พื้นที่ความเหมาะสมพืชรายจังหวัด,-13-pdf (1).pdf,crop_suitability_by_province,ข้าว,ระนอง,ไร่,2,table,s1,167,พืช ข้าว จังหวัด ระนอง ระดับความเหมาะสม s1 มีเนื้อที่ 167 ไร่
พื้นที่ความเหมาะสมพืชรายจังหวัด,-13-pdf (1).pdf,crop_suitability_by_province,ข้าว,ระยอง,ไร่,2,table,s1,12630,พืช ข้าว จังหวัด ระยอง ระดับความเหมาะสม s1 มีเนื้อที่ 12630 ไร่
พื้นที่ความเหมาะสมพืชรายจังหวัด,-13-pdf (1).pdf,crop_suitability_by_province,ข้าว,ราชบุรี,ไร่,1,table,s1,270970,พืช ข้าว จังหวัด ราชบุรี ระดับความเหมาะสม s1 มีเนื้อที่ 270970 ไร่
พื้นที่ความเหมาะสมพืชรายจังหวัด,-13-pdf (1).pdf,crop_suitability_by_province,ข้าว,ราชบุรี,ไร่,9,table,s1,196,พืช ข้าว จังหวัด ราชบุรี ระดับความเหมาะสม s1 มีเนื้อที่ 196 ไร่
พื้นที่ความเหมาะสมพืชรายจังหวัด,-13-pdf (1).pdf,crop_suitability_by_province,ข้าว,ร้อยเอ็ด,ไร่,1,table,s1,135637,พืช ข้าว จังหวัด ร้อยเอ็ด ระดับความเหมาะสม s1 มีเนื้อที่ 135637 ไร่
พื้นที่ความเหมาะสมพืชรายจังหวัด,-13-pdf (1).pdf,crop_suitability_by_province,ข้าว,ลพบุรี,ไร่,2,table,s1,567564,พืช ข้าว จังหวัด ลพบุรี ระดับความเหมาะสม s1 มีเนื้อที่ 567564 ไร่
พื้นที่ความเหมาะสมพืชรายจังหวัด,-13-pdf (1).pdf,crop_suitability_by_province,ข้าว,ลพบุรี,ไร่,9,table,s1,853,พืช ข้าว จังหวัด ลพบุรี ระดับความเหมาะสม s1 มีเนื้อที่ 853 ไร่
พื้นที่ความเหมาะสมพืชรายจังหวัด,-13-pdf (1).pdf,crop_suitability_by_province,ข้าว,ลำปาง,ไร่,1,table,s1,96887,พืช ข้าว จังหวัด ลำปาง ระดับความเหมาะสม s1 มีเนื้อที่ 96887 ไร่
พื้นที่ความเหมาะสมพืชรายจังหวัด,-13-pdf (1).pdf,crop_suitability_by_province,ข้าว,ลำปาง,ไร่,9,table,s1,20,พืช ข้าว จังหวัด ลำปาง ระดับความเหมาะสม s1 มีเนื้อที่ 20 ไร่
พื้นที่ความเหมาะสมพืชรายจังหวัด,-13-pdf (1).pdf,crop_suitability_by_province,ข้าว,ลำพูน,ไร่,1,table,s1,61508,พืช ข้าว จังหวัด ลำพูน ระดับความเหมาะสม s1 มีเนื้อที่ 61508 ไร่
พื้นที่ความเหมาะสมพืชรายจังหวัด,-13-pdf (1).pdf,crop_suitability_by_province,ข้าว,ศรีสะเกษ,ไร่,1,table,s1,1417905,พืช ข้าว จังหวัด ศรีสะเกษ ระดับความเหมาะสม s1 มีเนื้อที่ 1417905 ไร่
พื้นที่ความเหมาะสมพืชรายจังหวัด,-13-pdf (1).pdf,crop_suitability_by_province,ข้าว,สกลนคร,ไร่,1,table,s1,785757,พืช ข้าว จังหวัด สกลนคร ระดับความเหมาะสม s1 มีเนื้อที่ 785757 ไร่
พื้นที่ความเหมาะสมพืชรายจังหวัด,-13-pdf (1).pdf,crop_suitability_by_province,ข้าว,สงขลา,ไร่,2,table,s1,272586,พืช ข้าว จังหวัด สงขลา ระดับความเหมาะสม s1 มีเนื้อที่ 272586 ไร่
พื้นที่ความเหมาะสมพืชรายจังหวัด,-13-pdf (1).pdf,crop_suitability_by_province,ข้าว,สตูล,ไร่,2,table,s1,22239,พืช ข้าว จังหวัด สตูล ระดับความเหมาะสม s1 มีเนื้อที่ 22239 ไร่
พื้นที่ความเหมาะสมพืชรายจังหวัด,-13-pdf (1).pdf,crop_suitability_by_province,ข้าว,สมุทรปราการ,ไร่,2,table,s1,20614,พืช ข้าว จังหวัด สมุทรปราการ ระดับความเหมาะสม s1 มีเนื้อที่ 20614 ไร่
พื้นที่ความเหมาะสมพืชรายจังหวัด,-13-pdf (1).pdf,crop_suitability_by_province,ข้าว,สมุทรสงคราม,ไร่,2,table,s1,553,พืช ข้าว จังหวัด สมุทรสงคราม ระดับความเหมาะสม s1 มีเนื้อที่ 553 ไร่
พื้นที่ความเหมาะสมพืชรายจังหวัด,-13-pdf (1).pdf,crop_suitability_by_province,ข้าว,สมุทรสาคร,ไร่,2,table,s1,7995,พืช ข้าว จังหวัด สมุทรสาคร ระดับความเหมาะสม s1 มีเนื้อที่ 7995 ไร่
พื้นที่ความเหมาะสมพืชรายจังหวัด,-13-pdf (1).pdf,crop_suitability_by_province,ข้าว,สระบุรี,ไร่,2,table,s1,361506,พืช ข้าว จังหวัด สระบุรี ระดับความเหมาะสม s1 มีเนื้อที่ 361506 ไร่
พื้นที่ความเหมาะสมพืชรายจังหวัด,-13-pdf (1).pdf,crop_suitability_by_province,ข้าว,สระบุรี,ไร่,9,table,s1,1653,พืช ข้าว จังหวัด สระบุรี ระดับความเหมาะสม s1 มีเนื้อที่ 1653 ไร่
พื้นที่ความเหมาะสมพืชรายจังหวัด,-13-pdf (1).pdf,crop_suitability_by_province,ข้าว,สระแก้ว,ไร่,2,table,s1,37248,พืช ข้าว จังหวัด สระแก้ว ระดับความเหมาะสม s1 มีเนื้อที่ 37248 ไร่
พื้นที่ความเหมาะสมพืชรายจังหวัด,-13-pdf (1).pdf,crop_suitability_by_province,ข้าว,สระแก้ว,ไร่,10,table,s1,4789,พืช ข้าว จังหวัด สระแก้ว ระดับความเหมาะสม s1 มีเนื้อที่ 4789 ไร่
พื้นที่ความเหมาะสมพืชรายจังหวัด,-13-pdf (1).pdf,crop_suitability_by_province,ข้าว,สิงห์บุรี,ไร่,2,table,s1,339891,พืช ข้าว จังหวัด สิงห์บุรี ระดับความเหมาะสม s1 มีเนื้อที่ 339891 ไร่
พื้นที่ความเหมาะสมพืชรายจังหวัด,-13-pdf (1).pdf,crop_suitability_by_province,ข้าว,สุพรรณบุรี,ไร่,2,table,s1,1248577,พืช ข้าว จังหวัด สุพรรณบุรี ระดับความเหมาะสม s1 มีเนื้อที่ 1248577 ไร่
พื้นที่ความเหมาะสมพืชรายจังหวัด,-13-pdf (1).pdf,crop_suitability_by_province,ข้าว,สุพรรณบุรี,ไร่,10,table,s1,26,พืช ข้าว จังหวัด สุพรรณบุรี ระดับความเหมาะสม s1 มีเนื้อที่ 26 ไร่
พื้นที่ความเหมาะสมพืชรายจังหวัด,-13-pdf (1).pdf,crop_suitability_by_province,ข้าว,สุราษฎร์ธานี,ไร่,2,table,s1,4126,พืช ข้าว จังหวัด สุราษฎร์ธานี ระดับความเหมาะสม s1 มีเนื้อที่ 4126 ไร่
พื้นที่ความเหมาะสมพืชรายจังหวัด,-13-pdf (1).pdf,crop_suitability_by_province,ข้าว,สุรินทร์,ไร่,1,table,s1,376735,พืช ข้าว จังหวัด สุรินทร์ ระดับความเหมาะสม s1 มีเนื้อที่ 376735 ไร่
พื้นที่ความเหมาะสมพืชรายจังหวัด,-13-pdf (1).pdf,crop_suitability_by_province,ข้าว,สุโขทัย,ไร่,1,table,s1,402424,พืช ข้าว จังหวัด สุโขทัย ระดับความเหมาะสม s1 มีเนื้อที่ 402424 ไร่
พื้นที่ความเหมาะสมพืชรายจังหวัด,-13-pdf (1).pdf,crop_suitability_by_province,ข้าว,สุโขทัย,ไร่,9,table,s1,224,พืช ข้าว จังหวัด สุโขทัย ระดับความเหมาะสม s1 มีเนื้อที่ 224 ไร่
พื้นที่ความเหมาะสมพืชรายจังหวัด,-13-pdf (1).pdf,crop_suitability_by_province,ข้าว,หนองคาย,ไร่,1,table,s1,281775,พืช ข้าว จังหวัด หนองคาย ระดับความเหมาะสม s1 มีเนื้อที่ 281775 ไร่
พื้นที่ความเหมาะสมพืชรายจังหวัด,-13-pdf (1).pdf,crop_suitability_by_province,ข้าว,หนองคาย,ไร่,9,table,s1,13,พืช ข้าว จังหวัด หนองคาย ระดับความเหมาะสม s1 มีเนื้อที่ 13 ไร่
พื้นที่ความเหมาะสมพืชรายจังหวัด,-13-pdf (1).pdf,crop_suitability_by_province,ข้าว,หนองบัวลำภู,ไร่,1,table,s1,157,พืช ข้าว จังหวัด หนองบัวลำภู ระดับความเหมาะสม s1 มีเนื้อที่ 157 ไร่
พื้นที่ความเหมาะสมพืชรายจังหวัด,-13-pdf (1).pdf,crop_suitability_by_province,ข้าว,อำนาจเจริญ,ไร่,1,table,s1,84383,พืช ข้าว จังหวัด อำนาจเจริญ ระดับความเหมาะสม s1 มีเนื้อที่ 84383 ไร่
พื้นที่ความเหมาะสมพืชรายจังหวัด,-13-pdf (1).pdf,crop_suitability_by_province,ข้าว,อุดรธานี,ไร่,1,table,s1,327827,พืช ข้าว จังหวัด อุดรธานี ระดับความเหมาะสม s1 มีเนื้อที่ 327827 ไร่
พื้นที่ความเหมาะสมพืชรายจังหวัด,-13-pdf (1).pdf,crop_suitability_by_province,ข้าว,อุดรธานี,ไร่,9,table,s1,20,พืช ข้าว จังหวัด อุดรธานี ระดับความเหมาะสม s1 มีเนื้อที่ 20 ไร่
พื้นที่ความเหมาะสมพืชรายจังหวัด,-13-pdf (1).pdf,crop_suitability_by_province,ข้าว,อุตรดิตถ์,ไร่,1,table,s1,116815,พืช ข้าว จังหวัด อุตรดิตถ์ ระดับความเหมาะสม s1 มีเนื้อที่ 116815 ไร่
พื้นที่ความเหมาะสมพืชรายจังหวัด,-13-pdf (1).pdf,crop_suitability_by_province,ข้าว,อุตรดิตถ์,ไร่,9,table,s1,1243,พืช ข้าว จังหวัด อุตรดิตถ์ ระดับความเหมาะสม s1 มีเนื้อที่ 1243 ไร่
พื้นที่ความเหมาะสมพืชรายจังหวัด,-13-pdf (1).pdf,crop_suitability_by_province,ข้าว,อุทัยธานี,ไร่,1,table,s1,287723,พืช ข้าว จังหวัด อุทัยธานี ระดับความเหมาะสม s1 มีเนื้อที่ 287723 ไร่
พื้นที่ความเหมาะสมพืชรายจังหวัด,-13-pdf (1).pdf,crop_suitability_by_province,ข้าว,อุทัยธานี,ไร่,9,table,s1,847,พืช ข้าว จังหวัด อุทัยธานี ระดับความเหมาะสม s1 มีเนื้อที่ 847 ไร่
พื้นที่ความเหมาะสมพืชรายจังหวัด,-13-pdf (1).pdf,crop_suitability_by_province,ข้าว,อุบลราชธานี,ไร่,1,table,s1,760229,พืช ข้าว จังหวัด อุบลราชธานี ระดับความเหมาะสม s1 มีเนื้อที่ 760229 ไร่
พื้นที่ความเหมาะสมพืชรายจังหวัด,-13-pdf (1).pdf,crop_suitability_by_province,ข้าว,อ่างทอง,ไร่,2,table,s1,376209,พืช ข้าว จังหวัด อ่างทอง ระดับความเหมาะสม s1 มีเนื้อที่ 376209 ไร่
พื้นที่ความเหมาะสมพืชรายจังหวัด,-13-pdf (1).pdf,crop_suitability_by_province,ข้าว,เชียงราย,ไร่,1,table,s1,965068,พืช ข้าว จังหวัด เชียงราย ระดับความเหมาะสม s1 มีเนื้อที่ 965068 ไร่
พื้นที่ความเหมาะสมพืชรายจังหวัด,-13-pdf (1).pdf,crop_suitability_by_province,ข้าว,เชียงราย,ไร่,9,table,s1,64342,พืช ข้าว จังหวัด เชียงราย ระดับความเหมาะสม s1 มีเนื้อที่ 64342 ไร่
พื้นที่ความเหมาะสมพืชรายจังหวัด,-13-pdf (1).pdf,crop_suitability_by_province,ข้าว,เชียงใหม่,ไร่,1,table,s1,257221,พืช ข้าว จังหวัด เชียงใหม่ ระดับความเหมาะสม s1 มีเนื้อที่ 257221 ไร่
พื้นที่ความเหมาะสมพืชรายจังหวัด,-13-pdf (1).pdf,crop_suitability_by_province,ข้าว,เชียงใหม่,ไร่,9,table,s1,1146,พืช ข้าว จังหวัด เชียงใหม่ ระดับความเหมาะสม s1 มีเนื้อที่ 1146 ไร่
พื้นที่ความเหมาะสมพืชรายจังหวัด,-13-pdf (1).pdf,crop_suitability_by_province,ข้าว,เพชรบุรี,ไร่,1,table,s1,300110,พืช ข้าว จังหวัด เพชรบุรี ระดับความเหมาะสม s1 มีเนื้อที่ 300110 ไร่
พื้นที่ความเหมาะสมพืชรายจังหวัด,-13-pdf (1).pdf,crop_suitability_by_province,ข้าว,เพชรบุรี,ไร่,9,table,s1,7,พืช ข้าว จังหวัด เพชรบุรี ระดับความเหมาะสม s1 มีเนื้อที่ 7 ไร่
พื้นที่ความเหมาะสมพืชรายจังหวัด,-13-pdf (1).pdf,crop_suitability_by_province,ข้าว,เพชรบูรณ์,ไร่,1,table,s1,69384,พืช ข้าว จังหวัด เพชรบูรณ์ ระดับความเหมาะสม s1 มีเนื้อที่ 69384 ไร่
พื้นที่ความเหมาะสมพืชรายจังหวัด,-13-pdf (1).pdf,crop_suitability_by_province,ข้าว,เพชรบูรณ์,ไร่,9,table,s1,1114,พืช ข้าว จังหวัด เพชรบูรณ์ ระดับความเหมาะสม s1 มีเนื้อที่ 1114 ไร่
พื้นที่ความเหมาะสมพืชรายจังหวัด,-13-pdf (1).pdf,crop_suitability_by_province,ข้าว,เลย,ไร่,1,table,s1,3150,พืช ข้าว จังหวัด เลย ระดับความเหมาะสม s1 มีเนื้อที่ 3150 ไร่
พื้นที่ความเหมาะสมพืชรายจังหวัด,-13-pdf (1).pdf,crop_suitability_by_province,ข้าว,เลย,ไร่,9,table,s1,222,พืช ข้าว จังหวัด เลย ระดับความเหมาะสม s1 มีเนื้อที่ 222 ไร่
พื้นที่ความเหมาะสมพืชรายจังหวัด,-13-pdf (1).pdf,crop_suitability_by_province,ข้าว,แพร่,ไร่,1,table,s1,195329,พืช ข้าว จังหวัด แพร่ ระดับความเหมาะสม s1 มีเนื้อที่ 195329 ไร่
พื้นที่ความเหมาะสมพืชรายจังหวัด,-13-pdf (1).pdf,crop_suitability_by_province,ข้าว,แพร่,ไร่,9,table,s1,5519,พืช ข้าว จังหวัด แพร่ ระดับความเหมาะสม s1 มีเนื้อที่ 5519 ไร่
พื้นที่ความเหมาะสมพืชรายจังหวัด,-13-pdf (1).pdf,crop_suitability_by_province,ข้าว,แม่ฮ่องสอน,ไร่,1,table,s1,9805,พืช ข้าว จังหวัด แม่ฮ่องสอน ระดับความเหมาะสม s1 มีเนื้อที่ 9805 ไร่
พื้นที่ความเหมาะสมพืชรายจังหวัด,-13-pdf (1).pdf,crop_suitability_by_province,ข้าว,แม่ฮ่องสอน,ไร่,9,table,s1,372,พืช ข้าว จังหวัด แม่ฮ่องสอน ระดับความเหมาะสม s1 มีเนื้อที่ 372 ไร่
พื้นที่ความเหมาะสมพืชรายจังหวัด,-13-pdf (1).pdf,crop_suitability_by_province,ทุเรียน,กระบี่,ไร่,16,table,s1,208,พืช ทุเรียน จังหวัด กระบี่ ระดับความเหมาะสม s1 มีเนื้อที่ 208 ไร่
พื้นที่ความเหมาะสมพืชรายจังหวัด,-13-pdf (1).pdf,crop_suitability_by_province,ทุเรียน,จันทบุรี,ไร่,16,table,s1,73313,พืช ทุเรียน จังหวัด จันทบุรี ระดับความเหมาะสม s1 มีเนื้อที่ 73313 ไร่
พื้นที่ความเหมาะสมพืชรายจังหวัด,-13-pdf (1).pdf,crop_suitability_by_province,ทุเรียน,ชลบุรี,ไร่,16,table,s1,45,พืช ทุเรียน จังหวัด ชลบุรี ระดับความเหมาะสม s1 มีเนื้อที่ 45 ไร่
พื้นที่ความเหมาะสมพืชรายจังหวัด,-13-pdf (1).pdf,crop_suitability_by_province,ทุเรียน,ชุมพร,ไร่,16,table,s1,92741,พืช ทุเรียน จังหวัด ชุมพร ระดับความเหมาะสม s1 มีเนื้อที่ 92741 ไร่
พื้นที่ความเหมาะสมพืชรายจังหวัด,-13-pdf (1).pdf,crop_suitability_by_province,ทุเรียน,ตรัง,ไร่,16,table,s1,2327,พืช ทุเรียน จังหวัด ตรัง ระดับความเหมาะสม s1 มีเนื้อที่ 2327 ไร่
พื้นที่ความเหมาะสมพืชรายจังหวัด,-13-pdf (1).pdf,crop_suitability_by_province,ทุเรียน,นครศรีธรรมราช,ไร่,16,table,s1,104233,พืช ทุเรียน จังหวัด นครศรีธรรมราช ระดับความเหมาะสม s1 มีเนื้อที่ 104233 ไร่
พื้นที่ความเหมาะสมพืชรายจังหวัด,-13-pdf (1).pdf,crop_suitability_by_province,ทุเรียน,นราธิวาส,ไร่,16,table,s1,7621,พืช ทุเรียน จังหวัด นราธิวาส ระดับความเหมาะสม s1 มีเนื้อที่ 7621 ไร่
พื้นที่ความเหมาะสมพืชรายจังหวัด,-13-pdf (1).pdf,crop_suitability_by_province,ทุเรียน,ปัตตานี,ไร่,16,table,s1,80750,พืช ทุเรียน จังหวัด ปัตตานี ระดับความเหมาะสม s1 มีเนื้อที่ 80750 ไร่
พื้นที่ความเหมาะสมพืชรายจังหวัด,-13-pdf (1).pdf,crop_suitability_by_province,ทุเรียน,พังงา,ไร่,16,table,s1,153,พืช ทุเรียน จังหวัด พังงา ระดับความเหมาะสม s1 มีเนื้อที่ 153 ไร่
พื้นที่ความเหมาะสมพืชรายจังหวัด,-13-pdf (1).pdf,crop_suitability_by_province,ทุเรียน,พัทลุง,ไร่,16,table,s1,14609,พืช ทุเรียน จังหวัด พัทลุง ระดับความเหมาะสม s1 มีเนื้อที่ 14609 ไร่
พื้นที่ความเหมาะสมพืชรายจังหวัด,-13-pdf (1).pdf,crop_suitability_by_province,ทุเรียน,ยะลา,ไร่,16,table,s1,533,พืช ทุเรียน จังหวัด ยะลา ระดับความเหมาะสม s1 มีเนื้อที่ 533 ไร่
พื้นที่ความเหมาะสมพืชรายจังหวัด,-13-pdf (1).pdf,crop_suitability_by_province,ทุเรียน,ระนอง,ไร่,16,table,s1,1617,พืช ทุเรียน จังหวัด ระนอง ระดับความเหมาะสม s1 มีเนื้อที่ 1617 ไร่
พื้นที่ความเหมาะสมพืชรายจังหวัด,-13-pdf (1).pdf,crop_suitability_by_province,ทุเรียน,ระยอง,ไร่,16,table,s1,34736,พืช ทุเรียน จังหวัด ระยอง ระดับความเหมาะสม s1 มีเนื้อที่ 34736 ไร่
พื้นที่ความเหมาะสมพืชรายจังหวัด,-13-pdf (1).pdf,crop_suitability_by_province,ทุเรียน,สงขลา,ไร่,16,table,s1,77,พืช ทุเรียน จังหวัด สงขลา ระดับความเหมาะสม s1 มีเนื้อที่ 77 ไร่
พื้นที่ความเหมาะสมพืชรายจังหวัด,-13-pdf (1).pdf,crop_suitability_by_province,ทุเรียน,สตูล,ไร่,16,table,s1,5,พืช ทุเรียน จังหวัด สตูล ระดับความเหมาะสม s1 มีเนื้อที่ 5 ไร่
พื้นที่ความเหมาะสมพืชรายจังหวัด,-13-pdf (1).pdf,crop_suitability_by_province,ทุเรียน,สุราษฎร์ธานี,ไร่,16,table,s1,35792,พืช ทุเรียน จังหวัด สุราษฎร์ธานี ระดับความเหมาะสม s1 มีเนื้อที่ 35792 ไร่
พื้นที่ความเหมาะสมพืชรายจังหวัด,-13-pdf (1).pdf,crop_suitability_by_province,ปาล์มน้ำมัน,กระบี่,ไร่,6,table,s1,364149,พืช ปาล์มน้ำมัน จังหวัด กระบี่ ระดับความเหมาะสม s1 มีเนื้อที่ 364149 ไร่
พื้นที่ความเหมาะสมพืชรายจังหวัด,-13-pdf (1).pdf,crop_suitability_by_province,ปาล์มน้ำมัน,จันทบุรี,ไร่,5,table,s1,4181,พืช ปาล์มน้ำมัน จังหวัด จันทบุรี ระดับความเหมาะสม s1 มีเนื้อที่ 4181 ไร่
พื้นที่ความเหมาะสมพืชรายจังหวัด,-13-pdf (1).pdf,crop_suitability_by_province,ปาล์มน้ำมัน,ชุมพร,ไร่,6,table,s1,109104,พืช ปาล์มน้ำมัน จังหวัด ชุมพร ระดับความเหมาะสม s1 มีเนื้อที่ 109104 ไร่
พื้นที่ความเหมาะสมพืชรายจังหวัด,-13-pdf (1).pdf,crop_suitability_by_province,ปาล์มน้ำมัน,ตรัง,ไร่,6,table,s1,108562,พืช ปาล์มน้ำมัน จังหวัด ตรัง ระดับความเหมาะสม s1 มีเนื้อที่ 108562 ไร่
พื้นที่ความเหมาะสมพืชรายจังหวัด,-13-pdf (1).pdf,crop_suitability_by_province,ปาล์มน้ำมัน,ตราด,ไร่,5,table,s1,19721,พืช ปาล์มน้ำมัน จังหวัด ตราด ระดับความเหมาะสม s1 มีเนื้อที่ 19721 ไร่
พื้นที่ความเหมาะสมพืชรายจังหวัด,-13-pdf (1).pdf,crop_suitability_by_province,ปาล์มน้ำมัน,นครพนม,ไร่,5,table,s1,911,พืช ปาล์มน้ำมัน จังหวัด นครพนม ระดับความเหมาะสม s1 มีเนื้อที่ 911 ไร่
พื้นที่ความเหมาะสมพืชรายจังหวัด,-13-pdf (1).pdf,crop_suitability_by_province,ปาล์มน้ำมัน,นครศรีธรรมราช,ไร่,6,table,s1,277931,พืช ปาล์มน้ำมัน จังหวัด นครศรีธรรมราช ระดับความเหมาะสม s1 มีเนื้อที่ 277931 ไร่
พื้นที่ความเหมาะสมพืชรายจังหวัด,-13-pdf (1).pdf,crop_suitability_by_province,ปาล์มน้ำมัน,นราธิวาส,ไร่,6,table,s1,4352,พืช ปาล์มน้ำมัน จังหวัด นราธิวาส ระดับความเหมาะสม s1 มีเนื้อที่ 4352 ไร่
พื้นที่ความเหมาะสมพืชรายจังหวัด,-13-pdf (1).pdf,crop_suitability_by_province,ปาล์มน้ำมัน,บึงกาฬ,ไร่,5,table,s1,1888,พืช ปาล์มน้ำมัน จังหวัด บึงกาฬ ระดับความเหมาะสม s1 มีเนื้อที่ 1888 ไร่
พื้นที่ความเหมาะสมพืชรายจังหวัด,-13-pdf (1).pdf,crop_suitability_by_province,ปาล์มน้ำมัน,ปัตตานี,ไร่,6,table,s1,833,พืช ปาล์มน้ำมัน จังหวัด ปัตตานี ระดับความเหมาะสม s1 มีเนื้อที่ 833 ไร่
พื้นที่ความเหมาะสมพืชรายจังหวัด,-13-pdf (1).pdf,crop_suitability_by_province,ปาล์มน้ำมัน,พังงา,ไร่,6,table,s1,75843,พืช ปาล์มน้ำมัน จังหวัด พังงา ระดับความเหมาะสม s1 มีเนื้อที่ 75843 ไร่
พื้นที่ความเหมาะสมพืชรายจังหวัด,-13-pdf (1).pdf,crop_suitability_by_province,ปาล์มน้ำมัน,พัทลุง,ไร่,6,table,s1,21993,พืช ปาล์มน้ำมัน จังหวัด พัทลุง ระดับความเหมาะสม s1 มีเนื้อที่ 21993 ไร่
พื้นที่ความเหมาะสมพืชรายจังหวัด,-13-pdf (1).pdf,crop_suitability_by_province,ปาล์มน้ำมัน,ภูเก็ต,ไร่,6,table,s1,1439,พืช ปาล์มน้ำมัน จังหวัด ภูเก็ต ระดับความเหมาะสม s1 มีเนื้อที่ 1439 ไร่
พื้นที่ความเหมาะสมพืชรายจังหวัด,-13-pdf (1).pdf,crop_suitability_by_province,ปาล์มน้ำมัน,ยะลา,ไร่,6,table,s1,2391,พืช ปาล์มน้ำมัน จังหวัด ยะลา ระดับความเหมาะสม s1 มีเนื้อที่ 2391 ไร่
พื้นที่ความเหมาะสมพืชรายจังหวัด,-13-pdf (1).pdf,crop_suitability_by_province,ปาล์มน้ำมัน,ระนอง,ไร่,6,table,s1,22843,พืช ปาล์มน้ำมัน จังหวัด ระนอง ระดับความเหมาะสม s1 มีเนื้อที่ 22843 ไร่
พื้นที่ความเหมาะสมพืชรายจังหวัด,-13-pdf (1).pdf,crop_suitability_by_province,ปาล์มน้ำมัน,ระยอง,ไร่,5,table,s1,319,พืช ปาล์มน้ำมัน จังหวัด ระยอง ระดับความเหมาะสม s1 มีเนื้อที่ 319 ไร่
พื้นที่ความเหมาะสมพืชรายจังหวัด,-13-pdf (1).pdf,crop_suitability_by_province,ปาล์มน้ำมัน,สงขลา,ไร่,6,table,s1,11406,พืช ปาล์มน้ำมัน จังหวัด สงขลา ระดับความเหมาะสม s1 มีเนื้อที่ 11406 ไร่
พื้นที่ความเหมาะสมพืชรายจังหวัด,-13-pdf (1).pdf,crop_suitability_by_province,ปาล์มน้ำมัน,สตูล,ไร่,6,table,s1,27533,พืช ปาล์มน้ำมัน จังหวัด สตูล ระดับความเหมาะสม s1 มีเนื้อที่ 27533 ไร่
พื้นที่ความเหมาะสมพืชรายจังหวัด,-13-pdf (1).pdf,crop_suitability_by_province,ปาล์มน้ำมัน,สุราษฎร์ธานี,ไร่,6,table,s1,258293,พืช ปาล์มน้ำมัน จังหวัด สุราษฎร์ธานี ระดับความเหมาะสม s1 มีเนื้อที่ 258293 ไร่
พื้นที่ความเหมาะสมพืชรายจังหวัด,-13-pdf (1).pdf,crop_suitability_by_province,ปาล์มน้ำมัน,อุบลราชธานี,ไร่,6,table,s1,1161,พืช ปาล์มน้ำมัน จังหวัด อุบลราชธานี ระดับความเหมาะสม s1 มีเนื้อที่ 1161 ไร่
พื้นที่ความเหมาะสมพืชรายจังหวัด,-13-pdf (1).pdf,crop_suitability_by_province,มะพร้าว,กระบี่,ไร่,19,table,s1,88,พืช มะพร้าว จังหวัด กระบี่ ระดับความเหมาะสม s1 มีเนื้อที่ 88 ไร่
พื้นที่ความเหมาะสมพืชรายจังหวัด,-13-pdf (1).pdf,crop_suitability_by_province,มะพร้าว,จันทบุรี,ไร่,19,table,s1,51,พืช มะพร้าว จังหวัด จันทบุรี ระดับความเหมาะสม s1 มีเนื้อที่ 51 ไร่
พื้นที่ความเหมาะสมพืชรายจังหวัด,-13-pdf (1).pdf,crop_suitability_by_province,มะพร้าว,ชุมพร,ไร่,19,table,s1,8035,พืช มะพร้าว จังหวัด ชุมพร ระดับความเหมาะสม s1 มีเนื้อที่ 8035 ไร่
พื้นที่ความเหมาะสมพืชรายจังหวัด,-13-pdf (1).pdf,crop_suitability_by_province,มะพร้าว,ตรัง,ไร่,19,table,s1,12,พืช มะพร้าว จังหวัด ตรัง ระดับความเหมาะสม s1 มีเนื้อที่ 12 ไร่
พื้นที่ความเหมาะสมพืชรายจังหวัด,-13-pdf (1).pdf,crop_suitability_by_province,มะพร้าว,นครปฐม,ไร่,18,table,s1,6305,พืช มะพร้าว จังหวัด นครปฐม ระดับความเหมาะสม s1 มีเนื้อที่ 6305 ไร่
พื้นที่ความเหมาะสมพืชรายจังหวัด,-13-pdf (1).pdf,crop_suitability_by_province,มะพร้าว,นครพนม,ไร่,18,table,s1,31,พืช มะพร้าว จังหวัด นครพนม ระดับความเหมาะสม s1 มีเนื้อที่ 31 ไร่
พื้นที่ความเหมาะสมพืชรายจังหวัด,-13-pdf (1).pdf,crop_suitability_by_province,มะพร้าว,นครศรีธรรมราช,ไร่,19,table,s1,6904,พืช มะพร้าว จังหวัด นครศรีธรรมราช ระดับความเหมาะสม s1 มีเนื้อที่ 6904 ไร่
พื้นที่ความเหมาะสมพืชรายจังหวัด,-13-pdf (1).pdf,crop_suitability_by_province,มะพร้าว,นราธิวาส,ไร่,19,table,s1,701,พืช มะพร้าว จังหวัด นราธิวาส ระดับความเหมาะสม s1 มีเนื้อที่ 701 ไร่
พื้นที่ความเหมาะสมพืชรายจังหวัด,-13-pdf (1).pdf,crop_suitability_by_province,มะพร้าว,บึงกาฬ,ไร่,18,table,s1,5,พืช มะพร้าว จังหวัด บึงกาฬ ระดับความเหมาะสม s1 มีเนื้อที่ 5 ไร่
พื้นที่ความเหมาะสมพืชรายจังหวัด,-13-pdf (1).pdf,crop_suitability_by_province,มะพร้าว,ปัตตานี,ไร่,19,table,s1,2301,พืช มะพร้าว จังหวัด ปัตตานี ระดับความเหมาะสม s1 มีเนื้อที่ 2301 ไร่
พื้นที่ความเหมาะสมพืชรายจังหวัด,-13-pdf (1).pdf,crop_suitability_by_province,มะพร้าว,พังงา,ไร่,19,table,s1,15,พืช มะพร้าว จังหวัด พังงา ระดับความเหมาะสม s1 มีเนื้อที่ 15 ไร่
พื้นที่ความเหมาะสมพืชรายจังหวัด,-13-pdf (1).pdf,crop_suitability_by_province,มะพร้าว,พัทลุง,ไร่,19,table,s1,72,พืช มะพร้าว จังหวัด พัทลุง ระดับความเหมาะสม s1 มีเนื้อที่ 72 ไร่
พื้นที่ความเหมาะสมพืชรายจังหวัด,-13-pdf (1).pdf,crop_suitability_by_province,มะพร้าว,ยะลา,ไร่,19,table,s1,276,พืช มะพร้าว จังหวัด ยะลา ระดับความเหมาะสม s1 มีเนื้อที่ 276 ไร่
พื้นที่ความเหมาะสมพืชรายจังหวัด,-13-pdf (1).pdf,crop_suitability_by_province,มะพร้าว,ระนอง,ไร่,19,table,s1,20,พืช มะพร้าว จังหวัด ระนอง ระดับความเหมาะสม s1 มีเนื้อที่ 20 ไร่
พื้นที่ความเหมาะสมพืชรายจังหวัด,-13-pdf (1).pdf,crop_suitability_by_province,มะพร้าว,ราชบุรี,ไร่,18,table,s1,77160,พืช มะพร้าว จังหวัด ราชบุรี ระดับความเหมาะสม s1 มีเนื้อที่ 77160 ไร่
พื้นที่ความเหมาะสมพืชรายจังหวัด,-13-pdf (1).pdf,crop_suitability_by_province,มะพร้าว,สงขลา,ไร่,19,table,s1,171,พืช มะพร้าว จังหวัด สงขลา ระดับความเหมาะสม s1 มีเนื้อที่ 171 ไร่
พื้นที่ความเหมาะสมพืชรายจังหวัด,-13-pdf (1).pdf,crop_suitability_by_province,มะพร้าว,สตูล,ไร่,19,table,s1,139,พืช มะพร้าว จังหวัด สตูล ระดับความเหมาะสม s1 มีเนื้อที่ 139 ไร่
พื้นที่ความเหมาะสมพืชรายจังหวัด,-13-pdf (1).pdf,crop_suitability_by_province,มะพร้าว,สมุทรสงคราม,ไร่,18,table,s1,33686,พืช มะพร้าว จังหวัด สมุทรสงคราม ระดับความเหมาะสม s1 มีเนื้อที่ 33686 ไร่
พื้นที่ความเหมาะสมพืชรายจังหวัด,-13-pdf (1).pdf,crop_suitability_by_province,มะพร้าว,สมุทรสาคร,ไร่,18,table,s1,45731,พืช มะพร้าว จังหวัด สมุทรสาคร ระดับความเหมาะสม s1 มีเนื้อที่ 45731 ไร่
พื้นที่ความเหมาะสมพืชรายจังหวัด,-13-pdf (1).pdf,crop_suitability_by_province,มะพร้าว,สุราษฎร์ธานี,ไร่,19,table,s1,1211,พืช มะพร้าว จังหวัด สุราษฎร์ธานี ระดับความเหมาะสม s1 มีเนื้อที่ 1211 ไร่
พื้นที่ความเหมาะสมพืชรายจังหวัด,-13-pdf (1).pdf,crop_suitability_by_province,มะพร้าว,อุบลราชธานี,ไร่,18,table,s1,5,พืช มะพร้าว จังหวัด อุบลราชธานี ระดับความเหมาะสม s1 มีเนื้อที่ 5 ไร่
พื้นที่ความเหมาะสมพืชรายจังหวัด,-13-pdf (1).pdf,crop_suitability_by_province,มังคุด,กระบี่,ไร่,17,table,s1,4,พืช มังคุด จังหวัด กระบี่ ระดับความเหมาะสม s1 มีเนื้อที่ 4 ไร่
พื้นที่ความเหมาะสมพืชรายจังหวัด,-13-pdf (1).pdf,crop_suitability_by_province,มังคุด,จันทบุรี,ไร่,17,table,s1,127093,พืช มังคุด จังหวัด จันทบุรี ระดับความเหมาะสม s1 มีเนื้อที่ 127093 ไร่
พื้นที่ความเหมาะสมพืชรายจังหวัด,-13-pdf (1).pdf,crop_suitability_by_province,มังคุด,ชลบุรี,ไร่,17,table,s1,63,พืช มังคุด จังหวัด ชลบุรี ระดับความเหมาะสม s1 มีเนื้อที่ 63 ไร่
พื้นที่ความเหมาะสมพืชรายจังหวัด,-13-pdf (1).pdf,crop_suitability_by_province,มังคุด,ชุมพร,ไร่,17,table,s1,43779,พืช มังคุด จังหวัด ชุมพร ระดับความเหมาะสม s1 มีเนื้อที่ 43779 ไร่
พื้นที่ความเหมาะสมพืชรายจังหวัด,-13-pdf (1).pdf,crop_suitability_by_province,มังคุด,ตรัง,ไร่,17,table,s1,3506,พืช มังคุด จังหวัด ตรัง ระดับความเหมาะสม s1 มีเนื้อที่ 3506 ไร่
พื้นที่ความเหมาะสมพืชรายจังหวัด,-13-pdf (1).pdf,crop_suitability_by_province,มังคุด,นครศรีธรรมราช,ไร่,17,table,s1,119123,พืช มังคุด จังหวัด นครศรีธรรมราช ระดับความเหมาะสม s1 มีเนื้อที่ 119123 ไร่
พื้นที่ความเหมาะสมพืชรายจังหวัด,-13-pdf (1).pdf,crop_suitability_by_province,มังคุด,นราธิวาส,ไร่,17,table,s1,6174,พืช มังคุด จังหวัด นราธิวาส ระดับความเหมาะสม s1 มีเนื้อที่ 6174 ไร่
พื้นที่ความเหมาะสมพืชรายจังหวัด,-13-pdf (1).pdf,crop_suitability_by_province,มังคุด,ปัตตานี,ไร่,17,table,s1,23,พืช มังคุด จังหวัด ปัตตานี ระดับความเหมาะสม s1 มีเนื้อที่ 23 ไร่
พื้นที่ความเหมาะสมพืชรายจังหวัด,-13-pdf (1).pdf,crop_suitability_by_province,มังคุด,พังงา,ไร่,17,table,s1,228,พืช มังคุด จังหวัด พังงา ระดับความเหมาะสม s1 มีเนื้อที่ 228 ไร่
พื้นที่ความเหมาะสมพืชรายจังหวัด,-13-pdf (1).pdf,crop_suitability_by_province,มังคุด,พัทลุง,ไร่,17,table,s1,41876,พืช มังคุด จังหวัด พัทลุง ระดับความเหมาะสม s1 มีเนื้อที่ 41876 ไร่
พื้นที่ความเหมาะสมพืชรายจังหวัด,-13-pdf (1).pdf,crop_suitability_by_province,มังคุด,ยะลา,ไร่,17,table,s1,36,พืช มังคุด จังหวัด ยะลา ระดับความเหมาะสม s1 มีเนื้อที่ 36 ไร่
พื้นที่ความเหมาะสมพืชรายจังหวัด,-13-pdf (1).pdf,crop_suitability_by_province,มังคุด,ระนอง,ไร่,17,table,s1,1124,พืช มังคุด จังหวัด ระนอง ระดับความเหมาะสม s1 มีเนื้อที่ 1124 ไร่
พื้นที่ความเหมาะสมพืชรายจังหวัด,-13-pdf (1).pdf,crop_suitability_by_province,มังคุด,ระยอง,ไร่,17,table,s1,3439,พืช มังคุด จังหวัด ระยอง ระดับความเหมาะสม s1 มีเนื้อที่ 3439 ไร่
พื้นที่ความเหมาะสมพืชรายจังหวัด,-13-pdf (1).pdf,crop_suitability_by_province,มังคุด,สงขลา,ไร่,17,table,s1,32867,พืช มังคุด จังหวัด สงขลา ระดับความเหมาะสม s1 มีเนื้อที่ 32867 ไร่
พื้นที่ความเหมาะสมพืชรายจังหวัด,-13-pdf (1).pdf,crop_suitability_by_province,มังคุด,สตูล,ไร่,17,table,s1,12,พืช มังคุด จังหวัด สตูล ระดับความเหมาะสม s1 มีเนื้อที่ 12 ไร่
พื้นที่ความเหมาะสมพืชรายจังหวัด,-13-pdf (1).pdf,crop_suitability_by_province,มังคุด,สุราษฎร์ธานี,ไร่,17,table,s1,22539,พืช มังคุด จังหวัด สุราษฎร์ธานี ระดับความเหมาะสม s1 มีเนื้อที่ 22539 ไร่
พื้นที่ความเหมาะสมพืชรายจังหวัด,-13-pdf (1).pdf,crop_suitability_by_province,มังคุด,อุบลราชธานี,ไร่,17,table,s1,1,พืช มังคุด จังหวัด อุบลราชธานี ระดับความเหมาะสม s1 มีเนื้อที่ 1 ไร่
พื้นที่ความเหมาะสมพืชรายจังหวัด,-13-pdf (1).pdf,crop_suitability_by_province,มันสำปะหลัง,กาญจนบุรี,ไร่,3,table,s1,51328,พืช มันสำปะหลัง จังหวัด กาญจนบุรี ระดับความเหมาะสม s1 มีเนื้อที่ 51328 ไร่
พื้นที่ความเหมาะสมพืชรายจังหวัด,-13-pdf (1).pdf,crop_suitability_by_province,มันสำปะหลัง,กาฬสินธุ์,ไร่,3,table,s1,16744,พืช มันสำปะหลัง จังหวัด กาฬสินธุ์ ระดับความเหมาะสม s1 มีเนื้อที่ 16744 ไร่
พื้นที่ความเหมาะสมพืชรายจังหวัด,-13-pdf (1).pdf,crop_suitability_by_province,มันสำปะหลัง,กำแพงเพชร,ไร่,3,table,s1,232676,พืช มันสำปะหลัง จังหวัด กำแพงเพชร ระดับความเหมาะสม s1 มีเนื้อที่ 232676 ไร่
พื้นที่ความเหมาะสมพืชรายจังหวัด,-13-pdf (1).pdf,crop_suitability_by_province,มันสำปะหลัง,ขอนแก่น,ไร่,3,table,s1,4985,พืช มันสำปะหลัง จังหวัด ขอนแก่น ระดับความเหมาะสม s1 มีเนื้อที่ 4985 ไร่
พื้นที่ความเหมาะสมพืชรายจังหวัด,-13-pdf (1).pdf,crop_suitability_by_province,มันสำปะหลัง,จันทบุรี,ไร่,4,table,s1,3039,พืช มันสำปะหลัง จังหวัด จันทบุรี ระดับความเหมาะสม s1 มีเนื้อที่ 3039 ไร่
พื้นที่ความเหมาะสมพืชรายจังหวัด,-13-pdf (1).pdf,crop_suitability_by_province,มันสำปะหลัง,ฉะเชิงเทรา,ไร่,4,table,s1,6553,พืช มันสำปะหลัง จังหวัด ฉะเชิงเทรา ระดับความเหมาะสม s1 มีเนื้อที่ 6553 ไร่
พื้นที่ความเหมาะสมพืชรายจังหวัด,-13-pdf (1).pdf,crop_suitability_by_province,มันสำปะหลัง,ชลบุรี,ไร่,4,table,s1,48377,พืช มันสำปะหลัง จังหวัด ชลบุรี ระดับความเหมาะสม s1 มีเนื้อที่ 48377 ไร่
พื้นที่ความเหมาะสมพืชรายจังหวัด,-13-pdf (1).pdf,crop_suitability_by_province,มันสำปะหลัง,ชัยนาท,ไร่,3,table,s1,564,พืช มันสำปะหลัง จังหวัด ชัยนาท ระดับความเหมาะสม s1 มีเนื้อที่ 564 ไร่
พื้นที่ความเหมาะสมพืชรายจังหวัด,-13-pdf (1).pdf,crop_suitability_by_province,มันสำปะหลัง,ชัยภูมิ,ไร่,3,table,s1,3709,พืช มันสำปะหลัง จังหวัด ชัยภูมิ ระดับความเหมาะสม s1 มีเนื้อที่ 3709 ไร่
พื้นที่ความเหมาะสมพืชรายจังหวัด,-13-pdf (1).pdf,crop_suitability_by_province,มันสำปะหลัง,ตาก,ไร่,3,table,s1,6898,พืช มันสำปะหลัง จังหวัด ตาก ระดับความเหมาะสม s1 มีเนื้อที่ 6898 ไร่
พื้นที่ความเหมาะสมพืชรายจังหวัด,-13-pdf (1).pdf,crop_suitability_by_province,มันสำปะหลัง,นครนายก,ไร่,3,table,s1,746,พืช มันสำปะหลัง จังหวัด นครนายก ระดับความเหมาะสม s1 มีเนื้อที่ 746 ไร่
พื้นที่ความเหมาะสมพืชรายจังหวัด,-13-pdf (1).pdf,crop_suitability_by_province,มันสำปะหลัง,นครปฐม,ไร่,3,table,s1,26,พืช มันสำปะหลัง จังหวัด นครปฐม ระดับความเหมาะสม s1 มีเนื้อที่ 26 ไร่
พื้นที่ความเหมาะสมพืชรายจังหวัด,-13-pdf (1).pdf,crop_suitability_by_province,มันสำปะหลัง,นครพนม,ไร่,3,table,s1,466,พืช มันสำปะหลัง จังหวัด นครพนม ระดับความเหมาะสม s1 มีเนื้อที่ 466 ไร่
พื้นที่ความเหมาะสมพืชรายจังหวัด,-13-pdf (1).pdf,crop_suitability_by_province,มันสำปะหลัง,นครราชสีมา,ไร่,3,table,s1,24813,พืช มันสำปะหลัง จังหวัด นครราชสีมา ระดับความเหมาะสม s1 มีเนื้อที่ 24813 ไร่
พื้นที่ความเหมาะสมพืชรายจังหวัด,-13-pdf (1).pdf,crop_suitability_by_province,มันสำปะหลัง,นครสวรรค์,ไร่,3,table,s1,41061,พืช มันสำปะหลัง จังหวัด นครสวรรค์ ระดับความเหมาะสม s1 มีเนื้อที่ 41061 ไร่
พื้นที่ความเหมาะสมพืชรายจังหวัด,-13-pdf (1).pdf,crop_suitability_by_province,มันสำปะหลัง,น่าน,ไร่,3,table,s1,70,พืช มันสำปะหลัง จังหวัด น่าน ระดับความเหมาะสม s1 มีเนื้อที่ 70 ไร่
พื้นที่ความเหมาะสมพืชรายจังหวัด,-13-pdf (1).pdf,crop_suitability_by_province,มันสำปะหลัง,บุรีรัมย์,ไร่,3,table,s1,16589,พืช มันสำปะหลัง จังหวัด บุรีรัมย์ ระดับความเหมาะสม s1 มีเนื้อที่ 16589 ไร่
พื้นที่ความเหมาะสมพืชรายจังหวัด,-13-pdf (1).pdf,crop_suitability_by_province,มันสำปะหลัง,ประจวบคีรีขันธ์,ไร่,3,table,s1,12,พืช มันสำปะหลัง จังหวัด ประจวบคีรีขันธ์ ระดับความเหมาะสม s1 มีเนื้อที่ 12 ไร่
พื้นที่ความเหมาะสมพืชรายจังหวัด,-13-pdf (1).pdf,crop_suitability_by_province,มันสำปะหลัง,ปราจีนบุรี,ไร่,4,table,s1,10055,พืช มันสำปะหลัง จังหวัด ปราจีนบุรี ระดับความเหมาะสม s1 มีเนื้อที่ 10055 ไร่
พื้นที่ความเหมาะสมพืชรายจังหวัด,-13-pdf (1).pdf,crop_suitability_by_province,มันสำปะหลัง,พะเยา,ไร่,3,table,s1,1715,พืช มันสำปะหลัง จังหวัด พะเยา ระดับความเหมาะสม s1 มีเนื้อที่ 1715 ไร่
พื้นที่ความเหมาะสมพืชรายจังหวัด,-13-pdf (1).pdf,crop_suitability_by_province,มันสำปะหลัง,พิจิตร,ไร่,3,table,s1,10623,พืช มันสำปะหลัง จังหวัด พิจิตร ระดับความเหมาะสม s1 มีเนื้อที่ 10623 ไร่
พื้นที่ความเหมาะสมพืชรายจังหวัด,-13-pdf (1).pdf,crop_suitability_by_province,มันสำปะหลัง,พิษณุโลก,ไร่,3,table,s1,68797,พืช มันสำปะหลัง จังหวัด พิษณุโลก ระดับความเหมาะสม s1 มีเนื้อที่ 68797 ไร่
พื้นที่ความเหมาะสมพืชรายจังหวัด,-13-pdf (1).pdf,crop_suitability_by_province,มันสำปะหลัง,มหาสารคาม,ไร่,3,table,s1,4620,พืช มันสำปะหลัง จังหวัด มหาสารคาม ระดับความเหมาะสม s1 มีเนื้อที่ 4620 ไร่
พื้นที่ความเหมาะสมพืชรายจังหวัด,-13-pdf (1).pdf,crop_suitability_by_province,มันสำปะหลัง,มุกดาหาร,ไร่,3,table,s1,340,พืช มันสำปะหลัง จังหวัด มุกดาหาร ระดับความเหมาะสม s1 มีเนื้อที่ 340 ไร่
พื้นที่ความเหมาะสมพืชรายจังหวัด,-13-pdf (1).pdf,crop_suitability_by_province,มันสำปะหลัง,ยโสธร,ไร่,3,table,s1,10221,พืช มันสำปะหลัง จังหวัด ยโสธร ระดับความเหมาะสม s1 มีเนื้อที่ 10221 ไร่
พื้นที่ความเหมาะสมพืชรายจังหวัด,-13-pdf (1).pdf,crop_suitability_by_province,มันสำปะหลัง,ระยอง,ไร่,4,table,s1,8560,พืช มันสำปะหลัง จังหวัด ระยอง ระดับความเหมาะสม s1 มีเนื้อที่ 8560 ไร่
พื้นที่ความเหมาะสมพืชรายจังหวัด,-13-pdf (1).pdf,crop_suitability_by_province,มันสำปะหลัง,ราชบุรี,ไร่,3,table,s1,369,พืช มันสำปะหลัง จังหวัด ราชบุรี ระดับความเหมาะสม s1 มีเนื้อที่ 369 ไร่
พื้นที่ความเหมาะสมพืชรายจังหวัด,-13-pdf (1).pdf,crop_suitability_by_province,มันสำปะหลัง,ร้อยเอ็ด,ไร่,3,table,s1,10717,พืช มันสำปะหลัง จังหวัด ร้อยเอ็ด ระดับความเหมาะสม s1 มีเนื้อที่ 10717 ไร่
พื้นที่ความเหมาะสมพืชรายจังหวัด,-13-pdf (1).pdf,crop_suitability_by_province,มันสำปะหลัง,ลพบุรี,ไร่,3,table,s1,38830,พืช มันสำปะหลัง จังหวัด ลพบุรี ระดับความเหมาะสม s1 มีเนื้อที่ 38830 ไร่
พื้นที่ความเหมาะสมพืชรายจังหวัด,-13-pdf (1).pdf,crop_suitability_by_province,มันสำปะหลัง,ลำปาง,ไร่,3,table,s1,4,พืช มันสำปะหลัง จังหวัด ลำปาง ระดับความเหมาะสม s1 มีเนื้อที่ 4 ไร่
พื้นที่ความเหมาะสมพืชรายจังหวัด,-13-pdf (1).pdf,crop_suitability_by_province,มันสำปะหลัง,ศรีสะเกษ,ไร่,3,table,s1,948,พืช มันสำปะหลัง จังหวัด ศรีสะเกษ ระดับความเหมาะสม s1 มีเนื้อที่ 948 ไร่
พื้นที่ความเหมาะสมพืชรายจังหวัด,-13-pdf (1).pdf,crop_suitability_by_province,มันสำปะหลัง,สกลนคร,ไร่,3,table,s1,661,พืช มันสำปะหลัง จังหวัด สกลนคร ระดับความเหมาะสม s1 มีเนื้อที่ 661 ไร่
พื้นที่ความเหมาะสมพืชรายจังหวัด,-13-pdf (1).pdf,crop_suitability_by_province,มันสำปะหลัง,สระบุรี,ไร่,3,table,s1,9279,พืช มันสำปะหลัง จังหวัด สระบุรี ระดับความเหมาะสม s1 มีเนื้อที่ 9279 ไร่
พื้นที่ความเหมาะสมพืชรายจังหวัด,-13-pdf (1).pdf,crop_suitability_by_province,มันสำปะหลัง,สระแก้ว,ไร่,4,table,s1,35918,พืช มันสำปะหลัง จังหวัด สระแก้ว ระดับความเหมาะสม s1 มีเนื้อที่ 35918 ไร่
พื้นที่ความเหมาะสมพืชรายจังหวัด,-13-pdf (1).pdf,crop_suitability_by_province,มันสำปะหลัง,สุพรรณบุรี,ไร่,3,table,s1,1736,พืช มันสำปะหลัง จังหวัด สุพรรณบุรี ระดับความเหมาะสม s1 มีเนื้อที่ 1736 ไร่
พื้นที่ความเหมาะสมพืชรายจังหวัด,-13-pdf (1).pdf,crop_suitability_by_province,มันสำปะหลัง,สุรินทร์,ไร่,3,table,s1,2325,พืช มันสำปะหลัง จังหวัด สุรินทร์ ระดับความเหมาะสม s1 มีเนื้อที่ 2325 ไร่
พื้นที่ความเหมาะสมพืชรายจังหวัด,-13-pdf (1).pdf,crop_suitability_by_province,มันสำปะหลัง,สุโขทัย,ไร่,3,table,s1,3466,พืช มันสำปะหลัง จังหวัด สุโขทัย ระดับความเหมาะสม s1 มีเนื้อที่ 3466 ไร่
พื้นที่ความเหมาะสมพืชรายจังหวัด,-13-pdf (1).pdf,crop_suitability_by_province,มันสำปะหลัง,หนองคาย,ไร่,3,table,s1,99,พืช มันสำปะหลัง จังหวัด หนองคาย ระดับความเหมาะสม s1 มีเนื้อที่ 99 ไร่
พื้นที่ความเหมาะสมพืชรายจังหวัด,-13-pdf (1).pdf,crop_suitability_by_province,มันสำปะหลัง,หนองบัวลำภู,ไร่,3,table,s1,10101,พืช มันสำปะหลัง จังหวัด หนองบัวลำภู ระดับความเหมาะสม s1 มีเนื้อที่ 10101 ไร่
พื้นที่ความเหมาะสมพืชรายจังหวัด,-13-pdf (1).pdf,crop_suitability_by_province,มันสำปะหลัง,อำนาจเจริญ,ไร่,3,table,s1,5009,พืช มันสำปะหลัง จังหวัด อำนาจเจริญ ระดับความเหมาะสม s1 มีเนื้อที่ 5009 ไร่
พื้นที่ความเหมาะสมพืชรายจังหวัด,-13-pdf (1).pdf,crop_suitability_by_province,มันสำปะหลัง,อุดรธานี,ไร่,3,table,s1,53193,พืช มันสำปะหลัง จังหวัด อุดรธานี ระดับความเหมาะสม s1 มีเนื้อที่ 53193 ไร่
พื้นที่ความเหมาะสมพืชรายจังหวัด,-13-pdf (1).pdf,crop_suitability_by_province,มันสำปะหลัง,อุตรดิตถ์,ไร่,3,table,s1,6473,พืช มันสำปะหลัง จังหวัด อุตรดิตถ์ ระดับความเหมาะสม s1 มีเนื้อที่ 6473 ไร่
พื้นที่ความเหมาะสมพืชรายจังหวัด,-13-pdf (1).pdf,crop_suitability_by_province,มันสำปะหลัง,อุทัยธานี,ไร่,3,table,s1,17286,พืช มันสำปะหลัง จังหวัด อุทัยธานี ระดับความเหมาะสม s1 มีเนื้อที่ 17286 ไร่
พื้นที่ความเหมาะสมพืชรายจังหวัด,-13-pdf (1).pdf,crop_suitability_by_province,มันสำปะหลัง,อุบลราชธานี,ไร่,3,table,s1,315,พืช มันสำปะหลัง จังหวัด อุบลราชธานี ระดับความเหมาะสม s1 มีเนื้อที่ 315 ไร่
พื้นที่ความเหมาะสมพืชรายจังหวัด,-13-pdf (1).pdf,crop_suitability_by_province,มันสำปะหลัง,เชียงราย,ไร่,3,table,s1,262,พืช มันสำปะหลัง จังหวัด เชียงราย ระดับความเหมาะสม s1 มีเนื้อที่ 262 ไร่
พื้นที่ความเหมาะสมพืชรายจังหวัด,-13-pdf (1).pdf,crop_suitability_by_province,มันสำปะหลัง,เชียงใหม่,ไร่,3,table,s1,221,พืช มันสำปะหลัง จังหวัด เชียงใหม่ ระดับความเหมาะสม s1 มีเนื้อที่ 221 ไร่
พื้นที่ความเหมาะสมพืชรายจังหวัด,-13-pdf (1).pdf,crop_suitability_by_province,มันสำปะหลัง,เพชรบุรี,ไร่,3,table,s1,1,พืช มันสำปะหลัง จังหวัด เพชรบุรี ระดับความเหมาะสม s1 มีเนื้อที่ 1 ไร่
พื้นที่ความเหมาะสมพืชรายจังหวัด,-13-pdf (1).pdf,crop_suitability_by_province,มันสำปะหลัง,เพชรบูรณ์,ไร่,3,table,s1,34988,พืช มันสำปะหลัง จังหวัด เพชรบูรณ์ ระดับความเหมาะสม s1 มีเนื้อที่ 34988 ไร่
พื้นที่ความเหมาะสมพืชรายจังหวัด,-13-pdf (1).pdf,crop_suitability_by_province,มันสำปะหลัง,เลย,ไร่,3,table,s1,51988,พืช มันสำปะหลัง จังหวัด เลย ระดับความเหมาะสม s1 มีเนื้อที่ 51988 ไร่
พื้นที่ความเหมาะสมพืชรายจังหวัด,-13-pdf (1).pdf,crop_suitability_by_province,มันสำปะหลัง,แพร่,ไร่,3,table,s1,890,พืช มันสำปะหลัง จังหวัด แพร่ ระดับความเหมาะสม s1 มีเนื้อที่ 890 ไร่
พื้นที่ความเหมาะสมพืชรายจังหวัด,-13-pdf (1).pdf,crop_suitability_by_province,ยางพารา,กระบี่,ไร่,22,table,s1,297067,พืช ยางพารา จังหวัด กระบี่ ระดับความเหมาะสม s1 มีเนื้อที่ 297067 ไร่
พื้นที่ความเหมาะสมพืชรายจังหวัด,-13-pdf (1).pdf,crop_suitability_by_province,ยางพารา,กาญจนบุรี,ไร่,21,table,s1,24639,พืช ยางพารา จังหวัด กาญจนบุรี ระดับความเหมาะสม s1 มีเนื้อที่ 24639 ไร่
พื้นที่ความเหมาะสมพืชรายจังหวัด,-13-pdf (1).pdf,crop_suitability_by_province,ยางพารา,กาฬสินธุ์,ไร่,21,table,s1,479,พืช ยางพารา จังหวัด กาฬสินธุ์ ระดับความเหมาะสม s1 มีเนื้อที่ 479 ไร่
พื้นที่ความเหมาะสมพืชรายจังหวัด,-13-pdf (1).pdf,crop_suitability_by_province,ยางพารา,ขอนแก่น,ไร่,21,table,s1,128,พืช ยางพารา จังหวัด ขอนแก่น ระดับความเหมาะสม s1 มีเนื้อที่ 128 ไร่
พื้นที่ความเหมาะสมพืชรายจังหวัด,-13-pdf (1).pdf,crop_suitability_by_province,ยางพารา,จันทบุรี,ไร่,22,table,s1,50065,พืช ยางพารา จังหวัด จันทบุรี ระดับความเหมาะสม s1 มีเนื้อที่ 50065 ไร่
พื้นที่ความเหมาะสมพืชรายจังหวัด,-13-pdf (1).pdf,crop_suitability_by_province,ยางพารา,ฉะเชิงเทรา,ไร่,22,table,s1,4955,พืช ยางพารา จังหวัด ฉะเชิงเทรา ระดับความเหมาะสม s1 มีเนื้อที่ 4955 ไร่
พื้นที่ความเหมาะสมพืชรายจังหวัด,-13-pdf (1).pdf,crop_suitability_by_province,ยางพารา,ชลบุรี,ไร่,22,table,s1,4463,พืช ยางพารา จังหวัด ชลบุรี ระดับความเหมาะสม s1 มีเนื้อที่ 4463 ไร่
พื้นที่ความเหมาะสมพืชรายจังหวัด,-13-pdf (1).pdf,crop_suitability_by_province,ยางพารา,ชัยภูมิ,ไร่,21,table,s1,26,พืช ยางพารา จังหวัด ชัยภูมิ ระดับความเหมาะสม s1 มีเนื้อที่ 26 ไร่
พื้นที่ความเหมาะสมพืชรายจังหวัด,-13-pdf (1).pdf,crop_suitability_by_province,ยางพารา,ชุมพร,ไร่,22,table,s1,75049,พืช ยางพารา จังหวัด ชุมพร ระดับความเหมาะสม s1 มีเนื้อที่ 75049 ไร่
พื้นที่ความเหมาะสมพืชรายจังหวัด,-13-pdf (1).pdf,crop_suitability_by_province,ยางพารา,ตรัง,ไร่,22,table,s1,494195,พืช ยางพารา จังหวัด ตรัง ระดับความเหมาะสม s1 มีเนื้อที่ 494195 ไร่
พื้นที่ความเหมาะสมพืชรายจังหวัด,-13-pdf (1).pdf,crop_suitability_by_province,ยางพารา,ตราด,ไร่,22,table,s1,8717,พืช ยางพารา จังหวัด ตราด ระดับความเหมาะสม s1 มีเนื้อที่ 8717 ไร่
พื้นที่ความเหมาะสมพืชรายจังหวัด,-13-pdf (1).pdf,crop_suitability_by_province,ยางพารา,นครนายก,ไร่,21,table,s1,52,พืช ยางพารา จังหวัด นครนายก ระดับความเหมาะสม s1 มีเนื้อที่ 52 ไร่
พื้นที่ความเหมาะสมพืชรายจังหวัด,-13-pdf (1).pdf,crop_suitability_by_province,ยางพารา,นครปฐม,ไร่,21,table,s1,34,พืช ยางพารา จังหวัด นครปฐม ระดับความเหมาะสม s1 มีเนื้อที่ 34 ไร่
พื้นที่ความเหมาะสมพืชรายจังหวัด,-13-pdf (1).pdf,crop_suitability_by_province,ยางพารา,นครพนม,ไร่,21,table,s1,22307,พืช ยางพารา จังหวัด นครพนม ระดับความเหมาะสม s1 มีเนื้อที่ 22307 ไร่
พื้นที่ความเหมาะสมพืชรายจังหวัด,-13-pdf (1).pdf,crop_suitability_by_province,ยางพารา,นครราชสีมา,ไร่,21,table,s1,64,พืช ยางพารา จังหวัด นครราชสีมา ระดับความเหมาะสม s1 มีเนื้อที่ 64 ไร่
พื้นที่ความเหมาะสมพืชรายจังหวัด,-13-pdf (1).pdf,crop_suitability_by_province,ยางพารา,นครศรีธรรมราช,ไร่,22,table,s1,676303,พืช ยางพารา จังหวัด นครศรีธรรมราช ระดับความเหมาะสม s1 มีเนื้อที่ 676303 ไร่
พื้นที่ความเหมาะสมพืชรายจังหวัด,-13-pdf (1).pdf,crop_suitability_by_province,ยางพารา,นราธิวาส,ไร่,22,table,s1,262357,พืช ยางพารา จังหวัด นราธิวาส ระดับความเหมาะสม s1 มีเนื้อที่ 262357 ไร่
พื้นที่ความเหมาะสมพืชรายจังหวัด,-13-pdf (1).pdf,crop_suitability_by_province,ยางพารา,น่าน,ไร่,21,table,s1,1727,พืช ยางพารา จังหวัด น่าน ระดับความเหมาะสม s1 มีเนื้อที่ 1727 ไร่
พื้นที่ความเหมาะสมพืชรายจังหวัด,-13-pdf (1).pdf,crop_suitability_by_province,ยางพารา,บึงกาฬ,ไร่,21,table,s1,17950,พืช ยางพารา จังหวัด บึงกาฬ ระดับความเหมาะสม s1 มีเนื้อที่ 17950 ไร่
พื้นที่ความเหมาะสมพืชรายจังหวัด,-13-pdf (1).pdf,crop_suitability_by_province,ยางพารา,บุรีรัมย์,ไร่,21,table,s1,95,พืช ยางพารา จังหวัด บุรีรัมย์ ระดับความเหมาะสม s1 มีเนื้อที่ 95 ไร่
พื้นที่ความเหมาะสมพืชรายจังหวัด,-13-pdf (1).pdf,crop_suitability_by_province,ยางพารา,ประจวบคีรีขันธ์,ไร่,22,table,s1,37476,พืช ยางพารา จังหวัด ประจวบคีรีขันธ์ ระดับความเหมาะสม s1 มีเนื้อที่ 37476 ไร่
พื้นที่ความเหมาะสมพืชรายจังหวัด,-13-pdf (1).pdf,crop_suitability_by_province,ยางพารา,ปราจีนบุรี,ไร่,22,table,s1,704,พืช ยางพารา จังหวัด ปราจีนบุรี ระดับความเหมาะสม s1 มีเนื้อที่ 704 ไร่
พื้นที่ความเหมาะสมพืชรายจังหวัด,-13-pdf (1).pdf,crop_suitability_by_province,ยางพารา,ปัตตานี,ไร่,22,table,s1,141351,พืช ยางพารา จังหวัด ปัตตานี ระดับความเหมาะสม s1 มีเนื้อที่ 141351 ไร่
พื้นที่ความเหมาะสมพืชรายจังหวัด,-13-pdf (1).pdf,crop_suitability_by_province,ยางพารา,พะเยา,ไร่,21,table,s1,14188,พืช ยางพารา จังหวัด พะเยา ระดับความเหมาะสม s1 มีเนื้อที่ 14188 ไร่
พื้นที่ความเหมาะสมพืชรายจังหวัด,-13-pdf (1).pdf,crop_suitability_by_province,ยางพารา,พังงา,ไร่,22,table,s1,13241,พืช ยางพารา จังหวัด พังงา ระดับความเหมาะสม s1 มีเนื้อที่ 13241 ไร่
พื้นที่ความเหมาะสมพืชรายจังหวัด,-13-pdf (1).pdf,crop_suitability_by_province,ยางพารา,พัทลุง,ไร่,22,table,s1,223641,พืช ยางพารา จังหวัด พัทลุง ระดับความเหมาะสม s1 มีเนื้อที่ 223641 ไร่
พื้นที่ความเหมาะสมพืชรายจังหวัด,-13-pdf (1).pdf,crop_suitability_by_province,ยางพารา,พิจิตร,ไร่,21,table,s1,156,พืช ยางพารา จังหวัด พิจิตร ระดับความเหมาะสม s1 มีเนื้อที่ 156 ไร่
พื้นที่ความเหมาะสมพืชรายจังหวัด,-13-pdf (1).pdf,crop_suitability_by_province,ยางพารา,พิษณุโลก,ไร่,21,table,s1,39,พืช ยางพารา จังหวัด พิษณุโลก ระดับความเหมาะสม s1 มีเนื้อที่ 39 ไร่
พื้นที่ความเหมาะสมพืชรายจังหวัด,-13-pdf (1).pdf,crop_suitability_by_province,ยางพารา,ภูเก็ต,ไร่,22,table,s1,19036,พืช ยางพารา จังหวัด ภูเก็ต ระดับความเหมาะสม s1 มีเนื้อที่ 19036 ไร่
พื้นที่ความเหมาะสมพืชรายจังหวัด,-13-pdf (1).pdf,crop_suitability_by_province,ยางพารา,มุกดาหาร,ไร่,21,table,s1,1011,พืช ยางพารา จังหวัด มุกดาหาร ระดับความเหมาะสม s1 มีเนื้อที่ 1011 ไร่
พื้นที่ความเหมาะสมพืชรายจังหวัด,-13-pdf (1).pdf,crop_suitability_by_province,ยางพารา,ยะลา,ไร่,22,table,s1,252807,พืช ยางพารา จังหวัด ยะลา ระดับความเหมาะสม s1 มีเนื้อที่ 252807 ไร่
พื้นที่ความเหมาะสมพืชรายจังหวัด,-13-pdf (1).pdf,crop_suitability_by_province,ยางพารา,ระนอง,ไร่,22,table,s1,5736,พืช ยางพารา จังหวัด ระนอง ระดับความเหมาะสม s1 มีเนื้อที่ 5736 ไร่
พื้นที่ความเหมาะสมพืชรายจังหวัด,-13-pdf (1).pdf,crop_suitability_by_province,ยางพารา,ระยอง,ไร่,22,table,s1,207721,พืช ยางพารา จังหวัด ระยอง ระดับความเหมาะสม s1 มีเนื้อที่ 207721 ไร่
พื้นที่ความเหมาะสมพืชรายจังหวัด,-13-pdf (1).pdf,crop_suitability_by_province,ยางพารา,ราชบุรี,ไร่,22,table,s1,4,พืช ยางพารา จังหวัด ราชบุรี ระดับความเหมาะสม s1 มีเนื้อที่ 4 ไร่
พื้นที่ความเหมาะสมพืชรายจังหวัด,-13-pdf (1).pdf,crop_suitability_by_province,ยางพารา,ลำปาง,ไร่,21,table,s1,327,พืช ยางพารา จังหวัด ลำปาง ระดับความเหมาะสม s1 มีเนื้อที่ 327 ไร่
พื้นที่ความเหมาะสมพืชรายจังหวัด,-13-pdf (1).pdf,crop_suitability_by_province,ยางพารา,ศรีสะเกษ,ไร่,21,table,s1,89038,พืช ยางพารา จังหวัด ศรีสะเกษ ระดับความเหมาะสม s1 มีเนื้อที่ 89038 ไร่
พื้นที่ความเหมาะสมพืชรายจังหวัด,-13-pdf (1).pdf,crop_suitability_by_province,ยางพารา,สกลนคร,ไร่,21,table,s1,25460,พืช ยางพารา จังหวัด สกลนคร ระดับความเหมาะสม s1 มีเนื้อที่ 25460 ไร่
พื้นที่ความเหมาะสมพืชรายจังหวัด,-13-pdf (1).pdf,crop_suitability_by_province,ยางพารา,สงขลา,ไร่,22,table,s1,343972,พืช ยางพารา จังหวัด สงขลา ระดับความเหมาะสม s1 มีเนื้อที่ 343972 ไร่
พื้นที่ความเหมาะสมพืชรายจังหวัด,-13-pdf (1).pdf,crop_suitability_by_province,ยางพารา,สตูล,ไร่,22,table,s1,78106,พืช ยางพารา จังหวัด สตูล ระดับความเหมาะสม s1 มีเนื้อที่ 78106 ไร่
พื้นที่ความเหมาะสมพืชรายจังหวัด,-13-pdf (1).pdf,crop_suitability_by_province,ยางพารา,สระแก้ว,ไร่,22,table,s1,6074,พืช ยางพารา จังหวัด สระแก้ว ระดับความเหมาะสม s1 มีเนื้อที่ 6074 ไร่
พื้นที่ความเหมาะสมพืชรายจังหวัด,-13-pdf (1).pdf,crop_suitability_by_province,ยางพารา,สุราษฎร์ธานี,ไร่,22,table,s1,957023,พืช ยางพารา จังหวัด สุราษฎร์ธานี ระดับความเหมาะสม s1 มีเนื้อที่ 957023 ไร่
พื้นที่ความเหมาะสมพืชรายจังหวัด,-13-pdf (1).pdf,crop_suitability_by_province,ยางพารา,สุรินทร์,ไร่,21,table,s1,251,พืช ยางพารา จังหวัด สุรินทร์ ระดับความเหมาะสม s1 มีเนื้อที่ 251 ไร่
พื้นที่ความเหมาะสมพืชรายจังหวัด,-13-pdf (1).pdf,crop_suitability_by_province,ยางพารา,สุโขทัย,ไร่,21,table,s1,382,พืช ยางพารา จังหวัด สุโขทัย ระดับความเหมาะสม s1 มีเนื้อที่ 382 ไร่
พื้นที่ความเหมาะสมพืชรายจังหวัด,-13-pdf (1).pdf,crop_suitability_by_province,ยางพารา,หนองคาย,ไร่,21,table,s1,21583,พืช ยางพารา จังหวัด หนองคาย ระดับความเหมาะสม s1 มีเนื้อที่ 21583 ไร่
พื้นที่ความเหมาะสมพืชรายจังหวัด,-13-pdf (1).pdf,crop_suitability_by_province,ยางพารา,อำนาจเจริญ,ไร่,21,table,s1,58,พืช ยางพารา จังหวัด อำนาจเจริญ ระดับความเหมาะสม s1 มีเนื้อที่ 58 ไร่
พื้นที่ความเหมาะสมพืชรายจังหวัด,-13-pdf (1).pdf,crop_suitability_by_province,ยางพารา,อุดรธานี,ไร่,21,table,s1,22226,พืช ยางพารา จังหวัด อุดรธานี ระดับความเหมาะสม s1 มีเนื้อที่ 22226 ไร่
พื้นที่ความเหมาะสมพืชรายจังหวัด,-13-pdf (1).pdf,crop_suitability_by_province,ยางพารา,อุตรดิตถ์,ไร่,21,table,s1,183,พืช ยางพารา จังหวัด อุตรดิตถ์ ระดับความเหมาะสม s1 มีเนื้อที่ 183 ไร่
พื้นที่ความเหมาะสมพืชรายจังหวัด,-13-pdf (1).pdf,crop_suitability_by_province,ยางพารา,อุทัยธานี,ไร่,21,table,s1,66,พืช ยางพารา จังหวัด อุทัยธานี ระดับความเหมาะสม s1 มีเนื้อที่ 66 ไร่
พื้นที่ความเหมาะสมพืชรายจังหวัด,-13-pdf (1).pdf,crop_suitability_by_province,ยางพารา,อุบลราชธานี,ไร่,21,table,s1,46022,พืช ยางพารา จังหวัด อุบลราชธานี ระดับความเหมาะสม s1 มีเนื้อที่ 46022 ไร่
พื้นที่ความเหมาะสมพืชรายจังหวัด,-13-pdf (1).pdf,crop_suitability_by_province,ยางพารา,เชียงราย,ไร่,21,table,s1,45548,พืช ยางพารา จังหวัด เชียงราย ระดับความเหมาะสม s1 มีเนื้อที่ 45548 ไร่
พื้นที่ความเหมาะสมพืชรายจังหวัด,-13-pdf (1).pdf,crop_suitability_by_province,ยางพารา,เชียงใหม่,ไร่,21,table,s1,3467,พืช ยางพารา จังหวัด เชียงใหม่ ระดับความเหมาะสม s1 มีเนื้อที่ 3467 ไร่
พื้นที่ความเหมาะสมพืชรายจังหวัด,-13-pdf (1).pdf,crop_suitability_by_province,ยางพารา,เลย,ไร่,21,table,s1,296,พืช ยางพารา จังหวัด เลย ระดับความเหมาะสม s1 มีเนื้อที่ 296 ไร่
พื้นที่ความเหมาะสมพืชรายจังหวัด,-13-pdf (1).pdf,crop_suitability_by_province,ยางพารา,แพร่,ไร่,21,table,s1,639,พืช ยางพารา จังหวัด แพร่ ระดับความเหมาะสม s1 มีเนื้อที่ 639 ไร่
พื้นที่ความเหมาะสมพืชรายจังหวัด,-13-pdf (1).pdf,crop_suitability_by_province,ยางพารา,แม่ฮ่องสอน,ไร่,21,table,s1,17,พืช ยางพารา จังหวัด แม่ฮ่องสอน ระดับความเหมาะสม s1 มีเนื้อที่ 17 ไร่
พื้นที่ความเหมาะสมพืชรายจังหวัด,-13-pdf (1).pdf,crop_suitability_by_province,ลำไย,กาญจนบุรี,ไร่,12,table,s1,141,พืช ลำไย จังหวัด กาญจนบุรี ระดับความเหมาะสม s1 มีเนื้อที่ 141 ไร่
พื้นที่ความเหมาะสมพืชรายจังหวัด,-13-pdf (1).pdf,crop_suitability_by_province,ลำไย,กำแพงเพชร,ไร่,12,table,s1,3326,พืช ลำไย จังหวัด กำแพงเพชร ระดับความเหมาะสม s1 มีเนื้อที่ 3326 ไร่
พื้นที่ความเหมาะสมพืชรายจังหวัด,-13-pdf (1).pdf,crop_suitability_by_province,ลำไย,จันทบุรี,ไร่,13,table,s1,18008,พืช ลำไย จังหวัด จันทบุรี ระดับความเหมาะสม s1 มีเนื้อที่ 18008 ไร่
พื้นที่ความเหมาะสมพืชรายจังหวัด,-13-pdf (1).pdf,crop_suitability_by_province,ลำไย,ฉะเชิงเทรา,ไร่,13,table,s1,41,พืช ลำไย จังหวัด ฉะเชิงเทรา ระดับความเหมาะสม s1 มีเนื้อที่ 41 ไร่
พื้นที่ความเหมาะสมพืชรายจังหวัด,-13-pdf (1).pdf,crop_suitability_by_province,ลำไย,ชัยนาท,ไร่,12,table,s1,29,พืช ลำไย จังหวัด ชัยนาท ระดับความเหมาะสม s1 มีเนื้อที่ 29 ไร่
พื้นที่ความเหมาะสมพืชรายจังหวัด,-13-pdf (1).pdf,crop_suitability_by_province,ลำไย,ตรัง,ไร่,13,table,s1,18,พืช ลำไย จังหวัด ตรัง ระดับความเหมาะสม s1 มีเนื้อที่ 18 ไร่
พื้นที่ความเหมาะสมพืชรายจังหวัด,-13-pdf (1).pdf,crop_suitability_by_province,ลำไย,ตราด,ไร่,13,table,s1,34,พืช ลำไย จังหวัด ตราด ระดับความเหมาะสม s1 มีเนื้อที่ 34 ไร่
พื้นที่ความเหมาะสมพืชรายจังหวัด,-13-pdf (1).pdf,crop_suitability_by_province,ลำไย,ตาก,ไร่,12,table,s1,15590,พืช ลำไย จังหวัด ตาก ระดับความเหมาะสม s1 มีเนื้อที่ 15590 ไร่
พื้นที่ความเหมาะสมพืชรายจังหวัด,-13-pdf (1).pdf,crop_suitability_by_province,ลำไย,นครปฐม,ไร่,12,table,s1,1671,พืช ลำไย จังหวัด นครปฐม ระดับความเหมาะสม s1 มีเนื้อที่ 1671 ไร่
พื้นที่ความเหมาะสมพืชรายจังหวัด,-13-pdf (1).pdf,crop_suitability_by_province,ลำไย,นครพนม,ไร่,12,table,s1,13,พืช ลำไย จังหวัด นครพนม ระดับความเหมาะสม s1 มีเนื้อที่ 13 ไร่
พื้นที่ความเหมาะสมพืชรายจังหวัด,-13-pdf (1).pdf,crop_suitability_by_province,ลำไย,นครราชสีมา,ไร่,12,table,s1,348,พืช ลำไย จังหวัด นครราชสีมา ระดับความเหมาะสม s1 มีเนื้อที่ 348 ไร่
พื้นที่ความเหมาะสมพืชรายจังหวัด,-13-pdf (1).pdf,crop_suitability_by_province,ลำไย,นครสวรรค์,ไร่,12,table,s1,162,พืช ลำไย จังหวัด นครสวรรค์ ระดับความเหมาะสม s1 มีเนื้อที่ 162 ไร่
พื้นที่ความเหมาะสมพืชรายจังหวัด,-13-pdf (1).pdf,crop_suitability_by_province,ลำไย,น่าน,ไร่,12,table,s1,13446,พืช ลำไย จังหวัด น่าน ระดับความเหมาะสม s1 มีเนื้อที่ 13446 ไร่
พื้นที่ความเหมาะสมพืชรายจังหวัด,-13-pdf (1).pdf,crop_suitability_by_province,ลำไย,ประจวบคีรีขันธ์,ไร่,12,table,s1,27,พืช ลำไย จังหวัด ประจวบคีรีขันธ์ ระดับความเหมาะสม s1 มีเนื้อที่ 27 ไร่
พื้นที่ความเหมาะสมพืชรายจังหวัด,-13-pdf (1).pdf,crop_suitability_by_province,ลำไย,ปราจีนบุรี,ไร่,13,table,s1,126,พืช ลำไย จังหวัด ปราจีนบุรี ระดับความเหมาะสม s1 มีเนื้อที่ 126 ไร่
พื้นที่ความเหมาะสมพืชรายจังหวัด,-13-pdf (1).pdf,crop_suitability_by_province,ลำไย,พะเยา,ไร่,12,table,s1,26633,พืช ลำไย จังหวัด พะเยา ระดับความเหมาะสม s1 มีเนื้อที่ 26633 ไร่
พื้นที่ความเหมาะสมพืชรายจังหวัด,-13-pdf (1).pdf,crop_suitability_by_province,ลำไย,พิจิตร,ไร่,12,table,s1,34,พืช ลำไย จังหวัด พิจิตร ระดับความเหมาะสม s1 มีเนื้อที่ 34 ไร่
พื้นที่ความเหมาะสมพืชรายจังหวัด,-13-pdf (1).pdf,crop_suitability_by_province,ลำไย,พิษณุโลก,ไร่,12,table,s1,234,พืช ลำไย จังหวัด พิษณุโลก ระดับความเหมาะสม s1 มีเนื้อที่ 234 ไร่
พื้นที่ความเหมาะสมพืชรายจังหวัด,-13-pdf (1).pdf,crop_suitability_by_province,ลำไย,ราชบุรี,ไร่,12,table,s1,835,พืช ลำไย จังหวัด ราชบุรี ระดับความเหมาะสม s1 มีเนื้อที่ 835 ไร่
พื้นที่ความเหมาะสมพืชรายจังหวัด,-13-pdf (1).pdf,crop_suitability_by_province,ลำไย,ลพบุรี,ไร่,12,table,s1,76,พืช ลำไย จังหวัด ลพบุรี ระดับความเหมาะสม s1 มีเนื้อที่ 76 ไร่
พื้นที่ความเหมาะสมพืชรายจังหวัด,-13-pdf (1).pdf,crop_suitability_by_province,ลำไย,ลำปาง,ไร่,12,table,s1,13101,พืช ลำไย จังหวัด ลำปาง ระดับความเหมาะสม s1 มีเนื้อที่ 13101 ไร่
พื้นที่ความเหมาะสมพืชรายจังหวัด,-13-pdf (1).pdf,crop_suitability_by_province,ลำไย,ลำพูน,ไร่,12,table,s1,125144,พืช ลำไย จังหวัด ลำพูน ระดับความเหมาะสม s1 มีเนื้อที่ 125144 ไร่
พื้นที่ความเหมาะสมพืชรายจังหวัด,-13-pdf (1).pdf,crop_suitability_by_province,ลำไย,สมุทรสาคร,ไร่,12,table,s1,3141,พืช ลำไย จังหวัด สมุทรสาคร ระดับความเหมาะสม s1 มีเนื้อที่ 3141 ไร่
พื้นที่ความเหมาะสมพืชรายจังหวัด,-13-pdf (1).pdf,crop_suitability_by_province,ลำไย,สระบุรี,ไร่,12,table,s1,38,พืช ลำไย จังหวัด สระบุรี ระดับความเหมาะสม s1 มีเนื้อที่ 38 ไร่
พื้นที่ความเหมาะสมพืชรายจังหวัด,-13-pdf (1).pdf,crop_suitability_by_province,ลำไย,สระแก้ว,ไร่,13,table,s1,3018,พืช ลำไย จังหวัด สระแก้ว ระดับความเหมาะสม s1 มีเนื้อที่ 3018 ไร่
พื้นที่ความเหมาะสมพืชรายจังหวัด,-13-pdf (1).pdf,crop_suitability_by_province,ลำไย,สุพรรณบุรี,ไร่,13,table,s1,154,พืช ลำไย จังหวัด สุพรรณบุรี ระดับความเหมาะสม s1 มีเนื้อที่ 154 ไร่
พื้นที่ความเหมาะสมพืชรายจังหวัด,-13-pdf (1).pdf,crop_suitability_by_province,ลำไย,สุโขทัย,ไร่,12,table,s1,1555,พืช ลำไย จังหวัด สุโขทัย ระดับความเหมาะสม s1 มีเนื้อที่ 1555 ไร่
พื้นที่ความเหมาะสมพืชรายจังหวัด,-13-pdf (1).pdf,crop_suitability_by_province,ลำไย,หนองคาย,ไร่,12,table,s1,114,พืช ลำไย จังหวัด หนองคาย ระดับความเหมาะสม s1 มีเนื้อที่ 114 ไร่
พื้นที่ความเหมาะสมพืชรายจังหวัด,-13-pdf (1).pdf,crop_suitability_by_province,ลำไย,หนองบัวลำภู,ไร่,12,table,s1,364,พืช ลำไย จังหวัด หนองบัวลำภู ระดับความเหมาะสม s1 มีเนื้อที่ 364 ไร่
พื้นที่ความเหมาะสมพืชรายจังหวัด,-13-pdf (1).pdf,crop_suitability_by_province,ลำไย,อุดรธานี,ไร่,12,table,s1,95,พืช ลำไย จังหวัด อุดรธานี ระดับความเหมาะสม s1 มีเนื้อที่ 95 ไร่
พื้นที่ความเหมาะสมพืชรายจังหวัด,-13-pdf (1).pdf,crop_suitability_by_province,ลำไย,อุตรดิตถ์,ไร่,12,table,s1,288,พืช ลำไย จังหวัด อุตรดิตถ์ ระดับความเหมาะสม s1 มีเนื้อที่ 288 ไร่
พื้นที่ความเหมาะสมพืชรายจังหวัด,-13-pdf (1).pdf,crop_suitability_by_province,ลำไย,อุทัยธานี,ไร่,12,table,s1,52,พืช ลำไย จังหวัด อุทัยธานี ระดับความเหมาะสม s1 มีเนื้อที่ 52 ไร่
พื้นที่ความเหมาะสมพืชรายจังหวัด,-13-pdf (1).pdf,crop_suitability_by_province,ลำไย,อุบลราชธานี,ไร่,12,table,s1,115,พืช ลำไย จังหวัด อุบลราชธานี ระดับความเหมาะสม s1 มีเนื้อที่ 115 ไร่
พื้นที่ความเหมาะสมพืชรายจังหวัด,-13-pdf (1).pdf,crop_suitability_by_province,ลำไย,เชียงราย,ไร่,12,table,s1,48859,พืช ลำไย จังหวัด เชียงราย ระดับความเหมาะสม s1 มีเนื้อที่ 48859 ไร่
พื้นที่ความเหมาะสมพืชรายจังหวัด,-13-pdf (1).pdf,crop_suitability_by_province,ลำไย,เชียงใหม่,ไร่,12,table,s1,131897,พืช ลำไย จังหวัด เชียงใหม่ ระดับความเหมาะสม s1 มีเนื้อที่ 131897 ไร่
พื้นที่ความเหมาะสมพืชรายจังหวัด,-13-pdf (1).pdf,crop_suitability_by_province,ลำไย,เพชรบูรณ์,ไร่,12,table,s1,114,พืช ลำไย จังหวัด เพชรบูรณ์ ระดับความเหมาะสม s1 มีเนื้อที่ 114 ไร่
พื้นที่ความเหมาะสมพืชรายจังหวัด,-13-pdf (1).pdf,crop_suitability_by_province,ลำไย,เลย,ไร่,12,table,s1,3505,พืช ลำไย จังหวัด เลย ระดับความเหมาะสม s1 มีเนื้อที่ 3505 ไร่
พื้นที่ความเหมาะสมพืชรายจังหวัด,-13-pdf (1).pdf,crop_suitability_by_province,ลำไย,แพร่,ไร่,12,table,s1,2928,พืช ลำไย จังหวัด แพร่ ระดับความเหมาะสม s1 มีเนื้อที่ 2928 ไร่
พื้นที่ความเหมาะสมพืชรายจังหวัด,-13-pdf (1).pdf,crop_suitability_by_province,ลำไย,แม่ฮ่องสอน,ไร่,12,table,s1,78,พืช ลำไย จังหวัด แม่ฮ่องสอน ระดับความเหมาะสม s1 มีเนื้อที่ 78 ไร่
พื้นที่ความเหมาะสมพืชรายจังหวัด,-13-pdf (1).pdf,crop_suitability_by_province,สับปะรด,กาญจนบุรี,ไร่,11,table,s1,110,พืช สับปะรด จังหวัด กาญจนบุรี ระดับความเหมาะสม s1 มีเนื้อที่ 110 ไร่
พื้นที่ความเหมาะสมพืชรายจังหวัด,-13-pdf (1).pdf,crop_suitability_by_province,สับปะรด,กาฬสินธุ์,ไร่,11,table,s1,126,พืช สับปะรด จังหวัด กาฬสินธุ์ ระดับความเหมาะสม s1 มีเนื้อที่ 126 ไร่
พื้นที่ความเหมาะสมพืชรายจังหวัด,-13-pdf (1).pdf,crop_suitability_by_province,สับปะรด,จันทบุรี,ไร่,11,table,s1,180,พืช สับปะรด จังหวัด จันทบุรี ระดับความเหมาะสม s1 มีเนื้อที่ 180 ไร่
พื้นที่ความเหมาะสมพืชรายจังหวัด,-13-pdf (1).pdf,crop_suitability_by_province,สับปะรด,ฉะเชิงเทรา,ไร่,11,table,s1,54,พืช สับปะรด จังหวัด ฉะเชิงเทรา ระดับความเหมาะสม s1 มีเนื้อที่ 54 ไร่
พื้นที่ความเหมาะสมพืชรายจังหวัด,-13-pdf (1).pdf,crop_suitability_by_province,สับปะรด,ชลบุรี,ไร่,11,table,s1,523,พืช สับปะรด จังหวัด ชลบุรี ระดับความเหมาะสม s1 มีเนื้อที่ 523 ไร่
พื้นที่ความเหมาะสมพืชรายจังหวัด,-13-pdf (1).pdf,crop_suitability_by_province,สับปะรด,ชัยภูมิ,ไร่,11,table,s1,15,พืช สับปะรด จังหวัด ชัยภูมิ ระดับความเหมาะสม s1 มีเนื้อที่ 15 ไร่
พื้นที่ความเหมาะสมพืชรายจังหวัด,-13-pdf (1).pdf,crop_suitability_by_province,สับปะรด,ชุมพร,ไร่,11,table,s1,239,พืช สับปะรด จังหวัด ชุมพร ระดับความเหมาะสม s1 มีเนื้อที่ 239 ไร่
พื้นที่ความเหมาะสมพืชรายจังหวัด,-13-pdf (1).pdf,crop_suitability_by_province,สับปะรด,ตราด,ไร่,11,table,s1,738,พืช สับปะรด จังหวัด ตราด ระดับความเหมาะสม s1 มีเนื้อที่ 738 ไร่
พื้นที่ความเหมาะสมพืชรายจังหวัด,-13-pdf (1).pdf,crop_suitability_by_province,สับปะรด,นครพนม,ไร่,11,table,s1,671,พืช สับปะรด จังหวัด นครพนม ระดับความเหมาะสม s1 มีเนื้อที่ 671 ไร่
พื้นที่ความเหมาะสมพืชรายจังหวัด,-13-pdf (1).pdf,crop_suitability_by_province,สับปะรด,ประจวบคีรีขันธ์,ไร่,11,table,s1,77188,พืช สับปะรด จังหวัด ประจวบคีรีขันธ์ ระดับความเหมาะสม s1 มีเนื้อที่ 77188 ไร่
พื้นที่ความเหมาะสมพืชรายจังหวัด,-13-pdf (1).pdf,crop_suitability_by_province,สับปะรด,พะเยา,ไร่,11,table,s1,11,พืช สับปะรด จังหวัด พะเยา ระดับความเหมาะสม s1 มีเนื้อที่ 11 ไร่
พื้นที่ความเหมาะสมพืชรายจังหวัด,-13-pdf (1).pdf,crop_suitability_by_province,สับปะรด,พัทลุง,ไร่,11,table,s1,38,พืช สับปะรด จังหวัด พัทลุง ระดับความเหมาะสม s1 มีเนื้อที่ 38 ไร่
พื้นที่ความเหมาะสมพืชรายจังหวัด,-13-pdf (1).pdf,crop_suitability_by_province,สับปะรด,พิษณุโลก,ไร่,11,table,s1,1333,พืช สับปะรด จังหวัด พิษณุโลก ระดับความเหมาะสม s1 มีเนื้อที่ 1333 ไร่
พื้นที่ความเหมาะสมพืชรายจังหวัด,-13-pdf (1).pdf,crop_suitability_by_province,สับปะรด,ระยอง,ไร่,11,table,s1,932,พืช สับปะรด จังหวัด ระยอง ระดับความเหมาะสม s1 มีเนื้อที่ 932 ไร่
พื้นที่ความเหมาะสมพืชรายจังหวัด,-13-pdf (1).pdf,crop_suitability_by_province,สับปะรด,ราชบุรี,ไร่,11,table,s1,757,พืช สับปะรด จังหวัด ราชบุรี ระดับความเหมาะสม s1 มีเนื้อที่ 757 ไร่
พื้นที่ความเหมาะสมพืชรายจังหวัด,-13-pdf (1).pdf,crop_suitability_by_province,สับปะรด,ลำปาง,ไร่,11,table,s1,1432,พืช สับปะรด จังหวัด ลำปาง ระดับความเหมาะสม s1 มีเนื้อที่ 1432 ไร่
พื้นที่ความเหมาะสมพืชรายจังหวัด,-13-pdf (1).pdf,crop_suitability_by_province,สับปะรด,สุพรรณบุรี,ไร่,11,table,s1,6,พืช สับปะรด จังหวัด สุพรรณบุรี ระดับความเหมาะสม s1 มีเนื้อที่ 6 ไร่
พื้นที่ความเหมาะสมพืชรายจังหวัด,-13-pdf (1).pdf,crop_suitability_by_province,สับปะรด,หนองคาย,ไร่,11,table,s1,13,พืช สับปะรด จังหวัด หนองคาย ระดับความเหมาะสม s1 มีเนื้อที่ 13 ไร่
พื้นที่ความเหมาะสมพืชรายจังหวัด,-13-pdf (1).pdf,crop_suitability_by_province,สับปะรด,อุตรดิตถ์,ไร่,11,table,s1,143,พืช สับปะรด จังหวัด อุตรดิตถ์ ระดับความเหมาะสม s1 มีเนื้อที่ 143 ไร่
พื้นที่ความเหมาะสมพืชรายจังหวัด,-13-pdf (1).pdf,crop_suitability_by_province,สับปะรด,อุทัยธานี,ไร่,11,table,s1,595,พืช สับปะรด จังหวัด อุทัยธานี ระดับความเหมาะสม s1 มีเนื้อที่ 595 ไร่
พื้นที่ความเหมาะสมพืชรายจังหวัด,-13-pdf (1).pdf,crop_suitability_by_province,สับปะรด,เชียงราย,ไร่,11,table,s1,1777,พืช สับปะรด จังหวัด เชียงราย ระดับความเหมาะสม s1 มีเนื้อที่ 1777 ไร่
พื้นที่ความเหมาะสมพืชรายจังหวัด,-13-pdf (1).pdf,crop_suitability_by_province,สับปะรด,เพชรบุรี,ไร่,11,table,s1,2546,พืช สับปะรด จังหวัด เพชรบุรี ระดับความเหมาะสม s1 มีเนื้อที่ 2546 ไร่
พื้นที่ความเหมาะสมพืชรายจังหวัด,-13-pdf (1).pdf,crop_suitability_by_province,สับปะรด,เลย,ไร่,11,table,s1,83,พืช สับปะรด จังหวัด เลย ระดับความเหมาะสม s1 มีเนื้อที่ 83 ไร่
พื้นที่ความเหมาะสมพืชรายจังหวัด,-13-pdf (1).pdf,crop_suitability_by_province,อ้อยโรงงาน,กาญจนบุรี,ไร่,7,table,s1,110168,พืช อ้อยโรงงาน จังหวัด กาญจนบุรี ระดับความเหมาะสม s1 มีเนื้อที่ 110168 ไร่
พื้นที่ความเหมาะสมพืชรายจังหวัด,-13-pdf (1).pdf,crop_suitability_by_province,อ้อยโรงงาน,กาฬสินธุ์,ไร่,7,table,s1,109,พืช อ้อยโรงงาน จังหวัด กาฬสินธุ์ ระดับความเหมาะสม s1 มีเนื้อที่ 109 ไร่
พื้นที่ความเหมาะสมพืชรายจังหวัด,-13-pdf (1).pdf,crop_suitability_by_province,อ้อยโรงงาน,กำแพงเพชร,ไร่,7,table,s1,297924,พืช อ้อยโรงงาน จังหวัด กำแพงเพชร ระดับความเหมาะสม s1 มีเนื้อที่ 297924 ไร่
พื้นที่ความเหมาะสมพืชรายจังหวัด,-13-pdf (1).pdf,crop_suitability_by_province,อ้อยโรงงาน,ขอนแก่น,ไร่,7,table,s1,1647,พืช อ้อยโรงงาน จังหวัด ขอนแก่น ระดับความเหมาะสม s1 มีเนื้อที่ 1647 ไร่
พื้นที่ความเหมาะสมพืชรายจังหวัด,-13-pdf (1).pdf,crop_suitability_by_province,อ้อยโรงงาน,ฉะเชิงเทรา,ไร่,7,table,s1,1354,พืช อ้อยโรงงาน จังหวัด ฉะเชิงเทรา ระดับความเหมาะสม s1 มีเนื้อที่ 1354 ไร่
พื้นที่ความเหมาะสมพืชรายจังหวัด,-13-pdf (1).pdf,crop_suitability_by_province,อ้อยโรงงาน,ชลบุรี,ไร่,7,table,s1,7,พืช อ้อยโรงงาน จังหวัด ชลบุรี ระดับความเหมาะสม s1 มีเนื้อที่ 7 ไร่
พื้นที่ความเหมาะสมพืชรายจังหวัด,-13-pdf (1).pdf,crop_suitability_by_province,อ้อยโรงงาน,ชัยนาท,ไร่,7,table,s1,100,พืช อ้อยโรงงาน จังหวัด ชัยนาท ระดับความเหมาะสม s1 มีเนื้อที่ 100 ไร่
พื้นที่ความเหมาะสมพืชรายจังหวัด,-13-pdf (1).pdf,crop_suitability_by_province,อ้อยโรงงาน,ชัยภูมิ,ไร่,7,table,s1,2389,พืช อ้อยโรงงาน จังหวัด ชัยภูมิ ระดับความเหมาะสม s1 มีเนื้อที่ 2389 ไร่
พื้นที่ความเหมาะสมพืชรายจังหวัด,-13-pdf (1).pdf,crop_suitability_by_province,อ้อยโรงงาน,ตาก,ไร่,7,table,s1,1614,พืช อ้อยโรงงาน จังหวัด ตาก ระดับความเหมาะสม s1 มีเนื้อที่ 1614 ไร่
พื้นที่ความเหมาะสมพืชรายจังหวัด,-13-pdf (1).pdf,crop_suitability_by_province,อ้อยโรงงาน,นครปฐม,ไร่,7,table,s1,88454,พืช อ้อยโรงงาน จังหวัด นครปฐม ระดับความเหมาะสม s1 มีเนื้อที่ 88454 ไร่
พื้นที่ความเหมาะสมพืชรายจังหวัด,-13-pdf (1).pdf,crop_suitability_by_province,อ้อยโรงงาน,นครพนม,ไร่,8,table,s1,509,พืช อ้อยโรงงาน จังหวัด นครพนม ระดับความเหมาะสม s1 มีเนื้อที่ 509 ไร่
พื้นที่ความเหมาะสมพืชรายจังหวัด,-13-pdf (1).pdf,crop_suitability_by_province,อ้อยโรงงาน,นครราชสีมา,ไร่,7,table,s1,1263,พืช อ้อยโรงงาน จังหวัด นครราชสีมา ระดับความเหมาะสม s1 มีเนื้อที่ 1263 ไร่
พื้นที่ความเหมาะสมพืชรายจังหวัด,-13-pdf (1).pdf,crop_suitability_by_province,อ้อยโรงงาน,นครศรีธรรมราช,ไร่,8,table,s1,4,พืช อ้อยโรงงาน จังหวัด นครศรีธรรมราช ระดับความเหมาะสม s1 มีเนื้อที่ 4 ไร่
พื้นที่ความเหมาะสมพืชรายจังหวัด,-13-pdf (1).pdf,crop_suitability_by_province,อ้อยโรงงาน,นครสวรรค์,ไร่,7,table,s1,24631,พืช อ้อยโรงงาน จังหวัด นครสวรรค์ ระดับความเหมาะสม s1 มีเนื้อที่ 24631 ไร่
พื้นที่ความเหมาะสมพืชรายจังหวัด,-13-pdf (1).pdf,crop_suitability_by_province,อ้อยโรงงาน,นราธิวาส,ไร่,8,table,s1,28,พืช อ้อยโรงงาน จังหวัด นราธิวาส ระดับความเหมาะสม s1 มีเนื้อที่ 28 ไร่
พื้นที่ความเหมาะสมพืชรายจังหวัด,-13-pdf (1).pdf,crop_suitability_by_province,อ้อยโรงงาน,บึงกาฬ,ไร่,8,table,s1,82,พืช อ้อยโรงงาน จังหวัด บึงกาฬ ระดับความเหมาะสม s1 มีเนื้อที่ 82 ไร่
พื้นที่ความเหมาะสมพืชรายจังหวัด,-13-pdf (1).pdf,crop_suitability_by_province,อ้อยโรงงาน,บุรีรัมย์,ไร่,7,table,s1,1370,พืช อ้อยโรงงาน จังหวัด บุรีรัมย์ ระดับความเหมาะสม s1 มีเนื้อที่ 1370 ไร่
พื้นที่ความเหมาะสมพืชรายจังหวัด,-13-pdf (1).pdf,crop_suitability_by_province,อ้อยโรงงาน,ประจวบคีรีขันธ์,ไร่,7,table,s1,11417,พืช อ้อยโรงงาน จังหวัด ประจวบคีรีขันธ์ ระดับความเหมาะสม s1 มีเนื้อที่ 11417 ไร่
พื้นที่ความเหมาะสมพืชรายจังหวัด,-13-pdf (1).pdf,crop_suitability_by_province,อ้อยโรงงาน,ปราจีนบุรี,ไร่,7,table,s1,770,พืช อ้อยโรงงาน จังหวัด ปราจีนบุรี ระดับความเหมาะสม s1 มีเนื้อที่ 770 ไร่
พื้นที่ความเหมาะสมพืชรายจังหวัด,-13-pdf (1).pdf,crop_suitability_by_province,อ้อยโรงงาน,พะเยา,ไร่,7,table,s1,38,พืช อ้อยโรงงาน จังหวัด พะเยา ระดับความเหมาะสม s1 มีเนื้อที่ 38 ไร่
พื้นที่ความเหมาะสมพืชรายจังหวัด,-13-pdf (1).pdf,crop_suitability_by_province,อ้อยโรงงาน,พิจิตร,ไร่,7,table,s1,4138,พืช อ้อยโรงงาน จังหวัด พิจิตร ระดับความเหมาะสม s1 มีเนื้อที่ 4138 ไร่
พื้นที่ความเหมาะสมพืชรายจังหวัด,-13-pdf (1).pdf,crop_suitability_by_province,อ้อยโรงงาน,พิษณุโลก,ไร่,7,table,s1,3401,พืช อ้อยโรงงาน จังหวัด พิษณุโลก ระดับความเหมาะสม s1 มีเนื้อที่ 3401 ไร่
พื้นที่ความเหมาะสมพืชรายจังหวัด,-13-pdf (1).pdf,crop_suitability_by_province,อ้อยโรงงาน,ภูเก็ต,ไร่,8,table,s1,17,พืช อ้อยโรงงาน จังหวัด ภูเก็ต ระดับความเหมาะสม s1 มีเนื้อที่ 17 ไร่
พื้นที่ความเหมาะสมพืชรายจังหวัด,-13-pdf (1).pdf,crop_suitability_by_province,อ้อยโรงงาน,มหาสารคาม,ไร่,8,table,s1,4,พืช อ้อยโรงงาน จังหวัด มหาสารคาม ระดับความเหมาะสม s1 มีเนื้อที่ 4 ไร่
พื้นที่ความเหมาะสมพืชรายจังหวัด,-13-pdf (1).pdf,crop_suitability_by_province,อ้อยโรงงาน,มุกดาหาร,ไร่,7,table,s1,1388,พืช อ้อยโรงงาน จังหวัด มุกดาหาร ระดับความเหมาะสม s1 มีเนื้อที่ 1388 ไร่
พื้นที่ความเหมาะสมพืชรายจังหวัด,-13-pdf (1).pdf,crop_suitability_by_province,อ้อยโรงงาน,ยโสธร,ไร่,8,table,s1,2,พืช อ้อยโรงงาน จังหวัด ยโสธร ระดับความเหมาะสม s1 มีเนื้อที่ 2 ไร่
พื้นที่ความเหมาะสมพืชรายจังหวัด,-13-pdf (1).pdf,crop_suitability_by_province,อ้อยโรงงาน,ระยอง,ไร่,7,table,s1,40,พืช อ้อยโรงงาน จังหวัด ระยอง ระดับความเหมาะสม s1 มีเนื้อที่ 40 ไร่
พื้นที่ความเหมาะสมพืชรายจังหวัด,-13-pdf (1).pdf,crop_suitability_by_province,อ้อยโรงงาน,ราชบุรี,ไร่,7,table,s1,19216,พืช อ้อยโรงงาน จังหวัด ราชบุรี ระดับความเหมาะสม s1 มีเนื้อที่ 19216 ไร่
พื้นที่ความเหมาะสมพืชรายจังหวัด,-13-pdf (1).pdf,crop_suitability_by_province,อ้อยโรงงาน,ร้อยเอ็ด,ไร่,7,table,s1,12,พืช อ้อยโรงงาน จังหวัด ร้อยเอ็ด ระดับความเหมาะสม s1 มีเนื้อที่ 12 ไร่
พื้นที่ความเหมาะสมพืชรายจังหวัด,-13-pdf (1).pdf,crop_suitability_by_province,อ้อยโรงงาน,ลพบุรี,ไร่,7,table,s1,9951,พืช อ้อยโรงงาน จังหวัด ลพบุรี ระดับความเหมาะสม s1 มีเนื้อที่ 9951 ไร่
พื้นที่ความเหมาะสมพืชรายจังหวัด,-13-pdf (1).pdf,crop_suitability_by_province,อ้อยโรงงาน,ลำปาง,ไร่,7,table,s1,282,พืช อ้อยโรงงาน จังหวัด ลำปาง ระดับความเหมาะสม s1 มีเนื้อที่ 282 ไร่
พื้นที่ความเหมาะสมพืชรายจังหวัด,-13-pdf (1).pdf,crop_suitability_by_province,อ้อยโรงงาน,ศรีสะเกษ,ไร่,8,table,s1,557,พืช อ้อยโรงงาน จังหวัด ศรีสะเกษ ระดับความเหมาะสม s1 มีเนื้อที่ 557 ไร่
พื้นที่ความเหมาะสมพืชรายจังหวัด,-13-pdf (1).pdf,crop_suitability_by_province,อ้อยโรงงาน,สกลนคร,ไร่,8,table,s1,3345,พืช อ้อยโรงงาน จังหวัด สกลนคร ระดับความเหมาะสม s1 มีเนื้อที่ 3345 ไร่
พื้นที่ความเหมาะสมพืชรายจังหวัด,-13-pdf (1).pdf,crop_suitability_by_province,อ้อยโรงงาน,สงขลา,ไร่,8,table,s1,1,พืช อ้อยโรงงาน จังหวัด สงขลา ระดับความเหมาะสม s1 มีเนื้อที่ 1 ไร่
พื้นที่ความเหมาะสมพืชรายจังหวัด,-13-pdf (1).pdf,crop_suitability_by_province,อ้อยโรงงาน,สตูล,ไร่,8,table,s1,14,พืช อ้อยโรงงาน จังหวัด สตูล ระดับความเหมาะสม s1 มีเนื้อที่ 14 ไร่
พื้นที่ความเหมาะสมพืชรายจังหวัด,-13-pdf (1).pdf,crop_suitability_by_province,อ้อยโรงงาน,สระบุรี,ไร่,7,table,s1,20,พืช อ้อยโรงงาน จังหวัด สระบุรี ระดับความเหมาะสม s1 มีเนื้อที่ 20 ไร่
พื้นที่ความเหมาะสมพืชรายจังหวัด,-13-pdf (1).pdf,crop_suitability_by_province,อ้อยโรงงาน,สระแก้ว,ไร่,7,table,s1,716,พืช อ้อยโรงงาน จังหวัด สระแก้ว ระดับความเหมาะสม s1 มีเนื้อที่ 716 ไร่
พื้นที่ความเหมาะสมพืชรายจังหวัด,-13-pdf (1).pdf,crop_suitability_by_province,อ้อยโรงงาน,สิงห์บุรี,ไร่,7,table,s1,382,พืช อ้อยโรงงาน จังหวัด สิงห์บุรี ระดับความเหมาะสม s1 มีเนื้อที่ 382 ไร่
พื้นที่ความเหมาะสมพืชรายจังหวัด,-13-pdf (1).pdf,crop_suitability_by_province,อ้อยโรงงาน,สุพรรณบุรี,ไร่,7,table,s1,184675,พืช อ้อยโรงงาน จังหวัด สุพรรณบุรี ระดับความเหมาะสม s1 มีเนื้อที่ 184675 ไร่
พื้นที่ความเหมาะสมพืชรายจังหวัด,-13-pdf (1).pdf,crop_suitability_by_province,อ้อยโรงงาน,สุรินทร์,ไร่,8,table,s1,203,พืช อ้อยโรงงาน จังหวัด สุรินทร์ ระดับความเหมาะสม s1 มีเนื้อที่ 203 ไร่
พื้นที่ความเหมาะสมพืชรายจังหวัด,-13-pdf (1).pdf,crop_suitability_by_province,อ้อยโรงงาน,สุโขทัย,ไร่,7,table,s1,71910,พืช อ้อยโรงงาน จังหวัด สุโขทัย ระดับความเหมาะสม s1 มีเนื้อที่ 71910 ไร่
พื้นที่ความเหมาะสมพืชรายจังหวัด,-13-pdf (1).pdf,crop_suitability_by_province,อ้อยโรงงาน,หนองคาย,ไร่,8,table,s1,18776,พืช อ้อยโรงงาน จังหวัด หนองคาย ระดับความเหมาะสม s1 มีเนื้อที่ 18776 ไร่
พื้นที่ความเหมาะสมพืชรายจังหวัด,-13-pdf (1).pdf,crop_suitability_by_province,อ้อยโรงงาน,อำนาจเจริญ,ไร่,8,table,s1,98,พืช อ้อยโรงงาน จังหวัด อำนาจเจริญ ระดับความเหมาะสม s1 มีเนื้อที่ 98 ไร่
พื้นที่ความเหมาะสมพืชรายจังหวัด,-13-pdf (1).pdf,crop_suitability_by_province,อ้อยโรงงาน,อุดรธานี,ไร่,7,table,s1,37071,พืช อ้อยโรงงาน จังหวัด อุดรธานี ระดับความเหมาะสม s1 มีเนื้อที่ 37071 ไร่
พื้นที่ความเหมาะสมพืชรายจังหวัด,-13-pdf (1).pdf,crop_suitability_by_province,อ้อยโรงงาน,อุตรดิตถ์,ไร่,7,table,s1,4408,พืช อ้อยโรงงาน จังหวัด อุตรดิตถ์ ระดับความเหมาะสม s1 มีเนื้อที่ 4408 ไร่
พื้นที่ความเหมาะสมพืชรายจังหวัด,-13-pdf (1).pdf,crop_suitability_by_province,อ้อยโรงงาน,อุทัยธานี,ไร่,7,table,s1,1528,พืช อ้อยโรงงาน จังหวัด อุทัยธานี ระดับความเหมาะสม s1 มีเนื้อที่ 1528 ไร่
พื้นที่ความเหมาะสมพืชรายจังหวัด,-13-pdf (1).pdf,crop_suitability_by_province,อ้อยโรงงาน,อุบลราชธานี,ไร่,8,table,s1,361,พืช อ้อยโรงงาน จังหวัด อุบลราชธานี ระดับความเหมาะสม s1 มีเนื้อที่ 361 ไร่
พื้นที่ความเหมาะสมพืชรายจังหวัด,-13-pdf (1).pdf,crop_suitability_by_province,อ้อยโรงงาน,อ่างทอง,ไร่,7,table,s1,451,พืช อ้อยโรงงาน จังหวัด อ่างทอง ระดับความเหมาะสม s1 มีเนื้อที่ 451 ไร่
พื้นที่ความเหมาะสมพืชรายจังหวัด,-13-pdf (1).pdf,crop_suitability_by_province,อ้อยโรงงาน,เชียงราย,ไร่,7,table,s1,104,พืช อ้อยโรงงาน จังหวัด เชียงราย ระดับความเหมาะสม s1 มีเนื้อที่ 104 ไร่
พื้นที่ความเหมาะสมพืชรายจังหวัด,-13-pdf (1).pdf,crop_suitability_by_province,อ้อยโรงงาน,เพชรบุรี,ไร่,7,table,s1,4963,พืช อ้อยโรงงาน จังหวัด เพชรบุรี ระดับความเหมาะสม s1 มีเนื้อที่ 4963 ไร่
พื้นที่ความเหมาะสมพืชรายจังหวัด,-13-pdf (1).pdf,crop_suitability_by_province,อ้อยโรงงาน,เลย,ไร่,7,table,s1,22,พืช อ้อยโรงงาน จังหวัด เลย ระดับความเหมาะสม s1 มีเนื้อที่ 22 ไร่
พื้นที่ความเหมาะสมพืชรายจังหวัด,-13-pdf (1).pdf,crop_suitability_by_province,อ้อยโรงงาน,แพร่,ไร่,7,table,s1,1228,พืช อ้อยโรงงาน จังหวัด แพร่ ระดับความเหมาะสม s1 มีเนื้อที่ 1228 ไร่
พื้นที่ความเหมาะสมพืชรายจังหวัด,-13-pdf (1).pdf,crop_suitability_by_province,เงาะ,กระบี่,ไร่,14,table,s1,454,พืช เงาะ จังหวัด กระบี่ ระดับความเหมาะสม s1 มีเนื้อที่ 454 ไร่
พื้นที่ความเหมาะสมพืชรายจังหวัด,-13-pdf (1).pdf,crop_suitability_by_province,เงาะ,จันทบุรี,ไร่,14,table,s1,32874,พืช เงาะ จังหวัด จันทบุรี ระดับความเหมาะสม s1 มีเนื้อที่ 32874 ไร่
พื้นที่ความเหมาะสมพืชรายจังหวัด,-13-pdf (1).pdf,crop_suitability_by_province,เงาะ,ชลบุรี,ไร่,14,table,s1,5,พืช เงาะ จังหวัด ชลบุรี ระดับความเหมาะสม s1 มีเนื้อที่ 5 ไร่
พื้นที่ความเหมาะสมพืชรายจังหวัด,-13-pdf (1).pdf,crop_suitability_by_province,เงาะ,ชุมพร,ไร่,14,table,s1,615,พืช เงาะ จังหวัด ชุมพร ระดับความเหมาะสม s1 มีเนื้อที่ 615 ไร่
พื้นที่ความเหมาะสมพืชรายจังหวัด,-13-pdf (1).pdf,crop_suitability_by_province,เงาะ,ตรัง,ไร่,14,table,s1,3018,พืช เงาะ จังหวัด ตรัง ระดับความเหมาะสม s1 มีเนื้อที่ 3018 ไร่
พื้นที่ความเหมาะสมพืชรายจังหวัด,-13-pdf (1).pdf,crop_suitability_by_province,เงาะ,นครพนม,ไร่,14,table,s1,3,พืช เงาะ จังหวัด นครพนม ระดับความเหมาะสม s1 มีเนื้อที่ 3 ไร่
พื้นที่ความเหมาะสมพืชรายจังหวัด,-13-pdf (1).pdf,crop_suitability_by_province,เงาะ,นครศรีธรรมราช,ไร่,14,table,s1,23467,พืช เงาะ จังหวัด นครศรีธรรมราช ระดับความเหมาะสม s1 มีเนื้อที่ 23467 ไร่
พื้นที่ความเหมาะสมพืชรายจังหวัด,-13-pdf (1).pdf,crop_suitability_by_province,เงาะ,นราธิวาส,ไร่,14,table,s1,3737,พืช เงาะ จังหวัด นราธิวาส ระดับความเหมาะสม s1 มีเนื้อที่ 3737 ไร่
พื้นที่ความเหมาะสมพืชรายจังหวัด,-13-pdf (1).pdf,crop_suitability_by_province,เงาะ,บึงกาฬ,ไร่,14,table,s1,11,พืช เงาะ จังหวัด บึงกาฬ ระดับความเหมาะสม s1 มีเนื้อที่ 11 ไร่
พื้นที่ความเหมาะสมพืชรายจังหวัด,-13-pdf (1).pdf,crop_suitability_by_province,เงาะ,พังงา,ไร่,14,table,s1,186,พืช เงาะ จังหวัด พังงา ระดับความเหมาะสม s1 มีเนื้อที่ 186 ไร่
พื้นที่ความเหมาะสมพืชรายจังหวัด,-13-pdf (1).pdf,crop_suitability_by_province,เงาะ,พัทลุง,ไร่,15,table,s1,22094,พืช เงาะ จังหวัด พัทลุง ระดับความเหมาะสม s1 มีเนื้อที่ 22094 ไร่
พื้นที่ความเหมาะสมพืชรายจังหวัด,-13-pdf (1).pdf,crop_suitability_by_province,เงาะ,ภูเก็ต,ไร่,15,table,s1,51,พืช เงาะ จังหวัด ภูเก็ต ระดับความเหมาะสม s1 มีเนื้อที่ 51 ไร่
พื้นที่ความเหมาะสมพืชรายจังหวัด,-13-pdf (1).pdf,crop_suitability_by_province,เงาะ,ระนอง,ไร่,15,table,s1,87,พืช เงาะ จังหวัด ระนอง ระดับความเหมาะสม s1 มีเนื้อที่ 87 ไร่
พื้นที่ความเหมาะสมพืชรายจังหวัด,-13-pdf (1).pdf,crop_suitability_by_province,เงาะ,ระยอง,ไร่,14,table,s1,3926,พืช เงาะ จังหวัด ระยอง ระดับความเหมาะสม s1 มีเนื้อที่ 3926 ไร่
พื้นที่ความเหมาะสมพืชรายจังหวัด,-13-pdf (1).pdf,crop_suitability_by_province,เงาะ,สงขลา,ไร่,15,table,s1,3626,พืช เงาะ จังหวัด สงขลา ระดับความเหมาะสม s1 มีเนื้อที่ 3626 ไร่
พื้นที่ความเหมาะสมพืชรายจังหวัด,-13-pdf (1).pdf,crop_suitability_by_province,เงาะ,สตูล,ไร่,15,table,s1,146,พืช เงาะ จังหวัด สตูล ระดับความเหมาะสม s1 มีเนื้อที่ 146 ไร่
พื้นที่ความเหมาะสมพืชรายจังหวัด,-13-pdf (1).pdf,crop_suitability_by_province,เงาะ,สุราษฎร์ธานี,ไร่,15,table,s1,30942,พืช เงาะ จังหวัด สุราษฎร์ธานี ระดับความเหมาะสม s1 มีเนื้อที่ 30942 ไร่
พื้นที่ความเหมาะสมพืชรายจังหวัด,-13-pdf (1).pdf,crop_suitability_by_province,เงาะ,อุบลราชธานี,ไร่,14,table,s1,38,พืช เงาะ จังหวัด อุบลราชธานี ระดับความเหมาะสม s1 มีเนื้อที่ 38 ไร่
พื้นที่ความเหมาะสมพืชรายจังหวัด,-13-pdf (1).pdf,crop_suitability_by_province,กาแฟ(โรบัสต้า),กระบี่,ไร่,20,table,s2,22,พืช กาแฟ(โรบัสต้า) จังหวัด กระบี่ ระดับความเหมาะสม s2 มีเนื้อที่ 22 ไร่
พื้นที่ความเหมาะสมพืชรายจังหวัด,-13-pdf (1).pdf,crop_suitability_by_province,กาแฟ(โรบัสต้า),กาญจนบุรี,ไร่,20,table,s2,71,พืช กาแฟ(โรบัสต้า) จังหวัด กาญจนบุรี ระดับความเหมาะสม s2 มีเนื้อที่ 71 ไร่
พื้นที่ความเหมาะสมพืชรายจังหวัด,-13-pdf (1).pdf,crop_suitability_by_province,กาแฟ(โรบัสต้า),กำแพงเพชร,ไร่,20,table,s2,2,พืช กาแฟ(โรบัสต้า) จังหวัด กำแพงเพชร ระดับความเหมาะสม s2 มีเนื้อที่ 2 ไร่
พื้นที่ความเหมาะสมพืชรายจังหวัด,-13-pdf (1).pdf,crop_suitability_by_province,กาแฟ(โรบัสต้า),ชลบุรี,ไร่,20,table,s2,10,พืช กาแฟ(โรบัสต้า) จังหวัด ชลบุรี ระดับความเหมาะสม s2 มีเนื้อที่ 10 ไร่
พื้นที่ความเหมาะสมพืชรายจังหวัด,-13-pdf (1).pdf,crop_suitability_by_province,กาแฟ(โรบัสต้า),ชัยภูมิ,ไร่,20,table,s2,27,พืช กาแฟ(โรบัสต้า) จังหวัด ชัยภูมิ ระดับความเหมาะสม s2 มีเนื้อที่ 27 ไร่
พื้นที่ความเหมาะสมพืชรายจังหวัด,-13-pdf (1).pdf,crop_suitability_by_province,กาแฟ(โรบัสต้า),ชุมพร,ไร่,20,table,s2,7649,พืช กาแฟ(โรบัสต้า) จังหวัด ชุมพร ระดับความเหมาะสม s2 มีเนื้อที่ 7649 ไร่
พื้นที่ความเหมาะสมพืชรายจังหวัด,-13-pdf (1).pdf,crop_suitability_by_province,กาแฟ(โรบัสต้า),ตาก,ไร่,20,table,s2,22,พืช กาแฟ(โรบัสต้า) จังหวัด ตาก ระดับความเหมาะสม s2 มีเนื้อที่ 22 ไร่
พื้นที่ความเหมาะสมพืชรายจังหวัด,-13-pdf (1).pdf,crop_suitability_by_province,กาแฟ(โรบัสต้า),นครพนม,ไร่,20,table,s2,1,พืช กาแฟ(โรบัสต้า) จังหวัด นครพนม ระดับความเหมาะสม s2 มีเนื้อที่ 1 ไร่
พื้นที่ความเหมาะสมพืชรายจังหวัด,-13-pdf (1).pdf,crop_suitability_by_province,กาแฟ(โรบัสต้า),นครศรีธรรมราช,ไร่,20,table,s2,195,พืช กาแฟ(โรบัสต้า) จังหวัด นครศรีธรรมราช ระดับความเหมาะสม s2 มีเนื้อที่ 195 ไร่
พื้นที่ความเหมาะสมพืชรายจังหวัด,-13-pdf (1).pdf,crop_suitability_by_province,กาแฟ(โรบัสต้า),ประจวบคีรีขันธ์,ไร่,20,table,s2,91,พืช กาแฟ(โรบัสต้า) จังหวัด ประจวบคีรีขันธ์ ระดับความเหมาะสม s2 มีเนื้อที่ 91 ไร่
พื้นที่ความเหมาะสมพืชรายจังหวัด,-13-pdf (1).pdf,crop_suitability_by_province,กาแฟ(โรบัสต้า),ปราจีนบุรี,ไร่,20,table,s2,4,พืช กาแฟ(โรบัสต้า) จังหวัด ปราจีนบุรี ระดับความเหมาะสม s2 มีเนื้อที่ 4 ไร่
พื้นที่ความเหมาะสมพืชรายจังหวัด,-13-pdf (1).pdf,crop_suitability_by_province,กาแฟ(โรบัสต้า),พะเยา,ไร่,20,table,s2,13,พืช กาแฟ(โรบัสต้า) จังหวัด พะเยา ระดับความเหมาะสม s2 มีเนื้อที่ 13 ไร่
พื้นที่ความเหมาะสมพืชรายจังหวัด,-13-pdf (1).pdf,crop_suitability_by_province,กาแฟ(โรบัสต้า),พังงา,ไร่,20,table,s2,22,พืช กาแฟ(โรบัสต้า) จังหวัด พังงา ระดับความเหมาะสม s2 มีเนื้อที่ 22 ไร่
พื้นที่ความเหมาะสมพืชรายจังหวัด,-13-pdf (1).pdf,crop_suitability_by_province,กาแฟ(โรบัสต้า),พิษณุโลก,ไร่,20,table,s2,8,พืช กาแฟ(โรบัสต้า) จังหวัด พิษณุโลก ระดับความเหมาะสม s2 มีเนื้อที่ 8 ไร่
พื้นที่ความเหมาะสมพืชรายจังหวัด,-13-pdf (1).pdf,crop_suitability_by_province,กาแฟ(โรบัสต้า),ระนอง,ไร่,20,table,s2,3657,พืช กาแฟ(โรบัสต้า) จังหวัด ระนอง ระดับความเหมาะสม s2 มีเนื้อที่ 3657 ไร่
พื้นที่ความเหมาะสมพืชรายจังหวัด,-13-pdf (1).pdf,crop_suitability_by_province,กาแฟ(โรบัสต้า),สกลนคร,ไร่,20,table,s2,3,พืช กาแฟ(โรบัสต้า) จังหวัด สกลนคร ระดับความเหมาะสม s2 มีเนื้อที่ 3 ไร่
พื้นที่ความเหมาะสมพืชรายจังหวัด,-13-pdf (1).pdf,crop_suitability_by_province,กาแฟ(โรบัสต้า),สุราษฎร์ธานี,ไร่,20,table,s2,1073,พืช กาแฟ(โรบัสต้า) จังหวัด สุราษฎร์ธานี ระดับความเหมาะสม s2 มีเนื้อที่ 1073 ไร่
พื้นที่ความเหมาะสมพืชรายจังหวัด,-13-pdf (1).pdf,crop_suitability_by_province,กาแฟ(โรบัสต้า),สุโขทัย,ไร่,20,table,s2,194,พืช กาแฟ(โรบัสต้า) จังหวัด สุโขทัย ระดับความเหมาะสม s2 มีเนื้อที่ 194 ไร่
พื้นที่ความเหมาะสมพืชรายจังหวัด,-13-pdf (1).pdf,crop_suitability_by_province,กาแฟ(โรบัสต้า),อุดรธานี,ไร่,20,table,s2,22,พืช กาแฟ(โรบัสต้า) จังหวัด อุดรธานี ระดับความเหมาะสม s2 มีเนื้อที่ 22 ไร่
พื้นที่ความเหมาะสมพืชรายจังหวัด,-13-pdf (1).pdf,crop_suitability_by_province,กาแฟ(โรบัสต้า),อุตรดิตถ์,ไร่,20,table,s2,209,พืช กาแฟ(โรบัสต้า) จังหวัด อุตรดิตถ์ ระดับความเหมาะสม s2 มีเนื้อที่ 209 ไร่
พื้นที่ความเหมาะสมพืชรายจังหวัด,-13-pdf (1).pdf,crop_suitability_by_province,กาแฟ(โรบัสต้า),อุทัยธานี,ไร่,20,table,s2,3,พืช กาแฟ(โรบัสต้า) จังหวัด อุทัยธานี ระดับความเหมาะสม s2 มีเนื้อที่ 3 ไร่
พื้นที่ความเหมาะสมพืชรายจังหวัด,-13-pdf (1).pdf,crop_suitability_by_province,กาแฟ(โรบัสต้า),เชียงราย,ไร่,20,table,s2,1656,พืช กาแฟ(โรบัสต้า) จังหวัด เชียงราย ระดับความเหมาะสม s2 มีเนื้อที่ 1656 ไร่
พื้นที่ความเหมาะสมพืชรายจังหวัด,-13-pdf (1).pdf,crop_suitability_by_province,กาแฟ(โรบัสต้า),เชียงใหม่,ไร่,20,table,s2,29,พืช กาแฟ(โรบัสต้า) จังหวัด เชียงใหม่ ระดับความเหมาะสม s2 มีเนื้อที่ 29 ไร่
พื้นที่ความเหมาะสมพืชรายจังหวัด,-13-pdf (1).pdf,crop_suitability_by_province,กาแฟ(โรบัสต้า),เพชรบูรณ์,ไร่,20,table,s2,29,พืช กาแฟ(โรบัสต้า) จังหวัด เพชรบูรณ์ ระดับความเหมาะสม s2 มีเนื้อที่ 29 ไร่
พื้นที่ความเหมาะสมพืชรายจังหวัด,-13-pdf (1).pdf,crop_suitability_by_province,กาแฟ(โรบัสต้า),เลย,ไร่,20,table,s2,146,พืช กาแฟ(โรบัสต้า) จังหวัด เลย ระดับความเหมาะสม s2 มีเนื้อที่ 146 ไร่
พื้นที่ความเหมาะสมพืชรายจังหวัด,-13-pdf (1).pdf,crop_suitability_by_province,กาแฟ(โรบัสต้า),แพร่,ไร่,20,table,s2,33,พืช กาแฟ(โรบัสต้า) จังหวัด แพร่ ระดับความเหมาะสม s2 มีเนื้อที่ 33 ไร่
พื้นที่ความเหมาะสมพืชรายจังหวัด,-13-pdf (1).pdf,crop_suitability_by_province,กาแฟ(โรบัสต้า),แม่ฮ่องสอน,ไร่,20,table,s2,7,พืช กาแฟ(โรบัสต้า) จังหวัด แม่ฮ่องสอน ระดับความเหมาะสม s2 มีเนื้อที่ 7 ไร่
พื้นที่ความเหมาะสมพืชรายจังหวัด,-13-pdf (1).pdf,crop_suitability_by_province,ข้าว,กระบี่,ไร่,2,table,s2,416,พืช ข้าว จังหวัด กระบี่ ระดับความเหมาะสม s2 มีเนื้อที่ 416 ไร่
พื้นที่ความเหมาะสมพืชรายจังหวัด,-13-pdf (1).pdf,crop_suitability_by_province,ข้าว,กาญจนบุรี,ไร่,1,table,s2,25327,พืช ข้าว จังหวัด กาญจนบุรี ระดับความเหมาะสม s2 มีเนื้อที่ 25327 ไร่
พื้นที่ความเหมาะสมพืชรายจังหวัด,-13-pdf (1).pdf,crop_suitability_by_province,ข้าว,กาญจนบุรี,ไร่,9,table,s2,21177,พืช ข้าว จังหวัด กาญจนบุรี ระดับความเหมาะสม s2 มีเนื้อที่ 21177 ไร่
พื้นที่ความเหมาะสมพืชรายจังหวัด,-13-pdf (1).pdf,crop_suitability_by_province,ข้าว,กาฬสินธุ์,ไร่,1,table,s2,309373,พืช ข้าว จังหวัด กาฬสินธุ์ ระดับความเหมาะสม s2 มีเนื้อที่ 309373 ไร่
พื้นที่ความเหมาะสมพืชรายจังหวัด,-13-pdf (1).pdf,crop_suitability_by_province,ข้าว,กาฬสินธุ์,ไร่,9,table,s2,197,พืช ข้าว จังหวัด กาฬสินธุ์ ระดับความเหมาะสม s2 มีเนื้อที่ 197 ไร่
พื้นที่ความเหมาะสมพืชรายจังหวัด,-13-pdf (1).pdf,crop_suitability_by_province,ข้าว,กำแพงเพชร,ไร่,1,table,s2,170212,พืช ข้าว จังหวัด กำแพงเพชร ระดับความเหมาะสม s2 มีเนื้อที่ 170212 ไร่
พื้นที่ความเหมาะสมพืชรายจังหวัด,-13-pdf (1).pdf,crop_suitability_by_province,ข้าว,กำแพงเพชร,ไร่,9,table,s2,8519,พืช ข้าว จังหวัด กำแพงเพชร ระดับความเหมาะสม s2 มีเนื้อที่ 8519 ไร่
พื้นที่ความเหมาะสมพืชรายจังหวัด,-13-pdf (1).pdf,crop_suitability_by_province,ข้าว,ขอนแก่น,ไร่,1,table,s2,915751,พืช ข้าว จังหวัด ขอนแก่น ระดับความเหมาะสม s2 มีเนื้อที่ 915751 ไร่
พื้นที่ความเหมาะสมพืชรายจังหวัด,-13-pdf (1).pdf,crop_suitability_by_province,ข้าว,ขอนแก่น,ไร่,9,table,s2,2107,พืช ข้าว จังหวัด ขอนแก่น ระดับความเหมาะสม s2 มีเนื้อที่ 2107 ไร่
พื้นที่ความเหมาะสมพืชรายจังหวัด,-13-pdf (1).pdf,crop_suitability_by_province,ข้าว,จันทบุรี,ไร่,2,table,s2,3301,พืช ข้าว จังหวัด จันทบุรี ระดับความเหมาะสม s2 มีเนื้อที่ 3301 ไร่
พื้นที่ความเหมาะสมพืชรายจังหวัด,-13-pdf (1).pdf,crop_suitability_by_province,ข้าว,จันทบุรี,ไร่,10,table,s2,557,พืช ข้าว จังหวัด จันทบุรี ระดับความเหมาะสม s2 มีเนื้อที่ 557 ไร่
พื้นที่ความเหมาะสมพืชรายจังหวัด,-13-pdf (1).pdf,crop_suitability_by_province,ข้าว,ฉะเชิงเทรา,ไร่,2,table,s2,275101,พืช ข้าว จังหวัด ฉะเชิงเทรา ระดับความเหมาะสม s2 มีเนื้อที่ 275101 ไร่
พื้นที่ความเหมาะสมพืชรายจังหวัด,-13-pdf (1).pdf,crop_suitability_by_province,ข้าว,ฉะเชิงเทรา,ไร่,10,table,s2,457,พืช ข้าว จังหวัด ฉะเชิงเทรา ระดับความเหมาะสม s2 มีเนื้อที่ 457 ไร่
พื้นที่ความเหมาะสมพืชรายจังหวัด,-13-pdf (1).pdf,crop_suitability_by_province,ข้าว,ชลบุรี,ไร่,2,table,s2,63668,พืช ข้าว จังหวัด ชลบุรี ระดับความเหมาะสม s2 มีเนื้อที่ 63668 ไร่
พื้นที่ความเหมาะสมพืชรายจังหวัด,-13-pdf (1).pdf,crop_suitability_by_province,ข้าว,ชลบุรี,ไร่,10,table,s2,793,พืช ข้าว จังหวัด ชลบุรี ระดับความเหมาะสม s2 มีเนื้อที่ 793 ไร่
พื้นที่ความเหมาะสมพืชรายจังหวัด,-13-pdf (1).pdf,crop_suitability_by_province,ข้าว,ชัยนาท,ไร่,1,table,s2,96212,พืช ข้าว จังหวัด ชัยนาท ระดับความเหมาะสม s2 มีเนื้อที่ 96212 ไร่
พื้นที่ความเหมาะสมพืชรายจังหวัด,-13-pdf (1).pdf,crop_suitability_by_province,ข้าว,ชัยนาท,ไร่,9,table,s2,1018,พืช ข้าว จังหวัด ชัยนาท ระดับความเหมาะสม s2 มีเนื้อที่ 1018 ไร่
พื้นที่ความเหมาะสมพืชรายจังหวัด,-13-pdf (1).pdf,crop_suitability_by_province,ข้าว,ชัยภูมิ,ไร่,1,table,s2,601395,พืช ข้าว จังหวัด ชัยภูมิ ระดับความเหมาะสม s2 มีเนื้อที่ 601395 ไร่
พื้นที่ความเหมาะสมพืชรายจังหวัด,-13-pdf (1).pdf,crop_suitability_by_province,ข้าว,ชัยภูมิ,ไร่,9,table,s2,16659,พืช ข้าว จังหวัด ชัยภูมิ ระดับความเหมาะสม s2 มีเนื้อที่ 16659 ไร่
พื้นที่ความเหมาะสมพืชรายจังหวัด,-13-pdf (1).pdf,crop_suitability_by_province,ข้าว,ชุมพร,ไร่,2,table,s2,2067,พืช ข้าว จังหวัด ชุมพร ระดับความเหมาะสม s2 มีเนื้อที่ 2067 ไร่
พื้นที่ความเหมาะสมพืชรายจังหวัด,-13-pdf (1).pdf,crop_suitability_by_province,ข้าว,ตรัง,ไร่,2,table,s2,691,พืช ข้าว จังหวัด ตรัง ระดับความเหมาะสม s2 มีเนื้อที่ 691 ไร่
พื้นที่ความเหมาะสมพืชรายจังหวัด,-13-pdf (1).pdf,crop_suitability_by_province,ข้าว,ตราด,ไร่,2,table,s2,1207,พืช ข้าว จังหวัด ตราด ระดับความเหมาะสม s2 มีเนื้อที่ 1207 ไร่
พื้นที่ความเหมาะสมพืชรายจังหวัด,-13-pdf (1).pdf,crop_suitability_by_province,ข้าว,ตาก,ไร่,1,table,s2,35977,พืช ข้าว จังหวัด ตาก ระดับความเหมาะสม s2 มีเนื้อที่ 35977 ไร่
พื้นที่ความเหมาะสมพืชรายจังหวัด,-13-pdf (1).pdf,crop_suitability_by_province,ข้าว,ตาก,ไร่,9,table,s2,126761,พืช ข้าว จังหวัด ตาก ระดับความเหมาะสม s2 มีเนื้อที่ 126761 ไร่
พื้นที่ความเหมาะสมพืชรายจังหวัด,-13-pdf (1).pdf,crop_suitability_by_province,ข้าว,นครนายก,ไร่,1,table,s2,120041,พืช ข้าว จังหวัด นครนายก ระดับความเหมาะสม s2 มีเนื้อที่ 120041 ไร่
พื้นที่ความเหมาะสมพืชรายจังหวัด,-13-pdf (1).pdf,crop_suitability_by_province,ข้าว,นครนายก,ไร่,9,table,s2,12,พืช ข้าว จังหวัด นครนายก ระดับความเหมาะสม s2 มีเนื้อที่ 12 ไร่
พื้นที่ความเหมาะสมพืชรายจังหวัด,-13-pdf (1).pdf,crop_suitability_by_province,ข้าว,นครปฐม,ไร่,9,table,s2,1718,พืช ข้าว จังหวัด นครปฐม ระดับความเหมาะสม s2 มีเนื้อที่ 1718 ไร่
พื้นที่ความเหมาะสมพืชรายจังหวัด,-13-pdf (1).pdf,crop_suitability_by_province,ข้าว,นครพนม,ไร่,1,table,s2,305096,พืช ข้าว จังหวัด นครพนม ระดับความเหมาะสม s2 มีเนื้อที่ 305096 ไร่
พื้นที่ความเหมาะสมพืชรายจังหวัด,-13-pdf (1).pdf,crop_suitability_by_province,ข้าว,นครพนม,ไร่,9,table,s2,96,พืช ข้าว จังหวัด นครพนม ระดับความเหมาะสม s2 มีเนื้อที่ 96 ไร่
พื้นที่ความเหมาะสมพืชรายจังหวัด,-13-pdf (1).pdf,crop_suitability_by_province,ข้าว,นครราชสีมา,ไร่,1,table,s2,1086939,พืช ข้าว จังหวัด นครราชสีมา ระดับความเหมาะสม s2 มีเนื้อที่ 1086939 ไร่
พื้นที่ความเหมาะสมพืชรายจังหวัด,-13-pdf (1).pdf,crop_suitability_by_province,ข้าว,นครราชสีมา,ไร่,9,table,s2,357749,พืช ข้าว จังหวัด นครราชสีมา ระดับความเหมาะสม s2 มีเนื้อที่ 357749 ไร่
พื้นที่ความเหมาะสมพืชรายจังหวัด,-13-pdf (1).pdf,crop_suitability_by_province,ข้าว,นครศรีธรรมราช,ไร่,2,table,s2,3234,พืช ข้าว จังหวัด นครศรีธรรมราช ระดับความเหมาะสม s2 มีเนื้อที่ 3234 ไร่
พื้นที่ความเหมาะสมพืชรายจังหวัด,-13-pdf (1).pdf,crop_suitability_by_province,ข้าว,นครสวรรค์,ไร่,1,table,s2,355247,พืช ข้าว จังหวัด นครสวรรค์ ระดับความเหมาะสม s2 มีเนื้อที่ 355247 ไร่
พื้นที่ความเหมาะสมพืชรายจังหวัด,-13-pdf (1).pdf,crop_suitability_by_province,ข้าว,นครสวรรค์,ไร่,9,table,s2,193680,พืช ข้าว จังหวัด นครสวรรค์ ระดับความเหมาะสม s2 มีเนื้อที่ 193680 ไร่
พื้นที่ความเหมาะสมพืชรายจังหวัด,-13-pdf (1).pdf,crop_suitability_by_province,ข้าว,นราธิวาส,ไร่,2,table,s2,30875,พืช ข้าว จังหวัด นราธิวาส ระดับความเหมาะสม s2 มีเนื้อที่ 30875 ไร่
พื้นที่ความเหมาะสมพืชรายจังหวัด,-13-pdf (1).pdf,crop_suitability_by_province,ข้าว,น่าน,ไร่,1,table,s2,86290,พืช ข้าว จังหวัด น่าน ระดับความเหมาะสม s2 มีเนื้อที่ 86290 ไร่
พื้นที่ความเหมาะสมพืชรายจังหวัด,-13-pdf (1).pdf,crop_suitability_by_province,ข้าว,น่าน,ไร่,9,table,s2,36902,พืช ข้าว จังหวัด น่าน ระดับความเหมาะสม s2 มีเนื้อที่ 36902 ไร่
พื้นที่ความเหมาะสมพืชรายจังหวัด,-13-pdf (1).pdf,crop_suitability_by_province,ข้าว,บึงกาฬ,ไร่,1,table,s2,105840,พืช ข้าว จังหวัด บึงกาฬ ระดับความเหมาะสม s2 มีเนื้อที่ 105840 ไร่
พื้นที่ความเหมาะสมพืชรายจังหวัด,-13-pdf (1).pdf,crop_suitability_by_province,ข้าว,บึงกาฬ,ไร่,9,table,s2,563,พืช ข้าว จังหวัด บึงกาฬ ระดับความเหมาะสม s2 มีเนื้อที่ 563 ไร่
พื้นที่ความเหมาะสมพืชรายจังหวัด,-13-pdf (1).pdf,crop_suitability_by_province,ข้าว,บุรีรัมย์,ไร่,1,table,s2,1785810,พืช ข้าว จังหวัด บุรีรัมย์ ระดับความเหมาะสม s2 มีเนื้อที่ 1785810 ไร่
พื้นที่ความเหมาะสมพืชรายจังหวัด,-13-pdf (1).pdf,crop_suitability_by_province,ข้าว,บุรีรัมย์,ไร่,9,table,s2,902,พืช ข้าว จังหวัด บุรีรัมย์ ระดับความเหมาะสม s2 มีเนื้อที่ 902 ไร่
พื้นที่ความเหมาะสมพืชรายจังหวัด,-13-pdf (1).pdf,crop_suitability_by_province,ข้าว,ปทุมธานี,ไร่,1,table,s2,6495,พืช ข้าว จังหวัด ปทุมธานี ระดับความเหมาะสม s2 มีเนื้อที่ 6495 ไร่
พื้นที่ความเหมาะสมพืชรายจังหวัด,-13-pdf (1).pdf,crop_suitability_by_province,ข้าว,ประจวบคีรีขันธ์,ไร่,1,table,s2,633,พืช ข้าว จังหวัด ประจวบคีรีขันธ์ ระดับความเหมาะสม s2 มีเนื้อที่ 633 ไร่
พื้นที่ความเหมาะสมพืชรายจังหวัด,-13-pdf (1).pdf,crop_suitability_by_province,ข้าว,ประจวบคีรีขันธ์,ไร่,9,table,s2,297,พืช ข้าว จังหวัด ประจวบคีรีขันธ์ ระดับความเหมาะสม s2 มีเนื้อที่ 297 ไร่
พื้นที่ความเหมาะสมพืชรายจังหวัด,-13-pdf (1).pdf,crop_suitability_by_province,ข้าว,ปราจีนบุรี,ไร่,2,table,s2,175208,พืช ข้าว จังหวัด ปราจีนบุรี ระดับความเหมาะสม s2 มีเนื้อที่ 175208 ไร่
พื้นที่ความเหมาะสมพืชรายจังหวัด,-13-pdf (1).pdf,crop_suitability_by_province,ข้าว,ปราจีนบุรี,ไร่,10,table,s2,301,พืช ข้าว จังหวัด ปราจีนบุรี ระดับความเหมาะสม s2 มีเนื้อที่ 301 ไร่
พื้นที่ความเหมาะสมพืชรายจังหวัด,-13-pdf (1).pdf,crop_suitability_by_province,ข้าว,ปัตตานี,ไร่,2,table,s2,12434,พืช ข้าว จังหวัด ปัตตานี ระดับความเหมาะสม s2 มีเนื้อที่ 12434 ไร่
พื้นที่ความเหมาะสมพืชรายจังหวัด,-13-pdf (1).pdf,crop_suitability_by_province,ข้าว,พระนครศรีอยุธยา,ไร่,1,table,s2,11653,พืช ข้าว จังหวัด พระนครศรีอยุธยา ระดับความเหมาะสม s2 มีเนื้อที่ 11653 ไร่
พื้นที่ความเหมาะสมพืชรายจังหวัด,-13-pdf (1).pdf,crop_suitability_by_province,ข้าว,พะเยา,ไร่,1,table,s2,530598,พืช ข้าว จังหวัด พะเยา ระดับความเหมาะสม s2 มีเนื้อที่ 530598 ไร่
พื้นที่ความเหมาะสมพืชรายจังหวัด,-13-pdf (1).pdf,crop_suitability_by_province,ข้าว,พะเยา,ไร่,9,table,s2,80321,พืช ข้าว จังหวัด พะเยา ระดับความเหมาะสม s2 มีเนื้อที่ 80321 ไร่
พื้นที่ความเหมาะสมพืชรายจังหวัด,-13-pdf (1).pdf,crop_suitability_by_province,ข้าว,พังงา,ไร่,2,table,s2,41,พืช ข้าว จังหวัด พังงา ระดับความเหมาะสม s2 มีเนื้อที่ 41 ไร่
พื้นที่ความเหมาะสมพืชรายจังหวัด,-13-pdf (1).pdf,crop_suitability_by_province,ข้าว,พัทลุง,ไร่,2,table,s2,43815,พืช ข้าว จังหวัด พัทลุง ระดับความเหมาะสม s2 มีเนื้อที่ 43815 ไร่
พื้นที่ความเหมาะสมพืชรายจังหวัด,-13-pdf (1).pdf,crop_suitability_by_province,ข้าว,พิจิตร,ไร่,1,table,s2,171204,พืช ข้าว จังหวัด พิจิตร ระดับความเหมาะสม s2 มีเนื้อที่ 171204 ไร่
พื้นที่ความเหมาะสมพืชรายจังหวัด,-13-pdf (1).pdf,crop_suitability_by_province,ข้าว,พิจิตร,ไร่,9,table,s2,11672,พืช ข้าว จังหวัด พิจิตร ระดับความเหมาะสม s2 มีเนื้อที่ 11672 ไร่
พื้นที่ความเหมาะสมพืชรายจังหวัด,-13-pdf (1).pdf,crop_suitability_by_province,ข้าว,พิษณุโลก,ไร่,1,table,s2,283881,พืช ข้าว จังหวัด พิษณุโลก ระดับความเหมาะสม s2 มีเนื้อที่ 283881 ไร่
พื้นที่ความเหมาะสมพืชรายจังหวัด,-13-pdf (1).pdf,crop_suitability_by_province,ข้าว,พิษณุโลก,ไร่,9,table,s2,100994,พืช ข้าว จังหวัด พิษณุโลก ระดับความเหมาะสม s2 มีเนื้อที่ 100994 ไร่
พื้นที่ความเหมาะสมพืชรายจังหวัด,-13-pdf (1).pdf,crop_suitability_by_province,ข้าว,ภูเก็ต,ไร่,2,table,s2,44,พืช ข้าว จังหวัด ภูเก็ต ระดับความเหมาะสม s2 มีเนื้อที่ 44 ไร่
พื้นที่ความเหมาะสมพืชรายจังหวัด,-13-pdf (1).pdf,crop_suitability_by_province,ข้าว,มหาสารคาม,ไร่,1,table,s2,1194344,พืช ข้าว จังหวัด มหาสารคาม ระดับความเหมาะสม s2 มีเนื้อที่ 1194344 ไร่
พื้นที่ความเหมาะสมพืชรายจังหวัด,-13-pdf (1).pdf,crop_suitability_by_province,ข้าว,มหาสารคาม,ไร่,9,table,s2,97,พืช ข้าว จังหวัด มหาสารคาม ระดับความเหมาะสม s2 มีเนื้อที่ 97 ไร่
พื้นที่ความเหมาะสมพืชรายจังหวัด,-13-pdf (1).pdf,crop_suitability_by_province,ข้าว,มุกดาหาร,ไร่,1,table,s2,49847,พืช ข้าว จังหวัด มุกดาหาร ระดับความเหมาะสม s2 มีเนื้อที่ 49847 ไร่
พื้นที่ความเหมาะสมพืชรายจังหวัด,-13-pdf (1).pdf,crop_suitability_by_province,ข้าว,ยะลา,ไร่,2,table,s2,1384,พืช ข้าว จังหวัด ยะลา ระดับความเหมาะสม s2 มีเนื้อที่ 1384 ไร่
พื้นที่ความเหมาะสมพืชรายจังหวัด,-13-pdf (1).pdf,crop_suitability_by_province,ข้าว,ยโสธร,ไร่,1,table,s2,528506,พืช ข้าว จังหวัด ยโสธร ระดับความเหมาะสม s2 มีเนื้อที่ 528506 ไร่
พื้นที่ความเหมาะสมพืชรายจังหวัด,-13-pdf (1).pdf,crop_suitability_by_province,ข้าว,ระนอง,ไร่,2,table,s2,69,พืช ข้าว จังหวัด ระนอง ระดับความเหมาะสม s2 มีเนื้อที่ 69 ไร่
พื้นที่ความเหมาะสมพืชรายจังหวัด,-13-pdf (1).pdf,crop_suitability_by_province,ข้าว,ระยอง,ไร่,2,table,s2,16029,พืช ข้าว จังหวัด ระยอง ระดับความเหมาะสม s2 มีเนื้อที่ 16029 ไร่
พื้นที่ความเหมาะสมพืชรายจังหวัด,-13-pdf (1).pdf,crop_suitability_by_province,ข้าว,ระยอง,ไร่,10,table,s2,7,พืช ข้าว จังหวัด ระยอง ระดับความเหมาะสม s2 มีเนื้อที่ 7 ไร่
พื้นที่ความเหมาะสมพืชรายจังหวัด,-13-pdf (1).pdf,crop_suitability_by_province,ข้าว,ราชบุรี,ไร่,1,table,s2,8504,พืช ข้าว จังหวัด ราชบุรี ระดับความเหมาะสม s2 มีเนื้อที่ 8504 ไร่
พื้นที่ความเหมาะสมพืชรายจังหวัด,-13-pdf (1).pdf,crop_suitability_by_province,ข้าว,ราชบุรี,ไร่,9,table,s2,425,พืช ข้าว จังหวัด ราชบุรี ระดับความเหมาะสม s2 มีเนื้อที่ 425 ไร่
พื้นที่ความเหมาะสมพืชรายจังหวัด,-13-pdf (1).pdf,crop_suitability_by_province,ข้าว,ร้อยเอ็ด,ไร่,1,table,s2,1819178,พืช ข้าว จังหวัด ร้อยเอ็ด ระดับความเหมาะสม s2 มีเนื้อที่ 1819178 ไร่
พื้นที่ความเหมาะสมพืชรายจังหวัด,-13-pdf (1).pdf,crop_suitability_by_province,ข้าว,ร้อยเอ็ด,ไร่,9,table,s2,10,พืช ข้าว จังหวัด ร้อยเอ็ด ระดับความเหมาะสม s2 มีเนื้อที่ 10 ไร่
พื้นที่ความเหมาะสมพืชรายจังหวัด,-13-pdf (1).pdf,crop_suitability_by_province,ข้าว,ลพบุรี,ไร่,2,table,s2,132369,พืช ข้าว จังหวัด ลพบุรี ระดับความเหมาะสม s2 มีเนื้อที่ 132369 ไร่
พื้นที่ความเหมาะสมพืชรายจังหวัด,-13-pdf (1).pdf,crop_suitability_by_province,ข้าว,ลพบุรี,ไร่,9,table,s2,126789,พืช ข้าว จังหวัด ลพบุรี ระดับความเหมาะสม s2 มีเนื้อที่ 126789 ไร่
พื้นที่ความเหมาะสมพืชรายจังหวัด,-13-pdf (1).pdf,crop_suitability_by_province,ข้าว,ลำปาง,ไร่,1,table,s2,166494,พืช ข้าว จังหวัด ลำปาง ระดับความเหมาะสม s2 มีเนื้อที่ 166494 ไร่
พื้นที่ความเหมาะสมพืชรายจังหวัด,-13-pdf (1).pdf,crop_suitability_by_province,ข้าว,ลำปาง,ไร่,9,table,s2,29821,พืช ข้าว จังหวัด ลำปาง ระดับความเหมาะสม s2 มีเนื้อที่ 29821 ไร่
พื้นที่ความเหมาะสมพืชรายจังหวัด,-13-pdf (1).pdf,crop_suitability_by_province,ข้าว,ลำพูน,ไร่,1,table,s2,53678,พืช ข้าว จังหวัด ลำพูน ระดับความเหมาะสม s2 มีเนื้อที่ 53678 ไร่
พื้นที่ความเหมาะสมพืชรายจังหวัด,-13-pdf (1).pdf,crop_suitability_by_province,ข้าว,ลำพูน,ไร่,9,table,s2,27345,พืช ข้าว จังหวัด ลำพูน ระดับความเหมาะสม s2 มีเนื้อที่ 27345 ไร่
พื้นที่ความเหมาะสมพืชรายจังหวัด,-13-pdf (1).pdf,crop_suitability_by_province,ข้าว,ศรีสะเกษ,ไร่,1,table,s2,636336,พืช ข้าว จังหวัด ศรีสะเกษ ระดับความเหมาะสม s2 มีเนื้อที่ 636336 ไร่
พื้นที่ความเหมาะสมพืชรายจังหวัด,-13-pdf (1).pdf,crop_suitability_by_province,ข้าว,ศรีสะเกษ,ไร่,9,table,s2,1050,พืช ข้าว จังหวัด ศรีสะเกษ ระดับความเหมาะสม s2 มีเนื้อที่ 1050 ไร่
พื้นที่ความเหมาะสมพืชรายจังหวัด,-13-pdf (1).pdf,crop_suitability_by_province,ข้าว,สกลนคร,ไร่,1,table,s2,420491,พืช ข้าว จังหวัด สกลนคร ระดับความเหมาะสม s2 มีเนื้อที่ 420491 ไร่
พื้นที่ความเหมาะสมพืชรายจังหวัด,-13-pdf (1).pdf,crop_suitability_by_province,ข้าว,สกลนคร,ไร่,9,table,s2,7,พืช ข้าว จังหวัด สกลนคร ระดับความเหมาะสม s2 มีเนื้อที่ 7 ไร่
พื้นที่ความเหมาะสมพืชรายจังหวัด,-13-pdf (1).pdf,crop_suitability_by_province,ข้าว,สงขลา,ไร่,2,table,s2,10572,พืช ข้าว จังหวัด สงขลา ระดับความเหมาะสม s2 มีเนื้อที่ 10572 ไร่
พื้นที่ความเหมาะสมพืชรายจังหวัด,-13-pdf (1).pdf,crop_suitability_by_province,ข้าว,สตูล,ไร่,2,table,s2,3146,พืช ข้าว จังหวัด สตูล ระดับความเหมาะสม s2 มีเนื้อที่ 3146 ไร่
พื้นที่ความเหมาะสมพืชรายจังหวัด,-13-pdf (1).pdf,crop_suitability_by_province,ข้าว,สระบุรี,ไร่,2,table,s2,83936,พืช ข้าว จังหวัด สระบุรี ระดับความเหมาะสม s2 มีเนื้อที่ 83936 ไร่
พื้นที่ความเหมาะสมพืชรายจังหวัด,-13-pdf (1).pdf,crop_suitability_by_province,ข้าว,สระบุรี,ไร่,9,table,s2,119859,พืช ข้าว จังหวัด สระบุรี ระดับความเหมาะสม s2 มีเนื้อที่ 119859 ไร่
พื้นที่ความเหมาะสมพืชรายจังหวัด,-13-pdf (1).pdf,crop_suitability_by_province,ข้าว,สระแก้ว,ไร่,2,table,s2,297452,พืช ข้าว จังหวัด สระแก้ว ระดับความเหมาะสม s2 มีเนื้อที่ 297452 ไร่
พื้นที่ความเหมาะสมพืชรายจังหวัด,-13-pdf (1).pdf,crop_suitability_by_province,ข้าว,สระแก้ว,ไร่,10,table,s2,20383,พืช ข้าว จังหวัด สระแก้ว ระดับความเหมาะสม s2 มีเนื้อที่ 20383 ไร่
พื้นที่ความเหมาะสมพืชรายจังหวัด,-13-pdf (1).pdf,crop_suitability_by_province,ข้าว,สุพรรณบุรี,ไร่,2,table,s2,48945,พืช ข้าว จังหวัด สุพรรณบุรี ระดับความเหมาะสม s2 มีเนื้อที่ 48945 ไร่
พื้นที่ความเหมาะสมพืชรายจังหวัด,-13-pdf (1).pdf,crop_suitability_by_province,ข้าว,สุพรรณบุรี,ไร่,10,table,s2,19599,พืช ข้าว จังหวัด สุพรรณบุรี ระดับความเหมาะสม s2 มีเนื้อที่ 19599 ไร่
พื้นที่ความเหมาะสมพืชรายจังหวัด,-13-pdf (1).pdf,crop_suitability_by_province,ข้าว,สุราษฎร์ธานี,ไร่,2,table,s2,531,พืช ข้าว จังหวัด สุราษฎร์ธานี ระดับความเหมาะสม s2 มีเนื้อที่ 531 ไร่
พื้นที่ความเหมาะสมพืชรายจังหวัด,-13-pdf (1).pdf,crop_suitability_by_province,ข้าว,สุรินทร์,ไร่,1,table,s2,1760128,พืช ข้าว จังหวัด สุรินทร์ ระดับความเหมาะสม s2 มีเนื้อที่ 1760128 ไร่
พื้นที่ความเหมาะสมพืชรายจังหวัด,-13-pdf (1).pdf,crop_suitability_by_province,ข้าว,สุรินทร์,ไร่,9,table,s2,16,พืช ข้าว จังหวัด สุรินทร์ ระดับความเหมาะสม s2 มีเนื้อที่ 16 ไร่
พื้นที่ความเหมาะสมพืชรายจังหวัด,-13-pdf (1).pdf,crop_suitability_by_province,ข้าว,สุโขทัย,ไร่,1,table,s2,715937,พืช ข้าว จังหวัด สุโขทัย ระดับความเหมาะสม s2 มีเนื้อที่ 715937 ไร่
พื้นที่ความเหมาะสมพืชรายจังหวัด,-13-pdf (1).pdf,crop_suitability_by_province,ข้าว,สุโขทัย,ไร่,9,table,s2,22711,พืช ข้าว จังหวัด สุโขทัย ระดับความเหมาะสม s2 มีเนื้อที่ 22711 ไร่
พื้นที่ความเหมาะสมพืชรายจังหวัด,-13-pdf (1).pdf,crop_suitability_by_province,ข้าว,หนองคาย,ไร่,1,table,s2,286419,พืช ข้าว จังหวัด หนองคาย ระดับความเหมาะสม s2 มีเนื้อที่ 286419 ไร่
พื้นที่ความเหมาะสมพืชรายจังหวัด,-13-pdf (1).pdf,crop_suitability_by_province,ข้าว,หนองคาย,ไร่,9,table,s2,369,พืช ข้าว จังหวัด หนองคาย ระดับความเหมาะสม s2 มีเนื้อที่ 369 ไร่
พื้นที่ความเหมาะสมพืชรายจังหวัด,-13-pdf (1).pdf,crop_suitability_by_province,ข้าว,หนองบัวลำภู,ไร่,1,table,s2,292892,พืช ข้าว จังหวัด หนองบัวลำภู ระดับความเหมาะสม s2 มีเนื้อที่ 292892 ไร่
พื้นที่ความเหมาะสมพืชรายจังหวัด,-13-pdf (1).pdf,crop_suitability_by_province,ข้าว,หนองบัวลำภู,ไร่,9,table,s2,3681,พืช ข้าว จังหวัด หนองบัวลำภู ระดับความเหมาะสม s2 มีเนื้อที่ 3681 ไร่
พื้นที่ความเหมาะสมพืชรายจังหวัด,-13-pdf (1).pdf,crop_suitability_by_province,ข้าว,อำนาจเจริญ,ไร่,1,table,s2,255324,พืช ข้าว จังหวัด อำนาจเจริญ ระดับความเหมาะสม s2 มีเนื้อที่ 255324 ไร่
พื้นที่ความเหมาะสมพืชรายจังหวัด,-13-pdf (1).pdf,crop_suitability_by_province,ข้าว,อำนาจเจริญ,ไร่,9,table,s2,8,พืช ข้าว จังหวัด อำนาจเจริญ ระดับความเหมาะสม s2 มีเนื้อที่ 8 ไร่
พื้นที่ความเหมาะสมพืชรายจังหวัด,-13-pdf (1).pdf,crop_suitability_by_province,ข้าว,อุดรธานี,ไร่,1,table,s2,1011013,พืช ข้าว จังหวัด อุดรธานี ระดับความเหมาะสม s2 มีเนื้อที่ 1011013 ไร่
พื้นที่ความเหมาะสมพืชรายจังหวัด,-13-pdf (1).pdf,crop_suitability_by_province,ข้าว,อุดรธานี,ไร่,9,table,s2,1100,พืช ข้าว จังหวัด อุดรธานี ระดับความเหมาะสม s2 มีเนื้อที่ 1100 ไร่
พื้นที่ความเหมาะสมพืชรายจังหวัด,-13-pdf (1).pdf,crop_suitability_by_province,ข้าว,อุตรดิตถ์,ไร่,1,table,s2,482066,พืช ข้าว จังหวัด อุตรดิตถ์ ระดับความเหมาะสม s2 มีเนื้อที่ 482066 ไร่
พื้นที่ความเหมาะสมพืชรายจังหวัด,-13-pdf (1).pdf,crop_suitability_by_province,ข้าว,อุตรดิตถ์,ไร่,9,table,s2,69238,พืช ข้าว จังหวัด อุตรดิตถ์ ระดับความเหมาะสม s2 มีเนื้อที่ 69238 ไร่
พื้นที่ความเหมาะสมพืชรายจังหวัด,-13-pdf (1).pdf,crop_suitability_by_province,ข้าว,อุทัยธานี,ไร่,1,table,s2,189914,พืช ข้าว จังหวัด อุทัยธานี ระดับความเหมาะสม s2 มีเนื้อที่ 189914 ไร่
พื้นที่ความเหมาะสมพืชรายจังหวัด,-13-pdf (1).pdf,crop_suitability_by_province,ข้าว,อุทัยธานี,ไร่,9,table,s2,47118,พืช ข้าว จังหวัด อุทัยธานี ระดับความเหมาะสม s2 มีเนื้อที่ 47118 ไร่
พื้นที่ความเหมาะสมพืชรายจังหวัด,-13-pdf (1).pdf,crop_suitability_by_province,ข้าว,อุบลราชธานี,ไร่,1,table,s2,976244,พืช ข้าว จังหวัด อุบลราชธานี ระดับความเหมาะสม s2 มีเนื้อที่ 976244 ไร่
พื้นที่ความเหมาะสมพืชรายจังหวัด,-13-pdf (1).pdf,crop_suitability_by_province,ข้าว,อุบลราชธานี,ไร่,9,table,s2,166,พืช ข้าว จังหวัด อุบลราชธานี ระดับความเหมาะสม s2 มีเนื้อที่ 166 ไร่
พื้นที่ความเหมาะสมพืชรายจังหวัด,-13-pdf (1).pdf,crop_suitability_by_province,ข้าว,เชียงราย,ไร่,1,table,s2,229749,พืช ข้าว จังหวัด เชียงราย ระดับความเหมาะสม s2 มีเนื้อที่ 229749 ไร่
พื้นที่ความเหมาะสมพืชรายจังหวัด,-13-pdf (1).pdf,crop_suitability_by_province,ข้าว,เชียงราย,ไร่,9,table,s2,47741,พืช ข้าว จังหวัด เชียงราย ระดับความเหมาะสม s2 มีเนื้อที่ 47741 ไร่
พื้นที่ความเหมาะสมพืชรายจังหวัด,-13-pdf (1).pdf,crop_suitability_by_province,ข้าว,เชียงใหม่,ไร่,1,table,s2,163397,พืช ข้าว จังหวัด เชียงใหม่ ระดับความเหมาะสม s2 มีเนื้อที่ 163397 ไร่
พื้นที่ความเหมาะสมพืชรายจังหวัด,-13-pdf (1).pdf,crop_suitability_by_province,ข้าว,เชียงใหม่,ไร่,9,table,s2,38328,พืช ข้าว จังหวัด เชียงใหม่ ระดับความเหมาะสม s2 มีเนื้อที่ 38328 ไร่
พื้นที่ความเหมาะสมพืชรายจังหวัด,-13-pdf (1).pdf,crop_suitability_by_province,ข้าว,เพชรบุรี,ไร่,1,table,s2,33670,พืช ข้าว จังหวัด เพชรบุรี ระดับความเหมาะสม s2 มีเนื้อที่ 33670 ไร่
พื้นที่ความเหมาะสมพืชรายจังหวัด,-13-pdf (1).pdf,crop_suitability_by_province,ข้าว,เพชรบุรี,ไร่,9,table,s2,1086,พืช ข้าว จังหวัด เพชรบุรี ระดับความเหมาะสม s2 มีเนื้อที่ 1086 ไร่
พื้นที่ความเหมาะสมพืชรายจังหวัด,-13-pdf (1).pdf,crop_suitability_by_province,ข้าว,เพชรบูรณ์,ไร่,1,table,s2,941817,พืช ข้าว จังหวัด เพชรบูรณ์ ระดับความเหมาะสม s2 มีเนื้อที่ 941817 ไร่
พื้นที่ความเหมาะสมพืชรายจังหวัด,-13-pdf (1).pdf,crop_suitability_by_province,ข้าว,เพชรบูรณ์,ไร่,9,table,s2,200449,พืช ข้าว จังหวัด เพชรบูรณ์ ระดับความเหมาะสม s2 มีเนื้อที่ 200449 ไร่
พื้นที่ความเหมาะสมพืชรายจังหวัด,-13-pdf (1).pdf,crop_suitability_by_province,ข้าว,เลย,ไร่,1,table,s2,182875,พืช ข้าว จังหวัด เลย ระดับความเหมาะสม s2 มีเนื้อที่ 182875 ไร่
พื้นที่ความเหมาะสมพืชรายจังหวัด,-13-pdf (1).pdf,crop_suitability_by_province,ข้าว,เลย,ไร่,9,table,s2,105158,พืช ข้าว จังหวัด เลย ระดับความเหมาะสม s2 มีเนื้อที่ 105158 ไร่
พื้นที่ความเหมาะสมพืชรายจังหวัด,-13-pdf (1).pdf,crop_suitability_by_province,ข้าว,แพร่,ไร่,1,table,s2,94777,พืช ข้าว จังหวัด แพร่ ระดับความเหมาะสม s2 มีเนื้อที่ 94777 ไร่
พื้นที่ความเหมาะสมพืชรายจังหวัด,-13-pdf (1).pdf,crop_suitability_by_province,ข้าว,แพร่,ไร่,9,table,s2,49678,พืช ข้าว จังหวัด แพร่ ระดับความเหมาะสม s2 มีเนื้อที่ 49678 ไร่
พื้นที่ความเหมาะสมพืชรายจังหวัด,-13-pdf (1).pdf,crop_suitability_by_province,ข้าว,แม่ฮ่องสอน,ไร่,1,table,s2,32400,พืช ข้าว จังหวัด แม่ฮ่องสอน ระดับความเหมาะสม s2 มีเนื้อที่ 32400 ไร่
พื้นที่ความเหมาะสมพืชรายจังหวัด,-13-pdf (1).pdf,crop_suitability_by_province,ข้าว,แม่ฮ่องสอน,ไร่,9,table,s2,5319,พืช ข้าว จังหวัด แม่ฮ่องสอน ระดับความเหมาะสม s2 มีเนื้อที่ 5319 ไร่
พื้นที่ความเหมาะสมพืชรายจังหวัด,-13-pdf (1).pdf,crop_suitability_by_province,ทุเรียน,กระบี่,ไร่,16,table,s2,1,พืช ทุเรียน จังหวัด กระบี่ ระดับความเหมาะสม s2 มีเนื้อที่ 1 ไร่
พื้นที่ความเหมาะสมพืชรายจังหวัด,-13-pdf (1).pdf,crop_suitability_by_province,ทุเรียน,กาญจนบุรี,ไร่,16,table,s2,921,พืช ทุเรียน จังหวัด กาญจนบุรี ระดับความเหมาะสม s2 มีเนื้อที่ 921 ไร่
พื้นที่ความเหมาะสมพืชรายจังหวัด,-13-pdf (1).pdf,crop_suitability_by_province,ทุเรียน,จันทบุรี,ไร่,16,table,s2,35341,พืช ทุเรียน จังหวัด จันทบุรี ระดับความเหมาะสม s2 มีเนื้อที่ 35341 ไร่
พื้นที่ความเหมาะสมพืชรายจังหวัด,-13-pdf (1).pdf,crop_suitability_by_province,ทุเรียน,ชลบุรี,ไร่,16,table,s2,219,พืช ทุเรียน จังหวัด ชลบุรี ระดับความเหมาะสม s2 มีเนื้อที่ 219 ไร่
พื้นที่ความเหมาะสมพืชรายจังหวัด,-13-pdf (1).pdf,crop_suitability_by_province,ทุเรียน,ชุมพร,ไร่,16,table,s2,40645,พืช ทุเรียน จังหวัด ชุมพร ระดับความเหมาะสม s2 มีเนื้อที่ 40645 ไร่
พื้นที่ความเหมาะสมพืชรายจังหวัด,-13-pdf (1).pdf,crop_suitability_by_province,ทุเรียน,ตรัง,ไร่,16,table,s2,1231,พืช ทุเรียน จังหวัด ตรัง ระดับความเหมาะสม s2 มีเนื้อที่ 1231 ไร่
พื้นที่ความเหมาะสมพืชรายจังหวัด,-13-pdf (1).pdf,crop_suitability_by_province,ทุเรียน,นครศรีธรรมราช,ไร่,16,table,s2,46826,พืช ทุเรียน จังหวัด นครศรีธรรมราช ระดับความเหมาะสม s2 มีเนื้อที่ 46826 ไร่
พื้นที่ความเหมาะสมพืชรายจังหวัด,-13-pdf (1).pdf,crop_suitability_by_province,ทุเรียน,นราธิวาส,ไร่,16,table,s2,1683,พืช ทุเรียน จังหวัด นราธิวาส ระดับความเหมาะสม s2 มีเนื้อที่ 1683 ไร่
พื้นที่ความเหมาะสมพืชรายจังหวัด,-13-pdf (1).pdf,crop_suitability_by_province,ทุเรียน,ประจวบคีรีขันธ์,ไร่,16,table,s2,300,พืช ทุเรียน จังหวัด ประจวบคีรีขันธ์ ระดับความเหมาะสม s2 มีเนื้อที่ 300 ไร่
พื้นที่ความเหมาะสมพืชรายจังหวัด,-13-pdf (1).pdf,crop_suitability_by_province,ทุเรียน,ปัตตานี,ไร่,16,table,s2,9287,พืช ทุเรียน จังหวัด ปัตตานี ระดับความเหมาะสม s2 มีเนื้อที่ 9287 ไร่
พื้นที่ความเหมาะสมพืชรายจังหวัด,-13-pdf (1).pdf,crop_suitability_by_province,ทุเรียน,พังงา,ไร่,16,table,s2,21,พืช ทุเรียน จังหวัด พังงา ระดับความเหมาะสม s2 มีเนื้อที่ 21 ไร่
พื้นที่ความเหมาะสมพืชรายจังหวัด,-13-pdf (1).pdf,crop_suitability_by_province,ทุเรียน,พัทลุง,ไร่,16,table,s2,5354,พืช ทุเรียน จังหวัด พัทลุง ระดับความเหมาะสม s2 มีเนื้อที่ 5354 ไร่
พื้นที่ความเหมาะสมพืชรายจังหวัด,-13-pdf (1).pdf,crop_suitability_by_province,ทุเรียน,ยะลา,ไร่,16,table,s2,167,พืช ทุเรียน จังหวัด ยะลา ระดับความเหมาะสม s2 มีเนื้อที่ 167 ไร่
พื้นที่ความเหมาะสมพืชรายจังหวัด,-13-pdf (1).pdf,crop_suitability_by_province,ทุเรียน,ระนอง,ไร่,16,table,s2,279,พืช ทุเรียน จังหวัด ระนอง ระดับความเหมาะสม s2 มีเนื้อที่ 279 ไร่
พื้นที่ความเหมาะสมพืชรายจังหวัด,-13-pdf (1).pdf,crop_suitability_by_province,ทุเรียน,ระยอง,ไร่,16,table,s2,12209,พืช ทุเรียน จังหวัด ระยอง ระดับความเหมาะสม s2 มีเนื้อที่ 12209 ไร่
พื้นที่ความเหมาะสมพืชรายจังหวัด,-13-pdf (1).pdf,crop_suitability_by_province,ทุเรียน,ศรีสะเกษ,ไร่,16,table,s2,6295,พืช ทุเรียน จังหวัด ศรีสะเกษ ระดับความเหมาะสม s2 มีเนื้อที่ 6295 ไร่
พื้นที่ความเหมาะสมพืชรายจังหวัด,-13-pdf (1).pdf,crop_suitability_by_province,ทุเรียน,สกลนคร,ไร่,16,table,s2,6,พืช ทุเรียน จังหวัด สกลนคร ระดับความเหมาะสม s2 มีเนื้อที่ 6 ไร่
พื้นที่ความเหมาะสมพืชรายจังหวัด,-13-pdf (1).pdf,crop_suitability_by_province,ทุเรียน,สงขลา,ไร่,16,table,s2,252,พืช ทุเรียน จังหวัด สงขลา ระดับความเหมาะสม s2 มีเนื้อที่ 252 ไร่
พื้นที่ความเหมาะสมพืชรายจังหวัด,-13-pdf (1).pdf,crop_suitability_by_province,ทุเรียน,สตูล,ไร่,16,table,s2,21,พืช ทุเรียน จังหวัด สตูล ระดับความเหมาะสม s2 มีเนื้อที่ 21 ไร่
พื้นที่ความเหมาะสมพืชรายจังหวัด,-13-pdf (1).pdf,crop_suitability_by_province,ทุเรียน,สุราษฎร์ธานี,ไร่,16,table,s2,10558,พืช ทุเรียน จังหวัด สุราษฎร์ธานี ระดับความเหมาะสม s2 มีเนื้อที่ 10558 ไร่
พื้นที่ความเหมาะสมพืชรายจังหวัด,-13-pdf (1).pdf,crop_suitability_by_province,ทุเรียน,อุบลราชธานี,ไร่,16,table,s2,700,พืช ทุเรียน จังหวัด อุบลราชธานี ระดับความเหมาะสม s2 มีเนื้อที่ 700 ไร่
พื้นที่ความเหมาะสมพืชรายจังหวัด,-13-pdf (1).pdf,crop_suitability_by_province,ทุเรียน,เชียงใหม่,ไร่,16,table,s2,1,พืช ทุเรียน จังหวัด เชียงใหม่ ระดับความเหมาะสม s2 มีเนื้อที่ 1 ไร่
พื้นที่ความเหมาะสมพืชรายจังหวัด,-13-pdf (1).pdf,crop_suitability_by_province,ปาล์มน้ำมัน,กระบี่,ไร่,6,table,s2,472038,พืช ปาล์มน้ำมัน จังหวัด กระบี่ ระดับความเหมาะสม s2 มีเนื้อที่ 472038 ไร่
พื้นที่ความเหมาะสมพืชรายจังหวัด,-13-pdf (1).pdf,crop_suitability_by_province,ปาล์มน้ำมัน,จันทบุรี,ไร่,5,table,s2,4248,พืช ปาล์มน้ำมัน จังหวัด จันทบุรี ระดับความเหมาะสม s2 มีเนื้อที่ 4248 ไร่
พื้นที่ความเหมาะสมพืชรายจังหวัด,-13-pdf (1).pdf,crop_suitability_by_province,ปาล์มน้ำมัน,ชุมพร,ไร่,6,table,s2,414102,พืช ปาล์มน้ำมัน จังหวัด ชุมพร ระดับความเหมาะสม s2 มีเนื้อที่ 414102 ไร่
พื้นที่ความเหมาะสมพืชรายจังหวัด,-13-pdf (1).pdf,crop_suitability_by_province,ปาล์มน้ำมัน,ตรัง,ไร่,6,table,s2,60444,พืช ปาล์มน้ำมัน จังหวัด ตรัง ระดับความเหมาะสม s2 มีเนื้อที่ 60444 ไร่
พื้นที่ความเหมาะสมพืชรายจังหวัด,-13-pdf (1).pdf,crop_suitability_by_province,ปาล์มน้ำมัน,ตราด,ไร่,5,table,s2,16970,พืช ปาล์มน้ำมัน จังหวัด ตราด ระดับความเหมาะสม s2 มีเนื้อที่ 16970 ไร่
พื้นที่ความเหมาะสมพืชรายจังหวัด,-13-pdf (1).pdf,crop_suitability_by_province,ปาล์มน้ำมัน,นครพนม,ไร่,5,table,s2,1659,พืช ปาล์มน้ำมัน จังหวัด นครพนม ระดับความเหมาะสม s2 มีเนื้อที่ 1659 ไร่
พื้นที่ความเหมาะสมพืชรายจังหวัด,-13-pdf (1).pdf,crop_suitability_by_province,ปาล์มน้ำมัน,นครศรีธรรมราช,ไร่,6,table,s2,143721,พืช ปาล์มน้ำมัน จังหวัด นครศรีธรรมราช ระดับความเหมาะสม s2 มีเนื้อที่ 143721 ไร่
พื้นที่ความเหมาะสมพืชรายจังหวัด,-13-pdf (1).pdf,crop_suitability_by_province,ปาล์มน้ำมัน,นราธิวาส,ไร่,6,table,s2,14074,พืช ปาล์มน้ำมัน จังหวัด นราธิวาส ระดับความเหมาะสม s2 มีเนื้อที่ 14074 ไร่
พื้นที่ความเหมาะสมพืชรายจังหวัด,-13-pdf (1).pdf,crop_suitability_by_province,ปาล์มน้ำมัน,บึงกาฬ,ไร่,5,table,s2,16603,พืช ปาล์มน้ำมัน จังหวัด บึงกาฬ ระดับความเหมาะสม s2 มีเนื้อที่ 16603 ไร่
พื้นที่ความเหมาะสมพืชรายจังหวัด,-13-pdf (1).pdf,crop_suitability_by_province,ปาล์มน้ำมัน,ปัตตานี,ไร่,6,table,s2,9560,พืช ปาล์มน้ำมัน จังหวัด ปัตตานี ระดับความเหมาะสม s2 มีเนื้อที่ 9560 ไร่
พื้นที่ความเหมาะสมพืชรายจังหวัด,-13-pdf (1).pdf,crop_suitability_by_province,ปาล์มน้ำมัน,พังงา,ไร่,6,table,s2,52902,พืช ปาล์มน้ำมัน จังหวัด พังงา ระดับความเหมาะสม s2 มีเนื้อที่ 52902 ไร่
พื้นที่ความเหมาะสมพืชรายจังหวัด,-13-pdf (1).pdf,crop_suitability_by_province,ปาล์มน้ำมัน,พัทลุง,ไร่,6,table,s2,23537,พืช ปาล์มน้ำมัน จังหวัด พัทลุง ระดับความเหมาะสม s2 มีเนื้อที่ 23537 ไร่
พื้นที่ความเหมาะสมพืชรายจังหวัด,-13-pdf (1).pdf,crop_suitability_by_province,ปาล์มน้ำมัน,ภูเก็ต,ไร่,6,table,s2,381,พืช ปาล์มน้ำมัน จังหวัด ภูเก็ต ระดับความเหมาะสม s2 มีเนื้อที่ 381 ไร่
พื้นที่ความเหมาะสมพืชรายจังหวัด,-13-pdf (1).pdf,crop_suitability_by_province,ปาล์มน้ำมัน,ยะลา,ไร่,6,table,s2,1072,พืช ปาล์มน้ำมัน จังหวัด ยะลา ระดับความเหมาะสม s2 มีเนื้อที่ 1072 ไร่
พื้นที่ความเหมาะสมพืชรายจังหวัด,-13-pdf (1).pdf,crop_suitability_by_province,ปาล์มน้ำมัน,ระนอง,ไร่,6,table,s2,38803,พืช ปาล์มน้ำมัน จังหวัด ระนอง ระดับความเหมาะสม s2 มีเนื้อที่ 38803 ไร่
พื้นที่ความเหมาะสมพืชรายจังหวัด,-13-pdf (1).pdf,crop_suitability_by_province,ปาล์มน้ำมัน,ระยอง,ไร่,5,table,s2,3,พืช ปาล์มน้ำมัน จังหวัด ระยอง ระดับความเหมาะสม s2 มีเนื้อที่ 3 ไร่
พื้นที่ความเหมาะสมพืชรายจังหวัด,-13-pdf (1).pdf,crop_suitability_by_province,ปาล์มน้ำมัน,ศรีสะเกษ,ไร่,6,table,s2,1607,พืช ปาล์มน้ำมัน จังหวัด ศรีสะเกษ ระดับความเหมาะสม s2 มีเนื้อที่ 1607 ไร่
พื้นที่ความเหมาะสมพืชรายจังหวัด,-13-pdf (1).pdf,crop_suitability_by_province,ปาล์มน้ำมัน,สกลนคร,ไร่,6,table,s2,1033,พืช ปาล์มน้ำมัน จังหวัด สกลนคร ระดับความเหมาะสม s2 มีเนื้อที่ 1033 ไร่
พื้นที่ความเหมาะสมพืชรายจังหวัด,-13-pdf (1).pdf,crop_suitability_by_province,ปาล์มน้ำมัน,สงขลา,ไร่,6,table,s2,26531,พืช ปาล์มน้ำมัน จังหวัด สงขลา ระดับความเหมาะสม s2 มีเนื้อที่ 26531 ไร่
พื้นที่ความเหมาะสมพืชรายจังหวัด,-13-pdf (1).pdf,crop_suitability_by_province,ปาล์มน้ำมัน,สตูล,ไร่,6,table,s2,6653,พืช ปาล์มน้ำมัน จังหวัด สตูล ระดับความเหมาะสม s2 มีเนื้อที่ 6653 ไร่
พื้นที่ความเหมาะสมพืชรายจังหวัด,-13-pdf (1).pdf,crop_suitability_by_province,ปาล์มน้ำมัน,สุราษฎร์ธานี,ไร่,6,table,s2,584419,พืช ปาล์มน้ำมัน จังหวัด สุราษฎร์ธานี ระดับความเหมาะสม s2 มีเนื้อที่ 584419 ไร่
พื้นที่ความเหมาะสมพืชรายจังหวัด,-13-pdf (1).pdf,crop_suitability_by_province,ปาล์มน้ำมัน,หนองคาย,ไร่,6,table,s2,550,พืช ปาล์มน้ำมัน จังหวัด หนองคาย ระดับความเหมาะสม s2 มีเนื้อที่ 550 ไร่
พื้นที่ความเหมาะสมพืชรายจังหวัด,-13-pdf (1).pdf,crop_suitability_by_province,ปาล์มน้ำมัน,อุบลราชธานี,ไร่,6,table,s2,5977,พืช ปาล์มน้ำมัน จังหวัด อุบลราชธานี ระดับความเหมาะสม s2 มีเนื้อที่ 5977 ไร่
พื้นที่ความเหมาะสมพืชรายจังหวัด,-13-pdf (1).pdf,crop_suitability_by_province,ปาล์มน้ำมัน,เชียงราย,ไร่,5,table,s2,2886,พืช ปาล์มน้ำมัน จังหวัด เชียงราย ระดับความเหมาะสม s2 มีเนื้อที่ 2886 ไร่
พื้นที่ความเหมาะสมพืชรายจังหวัด,-13-pdf (1).pdf,crop_suitability_by_province,มะพร้าว,กระบี่,ไร่,19,table,s2,2337,พืช มะพร้าว จังหวัด กระบี่ ระดับความเหมาะสม s2 มีเนื้อที่ 2337 ไร่
พื้นที่ความเหมาะสมพืชรายจังหวัด,-13-pdf (1).pdf,crop_suitability_by_province,มะพร้าว,กรุงเทพมหานคร,ไร่,18,table,s2,3247,พืช มะพร้าว จังหวัด กรุงเทพมหานคร ระดับความเหมาะสม s2 มีเนื้อที่ 3247 ไร่
พื้นที่ความเหมาะสมพืชรายจังหวัด,-13-pdf (1).pdf,crop_suitability_by_province,มะพร้าว,กาญจนบุรี,ไร่,18,table,s2,326,พืช มะพร้าว จังหวัด กาญจนบุรี ระดับความเหมาะสม s2 มีเนื้อที่ 326 ไร่
พื้นที่ความเหมาะสมพืชรายจังหวัด,-13-pdf (1).pdf,crop_suitability_by_province,มะพร้าว,กาฬสินธุ์,ไร่,18,table,s2,84,พืช มะพร้าว จังหวัด กาฬสินธุ์ ระดับความเหมาะสม s2 มีเนื้อที่ 84 ไร่
พื้นที่ความเหมาะสมพืชรายจังหวัด,-13-pdf (1).pdf,crop_suitability_by_province,มะพร้าว,กำแพงเพชร,ไร่,18,table,s2,1064,พืช มะพร้าว จังหวัด กำแพงเพชร ระดับความเหมาะสม s2 มีเนื้อที่ 1064 ไร่
พื้นที่ความเหมาะสมพืชรายจังหวัด,-13-pdf (1).pdf,crop_suitability_by_province,มะพร้าว,ขอนแก่น,ไร่,18,table,s2,72,พืช มะพร้าว จังหวัด ขอนแก่น ระดับความเหมาะสม s2 มีเนื้อที่ 72 ไร่
พื้นที่ความเหมาะสมพืชรายจังหวัด,-13-pdf (1).pdf,crop_suitability_by_province,มะพร้าว,จันทบุรี,ไร่,19,table,s2,1071,พืช มะพร้าว จังหวัด จันทบุรี ระดับความเหมาะสม s2 มีเนื้อที่ 1071 ไร่
พื้นที่ความเหมาะสมพืชรายจังหวัด,-13-pdf (1).pdf,crop_suitability_by_province,มะพร้าว,ฉะเชิงเทรา,ไร่,19,table,s2,3499,พืช มะพร้าว จังหวัด ฉะเชิงเทรา ระดับความเหมาะสม s2 มีเนื้อที่ 3499 ไร่
พื้นที่ความเหมาะสมพืชรายจังหวัด,-13-pdf (1).pdf,crop_suitability_by_province,มะพร้าว,ชลบุรี,ไร่,19,table,s2,57422,พืช มะพร้าว จังหวัด ชลบุรี ระดับความเหมาะสม s2 มีเนื้อที่ 57422 ไร่
พื้นที่ความเหมาะสมพืชรายจังหวัด,-13-pdf (1).pdf,crop_suitability_by_province,มะพร้าว,ชุมพร,ไร่,19,table,s2,62793,พืช มะพร้าว จังหวัด ชุมพร ระดับความเหมาะสม s2 มีเนื้อที่ 62793 ไร่
พื้นที่ความเหมาะสมพืชรายจังหวัด,-13-pdf (1).pdf,crop_suitability_by_province,มะพร้าว,ตรัง,ไร่,19,table,s2,1399,พืช มะพร้าว จังหวัด ตรัง ระดับความเหมาะสม s2 มีเนื้อที่ 1399 ไร่
พื้นที่ความเหมาะสมพืชรายจังหวัด,-13-pdf (1).pdf,crop_suitability_by_province,มะพร้าว,ตราด,ไร่,19,table,s2,1243,พืช มะพร้าว จังหวัด ตราด ระดับความเหมาะสม s2 มีเนื้อที่ 1243 ไร่
พื้นที่ความเหมาะสมพืชรายจังหวัด,-13-pdf (1).pdf,crop_suitability_by_province,มะพร้าว,ตาก,ไร่,18,table,s2,37,พืช มะพร้าว จังหวัด ตาก ระดับความเหมาะสม s2 มีเนื้อที่ 37 ไร่
พื้นที่ความเหมาะสมพืชรายจังหวัด,-13-pdf (1).pdf,crop_suitability_by_province,มะพร้าว,นครปฐม,ไร่,18,table,s2,2915,พืช มะพร้าว จังหวัด นครปฐม ระดับความเหมาะสม s2 มีเนื้อที่ 2915 ไร่
พื้นที่ความเหมาะสมพืชรายจังหวัด,-13-pdf (1).pdf,crop_suitability_by_province,มะพร้าว,นครพนม,ไร่,18,table,s2,30,พืช มะพร้าว จังหวัด นครพนม ระดับความเหมาะสม s2 มีเนื้อที่ 30 ไร่
พื้นที่ความเหมาะสมพืชรายจังหวัด,-13-pdf (1).pdf,crop_suitability_by_province,มะพร้าว,นครราชสีมา,ไร่,18,table,s2,38,พืช มะพร้าว จังหวัด นครราชสีมา ระดับความเหมาะสม s2 มีเนื้อที่ 38 ไร่
พื้นที่ความเหมาะสมพืชรายจังหวัด,-13-pdf (1).pdf,crop_suitability_by_province,มะพร้าว,นครศรีธรรมราช,ไร่,19,table,s2,45785,พืช มะพร้าว จังหวัด นครศรีธรรมราช ระดับความเหมาะสม s2 มีเนื้อที่ 45785 ไร่
พื้นที่ความเหมาะสมพืชรายจังหวัด,-13-pdf (1).pdf,crop_suitability_by_province,มะพร้าว,นครสวรรค์,ไร่,18,table,s2,240,พืช มะพร้าว จังหวัด นครสวรรค์ ระดับความเหมาะสม s2 มีเนื้อที่ 240 ไร่
พื้นที่ความเหมาะสมพืชรายจังหวัด,-13-pdf (1).pdf,crop_suitability_by_province,มะพร้าว,นนทบุรี,ไร่,19,table,s2,101,พืช มะพร้าว จังหวัด นนทบุรี ระดับความเหมาะสม s2 มีเนื้อที่ 101 ไร่
พื้นที่ความเหมาะสมพืชรายจังหวัด,-13-pdf (1).pdf,crop_suitability_by_province,มะพร้าว,นราธิวาส,ไร่,19,table,s2,10974,พืช มะพร้าว จังหวัด นราธิวาส ระดับความเหมาะสม s2 มีเนื้อที่ 10974 ไร่
พื้นที่ความเหมาะสมพืชรายจังหวัด,-13-pdf (1).pdf,crop_suitability_by_province,มะพร้าว,น่าน,ไร่,18,table,s2,11,พืช มะพร้าว จังหวัด น่าน ระดับความเหมาะสม s2 มีเนื้อที่ 11 ไร่
พื้นที่ความเหมาะสมพืชรายจังหวัด,-13-pdf (1).pdf,crop_suitability_by_province,มะพร้าว,บุรีรัมย์,ไร่,18,table,s2,6,พืช มะพร้าว จังหวัด บุรีรัมย์ ระดับความเหมาะสม s2 มีเนื้อที่ 6 ไร่
พื้นที่ความเหมาะสมพืชรายจังหวัด,-13-pdf (1).pdf,crop_suitability_by_province,มะพร้าว,ประจวบคีรีขันธ์,ไร่,18,table,s2,290002,พืช มะพร้าว จังหวัด ประจวบคีรีขันธ์ ระดับความเหมาะสม s2 มีเนื้อที่ 290002 ไร่
พื้นที่ความเหมาะสมพืชรายจังหวัด,-13-pdf (1).pdf,crop_suitability_by_province,มะพร้าว,ปราจีนบุรี,ไร่,19,table,s2,108,พืช มะพร้าว จังหวัด ปราจีนบุรี ระดับความเหมาะสม s2 มีเนื้อที่ 108 ไร่
พื้นที่ความเหมาะสมพืชรายจังหวัด,-13-pdf (1).pdf,crop_suitability_by_province,มะพร้าว,ปัตตานี,ไร่,19,table,s2,32632,พืช มะพร้าว จังหวัด ปัตตานี ระดับความเหมาะสม s2 มีเนื้อที่ 32632 ไร่
พื้นที่ความเหมาะสมพืชรายจังหวัด,-13-pdf (1).pdf,crop_suitability_by_province,มะพร้าว,พะเยา,ไร่,18,table,s2,14,พืช มะพร้าว จังหวัด พะเยา ระดับความเหมาะสม s2 มีเนื้อที่ 14 ไร่
พื้นที่ความเหมาะสมพืชรายจังหวัด,-13-pdf (1).pdf,crop_suitability_by_province,มะพร้าว,พังงา,ไร่,19,table,s2,6812,พืช มะพร้าว จังหวัด พังงา ระดับความเหมาะสม s2 มีเนื้อที่ 6812 ไร่
พื้นที่ความเหมาะสมพืชรายจังหวัด,-13-pdf (1).pdf,crop_suitability_by_province,มะพร้าว,พัทลุง,ไร่,19,table,s2,177,พืช มะพร้าว จังหวัด พัทลุง ระดับความเหมาะสม s2 มีเนื้อที่ 177 ไร่
พื้นที่ความเหมาะสมพืชรายจังหวัด,-13-pdf (1).pdf,crop_suitability_by_province,มะพร้าว,พิจิตร,ไร่,18,table,s2,308,พืช มะพร้าว จังหวัด พิจิตร ระดับความเหมาะสม s2 มีเนื้อที่ 308 ไร่
พื้นที่ความเหมาะสมพืชรายจังหวัด,-13-pdf (1).pdf,crop_suitability_by_province,มะพร้าว,พิษณุโลก,ไร่,18,table,s2,321,พืช มะพร้าว จังหวัด พิษณุโลก ระดับความเหมาะสม s2 มีเนื้อที่ 321 ไร่
พื้นที่ความเหมาะสมพืชรายจังหวัด,-13-pdf (1).pdf,crop_suitability_by_province,มะพร้าว,ภูเก็ต,ไร่,19,table,s2,4000,พืช มะพร้าว จังหวัด ภูเก็ต ระดับความเหมาะสม s2 มีเนื้อที่ 4000 ไร่
พื้นที่ความเหมาะสมพืชรายจังหวัด,-13-pdf (1).pdf,crop_suitability_by_province,มะพร้าว,มหาสารคาม,ไร่,18,table,s2,116,พืช มะพร้าว จังหวัด มหาสารคาม ระดับความเหมาะสม s2 มีเนื้อที่ 116 ไร่
พื้นที่ความเหมาะสมพืชรายจังหวัด,-13-pdf (1).pdf,crop_suitability_by_province,มะพร้าว,มุกดาหาร,ไร่,18,table,s2,15,พืช มะพร้าว จังหวัด มุกดาหาร ระดับความเหมาะสม s2 มีเนื้อที่ 15 ไร่
พื้นที่ความเหมาะสมพืชรายจังหวัด,-13-pdf (1).pdf,crop_suitability_by_province,มะพร้าว,ยะลา,ไร่,19,table,s2,1436,พืช มะพร้าว จังหวัด ยะลา ระดับความเหมาะสม s2 มีเนื้อที่ 1436 ไร่
พื้นที่ความเหมาะสมพืชรายจังหวัด,-13-pdf (1).pdf,crop_suitability_by_province,มะพร้าว,ยโสธร,ไร่,18,table,s2,21,พืช มะพร้าว จังหวัด ยโสธร ระดับความเหมาะสม s2 มีเนื้อที่ 21 ไร่
พื้นที่ความเหมาะสมพืชรายจังหวัด,-13-pdf (1).pdf,crop_suitability_by_province,มะพร้าว,ระนอง,ไร่,19,table,s2,1843,พืช มะพร้าว จังหวัด ระนอง ระดับความเหมาะสม s2 มีเนื้อที่ 1843 ไร่
พื้นที่ความเหมาะสมพืชรายจังหวัด,-13-pdf (1).pdf,crop_suitability_by_province,มะพร้าว,ระยอง,ไร่,19,table,s2,6061,พืช มะพร้าว จังหวัด ระยอง ระดับความเหมาะสม s2 มีเนื้อที่ 6061 ไร่
พื้นที่ความเหมาะสมพืชรายจังหวัด,-13-pdf (1).pdf,crop_suitability_by_province,มะพร้าว,ราชบุรี,ไร่,18,table,s2,26,พืช มะพร้าว จังหวัด ราชบุรี ระดับความเหมาะสม s2 มีเนื้อที่ 26 ไร่
พื้นที่ความเหมาะสมพืชรายจังหวัด,-13-pdf (1).pdf,crop_suitability_by_province,มะพร้าว,ร้อยเอ็ด,ไร่,18,table,s2,59,พืช มะพร้าว จังหวัด ร้อยเอ็ด ระดับความเหมาะสม s2 มีเนื้อที่ 59 ไร่
พื้นที่ความเหมาะสมพืชรายจังหวัด,-13-pdf (1).pdf,crop_suitability_by_province,มะพร้าว,ศรีสะเกษ,ไร่,18,table,s2,109,พืช มะพร้าว จังหวัด ศรีสะเกษ ระดับความเหมาะสม s2 มีเนื้อที่ 109 ไร่
พื้นที่ความเหมาะสมพืชรายจังหวัด,-13-pdf (1).pdf,crop_suitability_by_province,มะพร้าว,สกลนคร,ไร่,18,table,s2,77,พืช มะพร้าว จังหวัด สกลนคร ระดับความเหมาะสม s2 มีเนื้อที่ 77 ไร่
พื้นที่ความเหมาะสมพืชรายจังหวัด,-13-pdf (1).pdf,crop_suitability_by_province,มะพร้าว,สงขลา,ไร่,19,table,s2,5474,พืช มะพร้าว จังหวัด สงขลา ระดับความเหมาะสม s2 มีเนื้อที่ 5474 ไร่
พื้นที่ความเหมาะสมพืชรายจังหวัด,-13-pdf (1).pdf,crop_suitability_by_province,มะพร้าว,สตูล,ไร่,19,table,s2,1853,พืช มะพร้าว จังหวัด สตูล ระดับความเหมาะสม s2 มีเนื้อที่ 1853 ไร่
พื้นที่ความเหมาะสมพืชรายจังหวัด,-13-pdf (1).pdf,crop_suitability_by_province,มะพร้าว,สมุทรปราการ,ไร่,19,table,s2,299,พืช มะพร้าว จังหวัด สมุทรปราการ ระดับความเหมาะสม s2 มีเนื้อที่ 299 ไร่
พื้นที่ความเหมาะสมพืชรายจังหวัด,-13-pdf (1).pdf,crop_suitability_by_province,มะพร้าว,สมุทรสงคราม,ไร่,18,table,s2,47048,พืช มะพร้าว จังหวัด สมุทรสงคราม ระดับความเหมาะสม s2 มีเนื้อที่ 47048 ไร่
พื้นที่ความเหมาะสมพืชรายจังหวัด,-13-pdf (1).pdf,crop_suitability_by_province,มะพร้าว,สมุทรสาคร,ไร่,18,table,s2,1732,พืช มะพร้าว จังหวัด สมุทรสาคร ระดับความเหมาะสม s2 มีเนื้อที่ 1732 ไร่
พื้นที่ความเหมาะสมพืชรายจังหวัด,-13-pdf (1).pdf,crop_suitability_by_province,มะพร้าว,สระบุรี,ไร่,18,table,s2,23,พืช มะพร้าว จังหวัด สระบุรี ระดับความเหมาะสม s2 มีเนื้อที่ 23 ไร่
พื้นที่ความเหมาะสมพืชรายจังหวัด,-13-pdf (1).pdf,crop_suitability_by_province,มะพร้าว,สระแก้ว,ไร่,19,table,s2,20,พืช มะพร้าว จังหวัด สระแก้ว ระดับความเหมาะสม s2 มีเนื้อที่ 20 ไร่
พื้นที่ความเหมาะสมพืชรายจังหวัด,-13-pdf (1).pdf,crop_suitability_by_province,มะพร้าว,สุพรรณบุรี,ไร่,19,table,s2,12,พืช มะพร้าว จังหวัด สุพรรณบุรี ระดับความเหมาะสม s2 มีเนื้อที่ 12 ไร่
พื้นที่ความเหมาะสมพืชรายจังหวัด,-13-pdf (1).pdf,crop_suitability_by_province,มะพร้าว,สุราษฎร์ธานี,ไร่,19,table,s2,49112,พืช มะพร้าว จังหวัด สุราษฎร์ธานี ระดับความเหมาะสม s2 มีเนื้อที่ 49112 ไร่
พื้นที่ความเหมาะสมพืชรายจังหวัด,-13-pdf (1).pdf,crop_suitability_by_province,มะพร้าว,สุรินทร์,ไร่,18,table,s2,28,พืช มะพร้าว จังหวัด สุรินทร์ ระดับความเหมาะสม s2 มีเนื้อที่ 28 ไร่
พื้นที่ความเหมาะสมพืชรายจังหวัด,-13-pdf (1).pdf,crop_suitability_by_province,มะพร้าว,หนองคาย,ไร่,18,table,s2,29,พืช มะพร้าว จังหวัด หนองคาย ระดับความเหมาะสม s2 มีเนื้อที่ 29 ไร่
พื้นที่ความเหมาะสมพืชรายจังหวัด,-13-pdf (1).pdf,crop_suitability_by_province,มะพร้าว,หนองบัวลำภู,ไร่,18,table,s2,15,พืช มะพร้าว จังหวัด หนองบัวลำภู ระดับความเหมาะสม s2 มีเนื้อที่ 15 ไร่
พื้นที่ความเหมาะสมพืชรายจังหวัด,-13-pdf (1).pdf,crop_suitability_by_province,มะพร้าว,อำนาจเจริญ,ไร่,18,table,s2,124,พืช มะพร้าว จังหวัด อำนาจเจริญ ระดับความเหมาะสม s2 มีเนื้อที่ 124 ไร่
พื้นที่ความเหมาะสมพืชรายจังหวัด,-13-pdf (1).pdf,crop_suitability_by_province,มะพร้าว,อุดรธานี,ไร่,18,table,s2,174,พืช มะพร้าว จังหวัด อุดรธานี ระดับความเหมาะสม s2 มีเนื้อที่ 174 ไร่
พื้นที่ความเหมาะสมพืชรายจังหวัด,-13-pdf (1).pdf,crop_suitability_by_province,มะพร้าว,อุตรดิตถ์,ไร่,18,table,s2,170,พืช มะพร้าว จังหวัด อุตรดิตถ์ ระดับความเหมาะสม s2 มีเนื้อที่ 170 ไร่
พื้นที่ความเหมาะสมพืชรายจังหวัด,-13-pdf (1).pdf,crop_suitability_by_province,มะพร้าว,อุทัยธานี,ไร่,18,table,s2,117,พืช มะพร้าว จังหวัด อุทัยธานี ระดับความเหมาะสม s2 มีเนื้อที่ 117 ไร่
พื้นที่ความเหมาะสมพืชรายจังหวัด,-13-pdf (1).pdf,crop_suitability_by_province,มะพร้าว,อุบลราชธานี,ไร่,18,table,s2,92,พืช มะพร้าว จังหวัด อุบลราชธานี ระดับความเหมาะสม s2 มีเนื้อที่ 92 ไร่
พื้นที่ความเหมาะสมพืชรายจังหวัด,-13-pdf (1).pdf,crop_suitability_by_province,มะพร้าว,เชียงราย,ไร่,18,table,s2,48,พืช มะพร้าว จังหวัด เชียงราย ระดับความเหมาะสม s2 มีเนื้อที่ 48 ไร่
พื้นที่ความเหมาะสมพืชรายจังหวัด,-13-pdf (1).pdf,crop_suitability_by_province,มะพร้าว,เชียงใหม่,ไร่,18,table,s2,15,พืช มะพร้าว จังหวัด เชียงใหม่ ระดับความเหมาะสม s2 มีเนื้อที่ 15 ไร่
พื้นที่ความเหมาะสมพืชรายจังหวัด,-13-pdf (1).pdf,crop_suitability_by_province,มะพร้าว,เพชรบูรณ์,ไร่,18,table,s2,694,พืช มะพร้าว จังหวัด เพชรบูรณ์ ระดับความเหมาะสม s2 มีเนื้อที่ 694 ไร่
พื้นที่ความเหมาะสมพืชรายจังหวัด,-13-pdf (1).pdf,crop_suitability_by_province,มะพร้าว,เลย,ไร่,18,table,s2,17,พืช มะพร้าว จังหวัด เลย ระดับความเหมาะสม s2 มีเนื้อที่ 17 ไร่
พื้นที่ความเหมาะสมพืชรายจังหวัด,-13-pdf (1).pdf,crop_suitability_by_province,มะพร้าว,แพร่,ไร่,18,table,s2,7,พืช มะพร้าว จังหวัด แพร่ ระดับความเหมาะสม s2 มีเนื้อที่ 7 ไร่
พื้นที่ความเหมาะสมพืชรายจังหวัด,-13-pdf (1).pdf,crop_suitability_by_province,มังคุด,กาญจนบุรี,ไร่,17,table,s2,275,พืช มังคุด จังหวัด กาญจนบุรี ระดับความเหมาะสม s2 มีเนื้อที่ 275 ไร่
พื้นที่ความเหมาะสมพืชรายจังหวัด,-13-pdf (1).pdf,crop_suitability_by_province,มังคุด,จันทบุรี,ไร่,17,table,s2,46608,พืช มังคุด จังหวัด จันทบุรี ระดับความเหมาะสม s2 มีเนื้อที่ 46608 ไร่
พื้นที่ความเหมาะสมพืชรายจังหวัด,-13-pdf (1).pdf,crop_suitability_by_province,มังคุด,ชลบุรี,ไร่,17,table,s2,392,พืช มังคุด จังหวัด ชลบุรี ระดับความเหมาะสม s2 มีเนื้อที่ 392 ไร่
พื้นที่ความเหมาะสมพืชรายจังหวัด,-13-pdf (1).pdf,crop_suitability_by_province,มังคุด,ชุมพร,ไร่,17,table,s2,15864,พืช มังคุด จังหวัด ชุมพร ระดับความเหมาะสม s2 มีเนื้อที่ 15864 ไร่
พื้นที่ความเหมาะสมพืชรายจังหวัด,-13-pdf (1).pdf,crop_suitability_by_province,มังคุด,ตรัง,ไร่,17,table,s2,1111,พืช มังคุด จังหวัด ตรัง ระดับความเหมาะสม s2 มีเนื้อที่ 1111 ไร่
พื้นที่ความเหมาะสมพืชรายจังหวัด,-13-pdf (1).pdf,crop_suitability_by_province,มังคุด,นครนายก,ไร่,17,table,s2,403,พืช มังคุด จังหวัด นครนายก ระดับความเหมาะสม s2 มีเนื้อที่ 403 ไร่
พื้นที่ความเหมาะสมพืชรายจังหวัด,-13-pdf (1).pdf,crop_suitability_by_province,มังคุด,นครพนม,ไร่,17,table,s2,163,พืช มังคุด จังหวัด นครพนม ระดับความเหมาะสม s2 มีเนื้อที่ 163 ไร่
พื้นที่ความเหมาะสมพืชรายจังหวัด,-13-pdf (1).pdf,crop_suitability_by_province,มังคุด,นครศรีธรรมราช,ไร่,17,table,s2,63532,พืช มังคุด จังหวัด นครศรีธรรมราช ระดับความเหมาะสม s2 มีเนื้อที่ 63532 ไร่
พื้นที่ความเหมาะสมพืชรายจังหวัด,-13-pdf (1).pdf,crop_suitability_by_province,มังคุด,นราธิวาส,ไร่,17,table,s2,1690,พืช มังคุด จังหวัด นราธิวาส ระดับความเหมาะสม s2 มีเนื้อที่ 1690 ไร่
พื้นที่ความเหมาะสมพืชรายจังหวัด,-13-pdf (1).pdf,crop_suitability_by_province,มังคุด,ประจวบคีรีขันธ์,ไร่,17,table,s2,85,พืช มังคุด จังหวัด ประจวบคีรีขันธ์ ระดับความเหมาะสม s2 มีเนื้อที่ 85 ไร่
พื้นที่ความเหมาะสมพืชรายจังหวัด,-13-pdf (1).pdf,crop_suitability_by_province,มังคุด,ปัตตานี,ไร่,17,table,s2,10,พืช มังคุด จังหวัด ปัตตานี ระดับความเหมาะสม s2 มีเนื้อที่ 10 ไร่
พื้นที่ความเหมาะสมพืชรายจังหวัด,-13-pdf (1).pdf,crop_suitability_by_province,มังคุด,พังงา,ไร่,17,table,s2,33,พืช มังคุด จังหวัด พังงา ระดับความเหมาะสม s2 มีเนื้อที่ 33 ไร่
พื้นที่ความเหมาะสมพืชรายจังหวัด,-13-pdf (1).pdf,crop_suitability_by_province,มังคุด,พัทลุง,ไร่,17,table,s2,15372,พืช มังคุด จังหวัด พัทลุง ระดับความเหมาะสม s2 มีเนื้อที่ 15372 ไร่
พื้นที่ความเหมาะสมพืชรายจังหวัด,-13-pdf (1).pdf,crop_suitability_by_province,มังคุด,ยะลา,ไร่,17,table,s2,19,พืช มังคุด จังหวัด ยะลา ระดับความเหมาะสม s2 มีเนื้อที่ 19 ไร่
พื้นที่ความเหมาะสมพืชรายจังหวัด,-13-pdf (1).pdf,crop_suitability_by_province,มังคุด,ระนอง,ไร่,17,table,s2,169,พืช มังคุด จังหวัด ระนอง ระดับความเหมาะสม s2 มีเนื้อที่ 169 ไร่
พื้นที่ความเหมาะสมพืชรายจังหวัด,-13-pdf (1).pdf,crop_suitability_by_province,มังคุด,ระยอง,ไร่,17,table,s2,1220,พืช มังคุด จังหวัด ระยอง ระดับความเหมาะสม s2 มีเนื้อที่ 1220 ไร่
พื้นที่ความเหมาะสมพืชรายจังหวัด,-13-pdf (1).pdf,crop_suitability_by_province,มังคุด,ศรีสะเกษ,ไร่,17,table,s2,1622,พืช มังคุด จังหวัด ศรีสะเกษ ระดับความเหมาะสม s2 มีเนื้อที่ 1622 ไร่
พื้นที่ความเหมาะสมพืชรายจังหวัด,-13-pdf (1).pdf,crop_suitability_by_province,มังคุด,สงขลา,ไร่,17,table,s2,17366,พืช มังคุด จังหวัด สงขลา ระดับความเหมาะสม s2 มีเนื้อที่ 17366 ไร่
พื้นที่ความเหมาะสมพืชรายจังหวัด,-13-pdf (1).pdf,crop_suitability_by_province,มังคุด,สุราษฎร์ธานี,ไร่,17,table,s2,5159,พืช มังคุด จังหวัด สุราษฎร์ธานี ระดับความเหมาะสม s2 มีเนื้อที่ 5159 ไร่
พื้นที่ความเหมาะสมพืชรายจังหวัด,-13-pdf (1).pdf,crop_suitability_by_province,มังคุด,อุบลราชธานี,ไร่,17,table,s2,4,พืช มังคุด จังหวัด อุบลราชธานี ระดับความเหมาะสม s2 มีเนื้อที่ 4 ไร่
พื้นที่ความเหมาะสมพืชรายจังหวัด,-13-pdf (1).pdf,crop_suitability_by_province,มันสำปะหลัง,กาญจนบุรี,ไร่,3,table,s2,460682,พืช มันสำปะหลัง จังหวัด กาญจนบุรี ระดับความเหมาะสม s2 มีเนื้อที่ 460682 ไร่
พื้นที่ความเหมาะสมพืชรายจังหวัด,-13-pdf (1).pdf,crop_suitability_by_province,มันสำปะหลัง,กาฬสินธุ์,ไร่,3,table,s2,511768,พืช มันสำปะหลัง จังหวัด กาฬสินธุ์ ระดับความเหมาะสม s2 มีเนื้อที่ 511768 ไร่
พื้นที่ความเหมาะสมพืชรายจังหวัด,-13-pdf (1).pdf,crop_suitability_by_province,มันสำปะหลัง,กำแพงเพชร,ไร่,3,table,s2,265416,พืช มันสำปะหลัง จังหวัด กำแพงเพชร ระดับความเหมาะสม s2 มีเนื้อที่ 265416 ไร่
พื้นที่ความเหมาะสมพืชรายจังหวัด,-13-pdf (1).pdf,crop_suitability_by_province,มันสำปะหลัง,ขอนแก่น,ไร่,3,table,s2,459647,พืช มันสำปะหลัง จังหวัด ขอนแก่น ระดับความเหมาะสม s2 มีเนื้อที่ 459647 ไร่
พื้นที่ความเหมาะสมพืชรายจังหวัด,-13-pdf (1).pdf,crop_suitability_by_province,มันสำปะหลัง,จันทบุรี,ไร่,4,table,s2,1539,พืช มันสำปะหลัง จังหวัด จันทบุรี ระดับความเหมาะสม s2 มีเนื้อที่ 1539 ไร่
พื้นที่ความเหมาะสมพืชรายจังหวัด,-13-pdf (1).pdf,crop_suitability_by_province,มันสำปะหลัง,ฉะเชิงเทรา,ไร่,4,table,s2,35911,พืช มันสำปะหลัง จังหวัด ฉะเชิงเทรา ระดับความเหมาะสม s2 มีเนื้อที่ 35911 ไร่
พื้นที่ความเหมาะสมพืชรายจังหวัด,-13-pdf (1).pdf,crop_suitability_by_province,มันสำปะหลัง,ชลบุรี,ไร่,4,table,s2,169383,พืช มันสำปะหลัง จังหวัด ชลบุรี ระดับความเหมาะสม s2 มีเนื้อที่ 169383 ไร่
พื้นที่ความเหมาะสมพืชรายจังหวัด,-13-pdf (1).pdf,crop_suitability_by_province,มันสำปะหลัง,ชัยนาท,ไร่,3,table,s2,106749,พืช มันสำปะหลัง จังหวัด ชัยนาท ระดับความเหมาะสม s2 มีเนื้อที่ 106749 ไร่
พื้นที่ความเหมาะสมพืชรายจังหวัด,-13-pdf (1).pdf,crop_suitability_by_province,มันสำปะหลัง,ชัยภูมิ,ไร่,3,table,s2,763189,พืช มันสำปะหลัง จังหวัด ชัยภูมิ ระดับความเหมาะสม s2 มีเนื้อที่ 763189 ไร่
พื้นที่ความเหมาะสมพืชรายจังหวัด,-13-pdf (1).pdf,crop_suitability_by_province,มันสำปะหลัง,ตาก,ไร่,3,table,s2,111252,พืช มันสำปะหลัง จังหวัด ตาก ระดับความเหมาะสม s2 มีเนื้อที่ 111252 ไร่
พื้นที่ความเหมาะสมพืชรายจังหวัด,-13-pdf (1).pdf,crop_suitability_by_province,มันสำปะหลัง,นครพนม,ไร่,3,table,s2,417,พืช มันสำปะหลัง จังหวัด นครพนม ระดับความเหมาะสม s2 มีเนื้อที่ 417 ไร่
พื้นที่ความเหมาะสมพืชรายจังหวัด,-13-pdf (1).pdf,crop_suitability_by_province,มันสำปะหลัง,นครราชสีมา,ไร่,3,table,s2,2100380,พืช มันสำปะหลัง จังหวัด นครราชสีมา ระดับความเหมาะสม s2 มีเนื้อที่ 2100380 ไร่
พื้นที่ความเหมาะสมพืชรายจังหวัด,-13-pdf (1).pdf,crop_suitability_by_province,มันสำปะหลัง,นครสวรรค์,ไร่,3,table,s2,235261,พืช มันสำปะหลัง จังหวัด นครสวรรค์ ระดับความเหมาะสม s2 มีเนื้อที่ 235261 ไร่
พื้นที่ความเหมาะสมพืชรายจังหวัด,-13-pdf (1).pdf,crop_suitability_by_province,มันสำปะหลัง,น่าน,ไร่,3,table,s2,56,พืช มันสำปะหลัง จังหวัด น่าน ระดับความเหมาะสม s2 มีเนื้อที่ 56 ไร่
พื้นที่ความเหมาะสมพืชรายจังหวัด,-13-pdf (1).pdf,crop_suitability_by_province,มันสำปะหลัง,บุรีรัมย์,ไร่,3,table,s2,344655,พืช มันสำปะหลัง จังหวัด บุรีรัมย์ ระดับความเหมาะสม s2 มีเนื้อที่ 344655 ไร่
พื้นที่ความเหมาะสมพืชรายจังหวัด,-13-pdf (1).pdf,crop_suitability_by_province,มันสำปะหลัง,ประจวบคีรีขันธ์,ไร่,3,table,s2,227,พืช มันสำปะหลัง จังหวัด ประจวบคีรีขันธ์ ระดับความเหมาะสม s2 มีเนื้อที่ 227 ไร่
พื้นที่ความเหมาะสมพืชรายจังหวัด,-13-pdf (1).pdf,crop_suitability_by_province,มันสำปะหลัง,ปราจีนบุรี,ไร่,4,table,s2,41504,พืช มันสำปะหลัง จังหวัด ปราจีนบุรี ระดับความเหมาะสม s2 มีเนื้อที่ 41504 ไร่
พื้นที่ความเหมาะสมพืชรายจังหวัด,-13-pdf (1).pdf,crop_suitability_by_province,มันสำปะหลัง,พะเยา,ไร่,3,table,s2,3418,พืช มันสำปะหลัง จังหวัด พะเยา ระดับความเหมาะสม s2 มีเนื้อที่ 3418 ไร่
พื้นที่ความเหมาะสมพืชรายจังหวัด,-13-pdf (1).pdf,crop_suitability_by_province,มันสำปะหลัง,พิจิตร,ไร่,3,table,s2,9592,พืช มันสำปะหลัง จังหวัด พิจิตร ระดับความเหมาะสม s2 มีเนื้อที่ 9592 ไร่
พื้นที่ความเหมาะสมพืชรายจังหวัด,-13-pdf (1).pdf,crop_suitability_by_province,มันสำปะหลัง,พิษณุโลก,ไร่,3,table,s2,102805,พืช มันสำปะหลัง จังหวัด พิษณุโลก ระดับความเหมาะสม s2 มีเนื้อที่ 102805 ไร่
พื้นที่ความเหมาะสมพืชรายจังหวัด,-13-pdf (1).pdf,crop_suitability_by_province,มันสำปะหลัง,มหาสารคาม,ไร่,3,table,s2,369431,พืช มันสำปะหลัง จังหวัด มหาสารคาม ระดับความเหมาะสม s2 มีเนื้อที่ 369431 ไร่
พื้นที่ความเหมาะสมพืชรายจังหวัด,-13-pdf (1).pdf,crop_suitability_by_province,มันสำปะหลัง,มุกดาหาร,ไร่,3,table,s2,60424,พืช มันสำปะหลัง จังหวัด มุกดาหาร ระดับความเหมาะสม s2 มีเนื้อที่ 60424 ไร่
พื้นที่ความเหมาะสมพืชรายจังหวัด,-13-pdf (1).pdf,crop_suitability_by_province,มันสำปะหลัง,ยโสธร,ไร่,3,table,s2,114762,พืช มันสำปะหลัง จังหวัด ยโสธร ระดับความเหมาะสม s2 มีเนื้อที่ 114762 ไร่
พื้นที่ความเหมาะสมพืชรายจังหวัด,-13-pdf (1).pdf,crop_suitability_by_province,มันสำปะหลัง,ระยอง,ไร่,4,table,s2,56725,พืช มันสำปะหลัง จังหวัด ระยอง ระดับความเหมาะสม s2 มีเนื้อที่ 56725 ไร่
พื้นที่ความเหมาะสมพืชรายจังหวัด,-13-pdf (1).pdf,crop_suitability_by_province,มันสำปะหลัง,ราชบุรี,ไร่,3,table,s2,79875,พืช มันสำปะหลัง จังหวัด ราชบุรี ระดับความเหมาะสม s2 มีเนื้อที่ 79875 ไร่
พื้นที่ความเหมาะสมพืชรายจังหวัด,-13-pdf (1).pdf,crop_suitability_by_province,มันสำปะหลัง,ร้อยเอ็ด,ไร่,3,table,s2,103387,พืช มันสำปะหลัง จังหวัด ร้อยเอ็ด ระดับความเหมาะสม s2 มีเนื้อที่ 103387 ไร่
พื้นที่ความเหมาะสมพืชรายจังหวัด,-13-pdf (1).pdf,crop_suitability_by_province,มันสำปะหลัง,ลพบุรี,ไร่,3,table,s2,244404,พืช มันสำปะหลัง จังหวัด ลพบุรี ระดับความเหมาะสม s2 มีเนื้อที่ 244404 ไร่
พื้นที่ความเหมาะสมพืชรายจังหวัด,-13-pdf (1).pdf,crop_suitability_by_province,มันสำปะหลัง,ลำปาง,ไร่,3,table,s2,13712,พืช มันสำปะหลัง จังหวัด ลำปาง ระดับความเหมาะสม s2 มีเนื้อที่ 13712 ไร่
พื้นที่ความเหมาะสมพืชรายจังหวัด,-13-pdf (1).pdf,crop_suitability_by_province,มันสำปะหลัง,ลำพูน,ไร่,3,table,s2,5597,พืช มันสำปะหลัง จังหวัด ลำพูน ระดับความเหมาะสม s2 มีเนื้อที่ 5597 ไร่
พื้นที่ความเหมาะสมพืชรายจังหวัด,-13-pdf (1).pdf,crop_suitability_by_province,มันสำปะหลัง,ศรีสะเกษ,ไร่,3,table,s2,15289,พืช มันสำปะหลัง จังหวัด ศรีสะเกษ ระดับความเหมาะสม s2 มีเนื้อที่ 15289 ไร่
พื้นที่ความเหมาะสมพืชรายจังหวัด,-13-pdf (1).pdf,crop_suitability_by_province,มันสำปะหลัง,สกลนคร,ไร่,3,table,s2,13790,พืช มันสำปะหลัง จังหวัด สกลนคร ระดับความเหมาะสม s2 มีเนื้อที่ 13790 ไร่
พื้นที่ความเหมาะสมพืชรายจังหวัด,-13-pdf (1).pdf,crop_suitability_by_province,มันสำปะหลัง,สระบุรี,ไร่,3,table,s2,33054,พืช มันสำปะหลัง จังหวัด สระบุรี ระดับความเหมาะสม s2 มีเนื้อที่ 33054 ไร่
พื้นที่ความเหมาะสมพืชรายจังหวัด,-13-pdf (1).pdf,crop_suitability_by_province,มันสำปะหลัง,สระแก้ว,ไร่,4,table,s2,182043,พืช มันสำปะหลัง จังหวัด สระแก้ว ระดับความเหมาะสม s2 มีเนื้อที่ 182043 ไร่
พื้นที่ความเหมาะสมพืชรายจังหวัด,-13-pdf (1).pdf,crop_suitability_by_province,มันสำปะหลัง,สุพรรณบุรี,ไร่,3,table,s2,15112,พืช มันสำปะหลัง จังหวัด สุพรรณบุรี ระดับความเหมาะสม s2 มีเนื้อที่ 15112 ไร่
พื้นที่ความเหมาะสมพืชรายจังหวัด,-13-pdf (1).pdf,crop_suitability_by_province,มันสำปะหลัง,สุรินทร์,ไร่,3,table,s2,55979,พืช มันสำปะหลัง จังหวัด สุรินทร์ ระดับความเหมาะสม s2 มีเนื้อที่ 55979 ไร่
พื้นที่ความเหมาะสมพืชรายจังหวัด,-13-pdf (1).pdf,crop_suitability_by_province,มันสำปะหลัง,สุโขทัย,ไร่,3,table,s2,74791,พืช มันสำปะหลัง จังหวัด สุโขทัย ระดับความเหมาะสม s2 มีเนื้อที่ 74791 ไร่
พื้นที่ความเหมาะสมพืชรายจังหวัด,-13-pdf (1).pdf,crop_suitability_by_province,มันสำปะหลัง,หนองคาย,ไร่,3,table,s2,58,พืช มันสำปะหลัง จังหวัด หนองคาย ระดับความเหมาะสม s2 มีเนื้อที่ 58 ไร่
พื้นที่ความเหมาะสมพืชรายจังหวัด,-13-pdf (1).pdf,crop_suitability_by_province,มันสำปะหลัง,หนองบัวลำภู,ไร่,3,table,s2,44145,พืช มันสำปะหลัง จังหวัด หนองบัวลำภู ระดับความเหมาะสม s2 มีเนื้อที่ 44145 ไร่
พื้นที่ความเหมาะสมพืชรายจังหวัด,-13-pdf (1).pdf,crop_suitability_by_province,มันสำปะหลัง,อำนาจเจริญ,ไร่,3,table,s2,108163,พืช มันสำปะหลัง จังหวัด อำนาจเจริญ ระดับความเหมาะสม s2 มีเนื้อที่ 108163 ไร่
พื้นที่ความเหมาะสมพืชรายจังหวัด,-13-pdf (1).pdf,crop_suitability_by_province,มันสำปะหลัง,อุดรธานี,ไร่,3,table,s2,403554,พืช มันสำปะหลัง จังหวัด อุดรธานี ระดับความเหมาะสม s2 มีเนื้อที่ 403554 ไร่
พื้นที่ความเหมาะสมพืชรายจังหวัด,-13-pdf (1).pdf,crop_suitability_by_province,มันสำปะหลัง,อุตรดิตถ์,ไร่,3,table,s2,20204,พืช มันสำปะหลัง จังหวัด อุตรดิตถ์ ระดับความเหมาะสม s2 มีเนื้อที่ 20204 ไร่
พื้นที่ความเหมาะสมพืชรายจังหวัด,-13-pdf (1).pdf,crop_suitability_by_province,มันสำปะหลัง,อุทัยธานี,ไร่,3,table,s2,171422,พืช มันสำปะหลัง จังหวัด อุทัยธานี ระดับความเหมาะสม s2 มีเนื้อที่ 171422 ไร่
พื้นที่ความเหมาะสมพืชรายจังหวัด,-13-pdf (1).pdf,crop_suitability_by_province,มันสำปะหลัง,อุบลราชธานี,ไร่,3,table,s2,24932,พืช มันสำปะหลัง จังหวัด อุบลราชธานี ระดับความเหมาะสม s2 มีเนื้อที่ 24932 ไร่
พื้นที่ความเหมาะสมพืชรายจังหวัด,-13-pdf (1).pdf,crop_suitability_by_province,มันสำปะหลัง,เชียงราย,ไร่,3,table,s2,649,พืช มันสำปะหลัง จังหวัด เชียงราย ระดับความเหมาะสม s2 มีเนื้อที่ 649 ไร่
พื้นที่ความเหมาะสมพืชรายจังหวัด,-13-pdf (1).pdf,crop_suitability_by_province,มันสำปะหลัง,เชียงใหม่,ไร่,3,table,s2,2553,พืช มันสำปะหลัง จังหวัด เชียงใหม่ ระดับความเหมาะสม s2 มีเนื้อที่ 2553 ไร่
พื้นที่ความเหมาะสมพืชรายจังหวัด,-13-pdf (1).pdf,crop_suitability_by_province,มันสำปะหลัง,เพชรบุรี,ไร่,3,table,s2,3854,พืช มันสำปะหลัง จังหวัด เพชรบุรี ระดับความเหมาะสม s2 มีเนื้อที่ 3854 ไร่
พื้นที่ความเหมาะสมพืชรายจังหวัด,-13-pdf (1).pdf,crop_suitability_by_province,มันสำปะหลัง,เพชรบูรณ์,ไร่,3,table,s2,79570,พืช มันสำปะหลัง จังหวัด เพชรบูรณ์ ระดับความเหมาะสม s2 มีเนื้อที่ 79570 ไร่
พื้นที่ความเหมาะสมพืชรายจังหวัด,-13-pdf (1).pdf,crop_suitability_by_province,มันสำปะหลัง,เลย,ไร่,3,table,s2,57593,พืช มันสำปะหลัง จังหวัด เลย ระดับความเหมาะสม s2 มีเนื้อที่ 57593 ไร่
พื้นที่ความเหมาะสมพืชรายจังหวัด,-13-pdf (1).pdf,crop_suitability_by_province,มันสำปะหลัง,แพร่,ไร่,3,table,s2,7318,พืช มันสำปะหลัง จังหวัด แพร่ ระดับความเหมาะสม s2 มีเนื้อที่ 7318 ไร่
พื้นที่ความเหมาะสมพืชรายจังหวัด,-13-pdf (1).pdf,crop_suitability_by_province,ยางพารา,กระบี่,ไร่,22,table,s2,274748,พืช ยางพารา จังหวัด กระบี่ ระดับความเหมาะสม s2 มีเนื้อที่ 274748 ไร่
พื้นที่ความเหมาะสมพืชรายจังหวัด,-13-pdf (1).pdf,crop_suitability_by_province,ยางพารา,กาญจนบุรี,ไร่,21,table,s2,17924,พืช ยางพารา จังหวัด กาญจนบุรี ระดับความเหมาะสม s2 มีเนื้อที่ 17924 ไร่
พื้นที่ความเหมาะสมพืชรายจังหวัด,-13-pdf (1).pdf,crop_suitability_by_province,ยางพารา,กาฬสินธุ์,ไร่,21,table,s2,191010,พืช ยางพารา จังหวัด กาฬสินธุ์ ระดับความเหมาะสม s2 มีเนื้อที่ 191010 ไร่
พื้นที่ความเหมาะสมพืชรายจังหวัด,-13-pdf (1).pdf,crop_suitability_by_province,ยางพารา,ขอนแก่น,ไร่,21,table,s2,57933,พืช ยางพารา จังหวัด ขอนแก่น ระดับความเหมาะสม s2 มีเนื้อที่ 57933 ไร่
พื้นที่ความเหมาะสมพืชรายจังหวัด,-13-pdf (1).pdf,crop_suitability_by_province,ยางพารา,จันทบุรี,ไร่,22,table,s2,121997,พืช ยางพารา จังหวัด จันทบุรี ระดับความเหมาะสม s2 มีเนื้อที่ 121997 ไร่
พื้นที่ความเหมาะสมพืชรายจังหวัด,-13-pdf (1).pdf,crop_suitability_by_province,ยางพารา,ฉะเชิงเทรา,ไร่,22,table,s2,90837,พืช ยางพารา จังหวัด ฉะเชิงเทรา ระดับความเหมาะสม s2 มีเนื้อที่ 90837 ไร่
พื้นที่ความเหมาะสมพืชรายจังหวัด,-13-pdf (1).pdf,crop_suitability_by_province,ยางพารา,ชลบุรี,ไร่,22,table,s2,174639,พืช ยางพารา จังหวัด ชลบุรี ระดับความเหมาะสม s2 มีเนื้อที่ 174639 ไร่
พื้นที่ความเหมาะสมพืชรายจังหวัด,-13-pdf (1).pdf,crop_suitability_by_province,ยางพารา,ชัยภูมิ,ไร่,21,table,s2,1306,พืช ยางพารา จังหวัด ชัยภูมิ ระดับความเหมาะสม s2 มีเนื้อที่ 1306 ไร่
พื้นที่ความเหมาะสมพืชรายจังหวัด,-13-pdf (1).pdf,crop_suitability_by_province,ยางพารา,ชุมพร,ไร่,22,table,s2,256033,พืช ยางพารา จังหวัด ชุมพร ระดับความเหมาะสม s2 มีเนื้อที่ 256033 ไร่
พื้นที่ความเหมาะสมพืชรายจังหวัด,-13-pdf (1).pdf,crop_suitability_by_province,ยางพารา,ตรัง,ไร่,22,table,s2,278977,พืช ยางพารา จังหวัด ตรัง ระดับความเหมาะสม s2 มีเนื้อที่ 278977 ไร่
พื้นที่ความเหมาะสมพืชรายจังหวัด,-13-pdf (1).pdf,crop_suitability_by_province,ยางพารา,ตราด,ไร่,22,table,s2,81677,พืช ยางพารา จังหวัด ตราด ระดับความเหมาะสม s2 มีเนื้อที่ 81677 ไร่
พื้นที่ความเหมาะสมพืชรายจังหวัด,-13-pdf (1).pdf,crop_suitability_by_province,ยางพารา,นครนายก,ไร่,21,table,s2,60,พืช ยางพารา จังหวัด นครนายก ระดับความเหมาะสม s2 มีเนื้อที่ 60 ไร่
พื้นที่ความเหมาะสมพืชรายจังหวัด,-13-pdf (1).pdf,crop_suitability_by_province,ยางพารา,นครพนม,ไร่,21,table,s2,164635,พืช ยางพารา จังหวัด นครพนม ระดับความเหมาะสม s2 มีเนื้อที่ 164635 ไร่
พื้นที่ความเหมาะสมพืชรายจังหวัด,-13-pdf (1).pdf,crop_suitability_by_province,ยางพารา,นครราชสีมา,ไร่,21,table,s2,9543,พืช ยางพารา จังหวัด นครราชสีมา ระดับความเหมาะสม s2 มีเนื้อที่ 9543 ไร่
พื้นที่ความเหมาะสมพืชรายจังหวัด,-13-pdf (1).pdf,crop_suitability_by_province,ยางพารา,นครศรีธรรมราช,ไร่,22,table,s2,536225,พืช ยางพารา จังหวัด นครศรีธรรมราช ระดับความเหมาะสม s2 มีเนื้อที่ 536225 ไร่
พื้นที่ความเหมาะสมพืชรายจังหวัด,-13-pdf (1).pdf,crop_suitability_by_province,ยางพารา,นครสวรรค์,ไร่,21,table,s2,7068,พืช ยางพารา จังหวัด นครสวรรค์ ระดับความเหมาะสม s2 มีเนื้อที่ 7068 ไร่
พื้นที่ความเหมาะสมพืชรายจังหวัด,-13-pdf (1).pdf,crop_suitability_by_province,ยางพารา,นราธิวาส,ไร่,22,table,s2,331211,พืช ยางพารา จังหวัด นราธิวาส ระดับความเหมาะสม s2 มีเนื้อที่ 331211 ไร่
พื้นที่ความเหมาะสมพืชรายจังหวัด,-13-pdf (1).pdf,crop_suitability_by_province,ยางพารา,น่าน,ไร่,21,table,s2,28989,พืช ยางพารา จังหวัด น่าน ระดับความเหมาะสม s2 มีเนื้อที่ 28989 ไร่
พื้นที่ความเหมาะสมพืชรายจังหวัด,-13-pdf (1).pdf,crop_suitability_by_province,ยางพารา,บึงกาฬ,ไร่,21,table,s2,231026,พืช ยางพารา จังหวัด บึงกาฬ ระดับความเหมาะสม s2 มีเนื้อที่ 231026 ไร่
พื้นที่ความเหมาะสมพืชรายจังหวัด,-13-pdf (1).pdf,crop_suitability_by_province,ยางพารา,บุรีรัมย์,ไร่,21,table,s2,273415,พืช ยางพารา จังหวัด บุรีรัมย์ ระดับความเหมาะสม s2 มีเนื้อที่ 273415 ไร่
พื้นที่ความเหมาะสมพืชรายจังหวัด,-13-pdf (1).pdf,crop_suitability_by_province,ยางพารา,ประจวบคีรีขันธ์,ไร่,22,table,s2,101354,พืช ยางพารา จังหวัด ประจวบคีรีขันธ์ ระดับความเหมาะสม s2 มีเนื้อที่ 101354 ไร่
พื้นที่ความเหมาะสมพืชรายจังหวัด,-13-pdf (1).pdf,crop_suitability_by_province,ยางพารา,ปราจีนบุรี,ไร่,22,table,s2,25811,พืช ยางพารา จังหวัด ปราจีนบุรี ระดับความเหมาะสม s2 มีเนื้อที่ 25811 ไร่
พื้นที่ความเหมาะสมพืชรายจังหวัด,-13-pdf (1).pdf,crop_suitability_by_province,ยางพารา,ปัตตานี,ไร่,22,table,s2,124826,พืช ยางพารา จังหวัด ปัตตานี ระดับความเหมาะสม s2 มีเนื้อที่ 124826 ไร่
พื้นที่ความเหมาะสมพืชรายจังหวัด,-13-pdf (1).pdf,crop_suitability_by_province,ยางพารา,พะเยา,ไร่,21,table,s2,29288,พืช ยางพารา จังหวัด พะเยา ระดับความเหมาะสม s2 มีเนื้อที่ 29288 ไร่
พื้นที่ความเหมาะสมพืชรายจังหวัด,-13-pdf (1).pdf,crop_suitability_by_province,ยางพารา,พังงา,ไร่,22,table,s2,245807,พืช ยางพารา จังหวัด พังงา ระดับความเหมาะสม s2 มีเนื้อที่ 245807 ไร่
พื้นที่ความเหมาะสมพืชรายจังหวัด,-13-pdf (1).pdf,crop_suitability_by_province,ยางพารา,พัทลุง,ไร่,22,table,s2,218721,พืช ยางพารา จังหวัด พัทลุง ระดับความเหมาะสม s2 มีเนื้อที่ 218721 ไร่
พื้นที่ความเหมาะสมพืชรายจังหวัด,-13-pdf (1).pdf,crop_suitability_by_province,ยางพารา,พิจิตร,ไร่,21,table,s2,1029,พืช ยางพารา จังหวัด พิจิตร ระดับความเหมาะสม s2 มีเนื้อที่ 1029 ไร่
พื้นที่ความเหมาะสมพืชรายจังหวัด,-13-pdf (1).pdf,crop_suitability_by_province,ยางพารา,พิษณุโลก,ไร่,21,table,s2,118967,พืช ยางพารา จังหวัด พิษณุโลก ระดับความเหมาะสม s2 มีเนื้อที่ 118967 ไร่
พื้นที่ความเหมาะสมพืชรายจังหวัด,-13-pdf (1).pdf,crop_suitability_by_province,ยางพารา,ภูเก็ต,ไร่,22,table,s2,17399,พืช ยางพารา จังหวัด ภูเก็ต ระดับความเหมาะสม s2 มีเนื้อที่ 17399 ไร่
พื้นที่ความเหมาะสมพืชรายจังหวัด,-13-pdf (1).pdf,crop_suitability_by_province,ยางพารา,มหาสารคาม,ไร่,21,table,s2,11209,พืช ยางพารา จังหวัด มหาสารคาม ระดับความเหมาะสม s2 มีเนื้อที่ 11209 ไร่
พื้นที่ความเหมาะสมพืชรายจังหวัด,-13-pdf (1).pdf,crop_suitability_by_province,ยางพารา,มุกดาหาร,ไร่,21,table,s2,168841,พืช ยางพารา จังหวัด มุกดาหาร ระดับความเหมาะสม s2 มีเนื้อที่ 168841 ไร่
พื้นที่ความเหมาะสมพืชรายจังหวัด,-13-pdf (1).pdf,crop_suitability_by_province,ยางพารา,ยะลา,ไร่,22,table,s2,87292,พืช ยางพารา จังหวัด ยะลา ระดับความเหมาะสม s2 มีเนื้อที่ 87292 ไร่
พื้นที่ความเหมาะสมพืชรายจังหวัด,-13-pdf (1).pdf,crop_suitability_by_province,ยางพารา,ยโสธร,ไร่,21,table,s2,87677,พืช ยางพารา จังหวัด ยโสธร ระดับความเหมาะสม s2 มีเนื้อที่ 87677 ไร่
พื้นที่ความเหมาะสมพืชรายจังหวัด,-13-pdf (1).pdf,crop_suitability_by_province,ยางพารา,ระนอง,ไร่,22,table,s2,56764,พืช ยางพารา จังหวัด ระนอง ระดับความเหมาะสม s2 มีเนื้อที่ 56764 ไร่
พื้นที่ความเหมาะสมพืชรายจังหวัด,-13-pdf (1).pdf,crop_suitability_by_province,ยางพารา,ระยอง,ไร่,22,table,s2,324778,พืช ยางพารา จังหวัด ระยอง ระดับความเหมาะสม s2 มีเนื้อที่ 324778 ไร่
พื้นที่ความเหมาะสมพืชรายจังหวัด,-13-pdf (1).pdf,crop_suitability_by_province,ยางพารา,ราชบุรี,ไร่,22,table,s2,692,พืช ยางพารา จังหวัด ราชบุรี ระดับความเหมาะสม s2 มีเนื้อที่ 692 ไร่
พื้นที่ความเหมาะสมพืชรายจังหวัด,-13-pdf (1).pdf,crop_suitability_by_province,ยางพารา,ลพบุรี,ไร่,22,table,s2,237,พืช ยางพารา จังหวัด ลพบุรี ระดับความเหมาะสม s2 มีเนื้อที่ 237 ไร่
พื้นที่ความเหมาะสมพืชรายจังหวัด,-13-pdf (1).pdf,crop_suitability_by_province,ยางพารา,ลำปาง,ไร่,21,table,s2,101,พืช ยางพารา จังหวัด ลำปาง ระดับความเหมาะสม s2 มีเนื้อที่ 101 ไร่
พื้นที่ความเหมาะสมพืชรายจังหวัด,-13-pdf (1).pdf,crop_suitability_by_province,ยางพารา,ลำพูน,ไร่,21,table,s2,13,พืช ยางพารา จังหวัด ลำพูน ระดับความเหมาะสม s2 มีเนื้อที่ 13 ไร่
พื้นที่ความเหมาะสมพืชรายจังหวัด,-13-pdf (1).pdf,crop_suitability_by_province,ยางพารา,ศรีสะเกษ,ไร่,21,table,s2,179876,พืช ยางพารา จังหวัด ศรีสะเกษ ระดับความเหมาะสม s2 มีเนื้อที่ 179876 ไร่
พื้นที่ความเหมาะสมพืชรายจังหวัด,-13-pdf (1).pdf,crop_suitability_by_province,ยางพารา,สกลนคร,ไร่,21,table,s2,248031,พืช ยางพารา จังหวัด สกลนคร ระดับความเหมาะสม s2 มีเนื้อที่ 248031 ไร่
พื้นที่ความเหมาะสมพืชรายจังหวัด,-13-pdf (1).pdf,crop_suitability_by_province,ยางพารา,สงขลา,ไร่,22,table,s2,879511,พืช ยางพารา จังหวัด สงขลา ระดับความเหมาะสม s2 มีเนื้อที่ 879511 ไร่
พื้นที่ความเหมาะสมพืชรายจังหวัด,-13-pdf (1).pdf,crop_suitability_by_province,ยางพารา,สตูล,ไร่,22,table,s2,51961,พืช ยางพารา จังหวัด สตูล ระดับความเหมาะสม s2 มีเนื้อที่ 51961 ไร่
พื้นที่ความเหมาะสมพืชรายจังหวัด,-13-pdf (1).pdf,crop_suitability_by_province,ยางพารา,สระบุรี,ไร่,22,table,s2,143,พืช ยางพารา จังหวัด สระบุรี ระดับความเหมาะสม s2 มีเนื้อที่ 143 ไร่
พื้นที่ความเหมาะสมพืชรายจังหวัด,-13-pdf (1).pdf,crop_suitability_by_province,ยางพารา,สระแก้ว,ไร่,22,table,s2,55881,พืช ยางพารา จังหวัด สระแก้ว ระดับความเหมาะสม s2 มีเนื้อที่ 55881 ไร่
พื้นที่ความเหมาะสมพืชรายจังหวัด,-13-pdf (1).pdf,crop_suitability_by_province,ยางพารา,สุพรรณบุรี,ไร่,22,table,s2,823,พืช ยางพารา จังหวัด สุพรรณบุรี ระดับความเหมาะสม s2 มีเนื้อที่ 823 ไร่
พื้นที่ความเหมาะสมพืชรายจังหวัด,-13-pdf (1).pdf,crop_suitability_by_province,ยางพารา,สุราษฎร์ธานี,ไร่,22,table,s2,1179842,พืช ยางพารา จังหวัด สุราษฎร์ธานี ระดับความเหมาะสม s2 มีเนื้อที่ 1179842 ไร่
พื้นที่ความเหมาะสมพืชรายจังหวัด,-13-pdf (1).pdf,crop_suitability_by_province,ยางพารา,สุรินทร์,ไร่,21,table,s2,206491,พืช ยางพารา จังหวัด สุรินทร์ ระดับความเหมาะสม s2 มีเนื้อที่ 206491 ไร่
พื้นที่ความเหมาะสมพืชรายจังหวัด,-13-pdf (1).pdf,crop_suitability_by_province,ยางพารา,สุโขทัย,ไร่,21,table,s2,1820,พืช ยางพารา จังหวัด สุโขทัย ระดับความเหมาะสม s2 มีเนื้อที่ 1820 ไร่
พื้นที่ความเหมาะสมพืชรายจังหวัด,-13-pdf (1).pdf,crop_suitability_by_province,ยางพารา,หนองคาย,ไร่,21,table,s2,148356,พืช ยางพารา จังหวัด หนองคาย ระดับความเหมาะสม s2 มีเนื้อที่ 148356 ไร่
พื้นที่ความเหมาะสมพืชรายจังหวัด,-13-pdf (1).pdf,crop_suitability_by_province,ยางพารา,หนองบัวลำภู,ไร่,21,table,s2,48971,พืช ยางพารา จังหวัด หนองบัวลำภู ระดับความเหมาะสม s2 มีเนื้อที่ 48971 ไร่
พื้นที่ความเหมาะสมพืชรายจังหวัด,-13-pdf (1).pdf,crop_suitability_by_province,ยางพารา,อำนาจเจริญ,ไร่,21,table,s2,54385,พืช ยางพารา จังหวัด อำนาจเจริญ ระดับความเหมาะสม s2 มีเนื้อที่ 54385 ไร่
พื้นที่ความเหมาะสมพืชรายจังหวัด,-13-pdf (1).pdf,crop_suitability_by_province,ยางพารา,อุดรธานี,ไร่,21,table,s2,374559,พืช ยางพารา จังหวัด อุดรธานี ระดับความเหมาะสม s2 มีเนื้อที่ 374559 ไร่
พื้นที่ความเหมาะสมพืชรายจังหวัด,-13-pdf (1).pdf,crop_suitability_by_province,ยางพารา,อุตรดิตถ์,ไร่,21,table,s2,5955,พืช ยางพารา จังหวัด อุตรดิตถ์ ระดับความเหมาะสม s2 มีเนื้อที่ 5955 ไร่
พื้นที่ความเหมาะสมพืชรายจังหวัด,-13-pdf (1).pdf,crop_suitability_by_province,ยางพารา,อุทัยธานี,ไร่,21,table,s2,8911,พืช ยางพารา จังหวัด อุทัยธานี ระดับความเหมาะสม s2 มีเนื้อที่ 8911 ไร่
พื้นที่ความเหมาะสมพืชรายจังหวัด,-13-pdf (1).pdf,crop_suitability_by_province,ยางพารา,อุบลราชธานี,ไร่,21,table,s2,349681,พืช ยางพารา จังหวัด อุบลราชธานี ระดับความเหมาะสม s2 มีเนื้อที่ 349681 ไร่
พื้นที่ความเหมาะสมพืชรายจังหวัด,-13-pdf (1).pdf,crop_suitability_by_province,ยางพารา,เชียงราย,ไร่,21,table,s2,39085,พืช ยางพารา จังหวัด เชียงราย ระดับความเหมาะสม s2 มีเนื้อที่ 39085 ไร่
พื้นที่ความเหมาะสมพืชรายจังหวัด,-13-pdf (1).pdf,crop_suitability_by_province,ยางพารา,เชียงใหม่,ไร่,21,table,s2,5147,พืช ยางพารา จังหวัด เชียงใหม่ ระดับความเหมาะสม s2 มีเนื้อที่ 5147 ไร่
พื้นที่ความเหมาะสมพืชรายจังหวัด,-13-pdf (1).pdf,crop_suitability_by_province,ยางพารา,เพชรบุรี,ไร่,21,table,s2,30,พืช ยางพารา จังหวัด เพชรบุรี ระดับความเหมาะสม s2 มีเนื้อที่ 30 ไร่
พื้นที่ความเหมาะสมพืชรายจังหวัด,-13-pdf (1).pdf,crop_suitability_by_province,ยางพารา,เพชรบูรณ์,ไร่,21,table,s2,6499,พืช ยางพารา จังหวัด เพชรบูรณ์ ระดับความเหมาะสม s2 มีเนื้อที่ 6499 ไร่
พื้นที่ความเหมาะสมพืชรายจังหวัด,-13-pdf (1).pdf,crop_suitability_by_province,ยางพารา,เลย,ไร่,21,table,s2,258277,พืช ยางพารา จังหวัด เลย ระดับความเหมาะสม s2 มีเนื้อที่ 258277 ไร่
พื้นที่ความเหมาะสมพืชรายจังหวัด,-13-pdf (1).pdf,crop_suitability_by_province,ยางพารา,แพร่,ไร่,21,table,s2,1556,พืช ยางพารา จังหวัด แพร่ ระดับความเหมาะสม s2 มีเนื้อที่ 1556 ไร่
พื้นที่ความเหมาะสมพืชรายจังหวัด,-13-pdf (1).pdf,crop_suitability_by_province,ยางพารา,แม่ฮ่องสอน,ไร่,21,table,s2,341,พืช ยางพารา จังหวัด แม่ฮ่องสอน ระดับความเหมาะสม s2 มีเนื้อที่ 341 ไร่
พื้นที่ความเหมาะสมพืชรายจังหวัด,-13-pdf (1).pdf,crop_suitability_by_province,ลำไย,กาญจนบุรี,ไร่,12,table,s2,645,พืช ลำไย จังหวัด กาญจนบุรี ระดับความเหมาะสม s2 มีเนื้อที่ 645 ไร่
พื้นที่ความเหมาะสมพืชรายจังหวัด,-13-pdf (1).pdf,crop_suitability_by_province,ลำไย,กาฬสินธุ์,ไร่,12,table,s2,217,พืช ลำไย จังหวัด กาฬสินธุ์ ระดับความเหมาะสม s2 มีเนื้อที่ 217 ไร่
พื้นที่ความเหมาะสมพืชรายจังหวัด,-13-pdf (1).pdf,crop_suitability_by_province,ลำไย,กำแพงเพชร,ไร่,12,table,s2,4602,พืช ลำไย จังหวัด กำแพงเพชร ระดับความเหมาะสม s2 มีเนื้อที่ 4602 ไร่
พื้นที่ความเหมาะสมพืชรายจังหวัด,-13-pdf (1).pdf,crop_suitability_by_province,ลำไย,ขอนแก่น,ไร่,12,table,s2,745,พืช ลำไย จังหวัด ขอนแก่น ระดับความเหมาะสม s2 มีเนื้อที่ 745 ไร่
พื้นที่ความเหมาะสมพืชรายจังหวัด,-13-pdf (1).pdf,crop_suitability_by_province,ลำไย,จันทบุรี,ไร่,13,table,s2,295867,พืช ลำไย จังหวัด จันทบุรี ระดับความเหมาะสม s2 มีเนื้อที่ 295867 ไร่
พื้นที่ความเหมาะสมพืชรายจังหวัด,-13-pdf (1).pdf,crop_suitability_by_province,ลำไย,ฉะเชิงเทรา,ไร่,13,table,s2,937,พืช ลำไย จังหวัด ฉะเชิงเทรา ระดับความเหมาะสม s2 มีเนื้อที่ 937 ไร่
พื้นที่ความเหมาะสมพืชรายจังหวัด,-13-pdf (1).pdf,crop_suitability_by_province,ลำไย,ชลบุรี,ไร่,13,table,s2,599,พืช ลำไย จังหวัด ชลบุรี ระดับความเหมาะสม s2 มีเนื้อที่ 599 ไร่
พื้นที่ความเหมาะสมพืชรายจังหวัด,-13-pdf (1).pdf,crop_suitability_by_province,ลำไย,ชัยภูมิ,ไร่,12,table,s2,1393,พืช ลำไย จังหวัด ชัยภูมิ ระดับความเหมาะสม s2 มีเนื้อที่ 1393 ไร่
พื้นที่ความเหมาะสมพืชรายจังหวัด,-13-pdf (1).pdf,crop_suitability_by_province,ลำไย,ชุมพร,ไร่,13,table,s2,50,พืช ลำไย จังหวัด ชุมพร ระดับความเหมาะสม s2 มีเนื้อที่ 50 ไร่
พื้นที่ความเหมาะสมพืชรายจังหวัด,-13-pdf (1).pdf,crop_suitability_by_province,ลำไย,ตรัง,ไร่,13,table,s2,67,พืช ลำไย จังหวัด ตรัง ระดับความเหมาะสม s2 มีเนื้อที่ 67 ไร่
พื้นที่ความเหมาะสมพืชรายจังหวัด,-13-pdf (1).pdf,crop_suitability_by_province,ลำไย,ตราด,ไร่,13,table,s2,1822,พืช ลำไย จังหวัด ตราด ระดับความเหมาะสม s2 มีเนื้อที่ 1822 ไร่
พื้นที่ความเหมาะสมพืชรายจังหวัด,-13-pdf (1).pdf,crop_suitability_by_province,ลำไย,ตาก,ไร่,12,table,s2,4809,พืช ลำไย จังหวัด ตาก ระดับความเหมาะสม s2 มีเนื้อที่ 4809 ไร่
พื้นที่ความเหมาะสมพืชรายจังหวัด,-13-pdf (1).pdf,crop_suitability_by_province,ลำไย,นครพนม,ไร่,12,table,s2,57,พืช ลำไย จังหวัด นครพนม ระดับความเหมาะสม s2 มีเนื้อที่ 57 ไร่
พื้นที่ความเหมาะสมพืชรายจังหวัด,-13-pdf (1).pdf,crop_suitability_by_province,ลำไย,นครราชสีมา,ไร่,12,table,s2,1367,พืช ลำไย จังหวัด นครราชสีมา ระดับความเหมาะสม s2 มีเนื้อที่ 1367 ไร่
พื้นที่ความเหมาะสมพืชรายจังหวัด,-13-pdf (1).pdf,crop_suitability_by_province,ลำไย,นครสวรรค์,ไร่,12,table,s2,627,พืช ลำไย จังหวัด นครสวรรค์ ระดับความเหมาะสม s2 มีเนื้อที่ 627 ไร่
พื้นที่ความเหมาะสมพืชรายจังหวัด,-13-pdf (1).pdf,crop_suitability_by_province,ลำไย,น่าน,ไร่,12,table,s2,30619,พืช ลำไย จังหวัด น่าน ระดับความเหมาะสม s2 มีเนื้อที่ 30619 ไร่
พื้นที่ความเหมาะสมพืชรายจังหวัด,-13-pdf (1).pdf,crop_suitability_by_province,ลำไย,บึงกาฬ,ไร่,12,table,s2,189,พืช ลำไย จังหวัด บึงกาฬ ระดับความเหมาะสม s2 มีเนื้อที่ 189 ไร่
พื้นที่ความเหมาะสมพืชรายจังหวัด,-13-pdf (1).pdf,crop_suitability_by_province,ลำไย,บุรีรัมย์,ไร่,12,table,s2,1370,พืช ลำไย จังหวัด บุรีรัมย์ ระดับความเหมาะสม s2 มีเนื้อที่ 1370 ไร่
พื้นที่ความเหมาะสมพืชรายจังหวัด,-13-pdf (1).pdf,crop_suitability_by_province,ลำไย,ปทุมธานี,ไร่,12,table,s2,731,พืช ลำไย จังหวัด ปทุมธานี ระดับความเหมาะสม s2 มีเนื้อที่ 731 ไร่
พื้นที่ความเหมาะสมพืชรายจังหวัด,-13-pdf (1).pdf,crop_suitability_by_province,ลำไย,ประจวบคีรีขันธ์,ไร่,12,table,s2,33,พืช ลำไย จังหวัด ประจวบคีรีขันธ์ ระดับความเหมาะสม s2 มีเนื้อที่ 33 ไร่
พื้นที่ความเหมาะสมพืชรายจังหวัด,-13-pdf (1).pdf,crop_suitability_by_province,ลำไย,ปราจีนบุรี,ไร่,13,table,s2,1147,พืช ลำไย จังหวัด ปราจีนบุรี ระดับความเหมาะสม s2 มีเนื้อที่ 1147 ไร่
พื้นที่ความเหมาะสมพืชรายจังหวัด,-13-pdf (1).pdf,crop_suitability_by_province,ลำไย,พะเยา,ไร่,12,table,s2,47524,พืช ลำไย จังหวัด พะเยา ระดับความเหมาะสม s2 มีเนื้อที่ 47524 ไร่
พื้นที่ความเหมาะสมพืชรายจังหวัด,-13-pdf (1).pdf,crop_suitability_by_province,ลำไย,พิษณุโลก,ไร่,12,table,s2,1443,พืช ลำไย จังหวัด พิษณุโลก ระดับความเหมาะสม s2 มีเนื้อที่ 1443 ไร่
พื้นที่ความเหมาะสมพืชรายจังหวัด,-13-pdf (1).pdf,crop_suitability_by_province,ลำไย,มหาสารคาม,ไร่,12,table,s2,13,พืช ลำไย จังหวัด มหาสารคาม ระดับความเหมาะสม s2 มีเนื้อที่ 13 ไร่
พื้นที่ความเหมาะสมพืชรายจังหวัด,-13-pdf (1).pdf,crop_suitability_by_province,ลำไย,มุกดาหาร,ไร่,12,table,s2,244,พืช ลำไย จังหวัด มุกดาหาร ระดับความเหมาะสม s2 มีเนื้อที่ 244 ไร่
พื้นที่ความเหมาะสมพืชรายจังหวัด,-13-pdf (1).pdf,crop_suitability_by_province,ลำไย,ยโสธร,ไร่,12,table,s2,66,พืช ลำไย จังหวัด ยโสธร ระดับความเหมาะสม s2 มีเนื้อที่ 66 ไร่
พื้นที่ความเหมาะสมพืชรายจังหวัด,-13-pdf (1).pdf,crop_suitability_by_province,ลำไย,ระยอง,ไร่,13,table,s2,1687,พืช ลำไย จังหวัด ระยอง ระดับความเหมาะสม s2 มีเนื้อที่ 1687 ไร่
พื้นที่ความเหมาะสมพืชรายจังหวัด,-13-pdf (1).pdf,crop_suitability_by_province,ลำไย,ราชบุรี,ไร่,12,table,s2,1205,พืช ลำไย จังหวัด ราชบุรี ระดับความเหมาะสม s2 มีเนื้อที่ 1205 ไร่
พื้นที่ความเหมาะสมพืชรายจังหวัด,-13-pdf (1).pdf,crop_suitability_by_province,ลำไย,ร้อยเอ็ด,ไร่,12,table,s2,49,พืช ลำไย จังหวัด ร้อยเอ็ด ระดับความเหมาะสม s2 มีเนื้อที่ 49 ไร่
พื้นที่ความเหมาะสมพืชรายจังหวัด,-13-pdf (1).pdf,crop_suitability_by_province,ลำไย,ลพบุรี,ไร่,12,table,s2,48,พืช ลำไย จังหวัด ลพบุรี ระดับความเหมาะสม s2 มีเนื้อที่ 48 ไร่
พื้นที่ความเหมาะสมพืชรายจังหวัด,-13-pdf (1).pdf,crop_suitability_by_province,ลำไย,ลำปาง,ไร่,12,table,s2,14808,พืช ลำไย จังหวัด ลำปาง ระดับความเหมาะสม s2 มีเนื้อที่ 14808 ไร่
พื้นที่ความเหมาะสมพืชรายจังหวัด,-13-pdf (1).pdf,crop_suitability_by_province,ลำไย,ลำพูน,ไร่,12,table,s2,171610,พืช ลำไย จังหวัด ลำพูน ระดับความเหมาะสม s2 มีเนื้อที่ 171610 ไร่
พื้นที่ความเหมาะสมพืชรายจังหวัด,-13-pdf (1).pdf,crop_suitability_by_province,ลำไย,ศรีสะเกษ,ไร่,12,table,s2,635,พืช ลำไย จังหวัด ศรีสะเกษ ระดับความเหมาะสม s2 มีเนื้อที่ 635 ไร่
พื้นที่ความเหมาะสมพืชรายจังหวัด,-13-pdf (1).pdf,crop_suitability_by_province,ลำไย,สกลนคร,ไร่,12,table,s2,2734,พืช ลำไย จังหวัด สกลนคร ระดับความเหมาะสม s2 มีเนื้อที่ 2734 ไร่
พื้นที่ความเหมาะสมพืชรายจังหวัด,-13-pdf (1).pdf,crop_suitability_by_province,ลำไย,สงขลา,ไร่,13,table,s2,328,พืช ลำไย จังหวัด สงขลา ระดับความเหมาะสม s2 มีเนื้อที่ 328 ไร่
พื้นที่ความเหมาะสมพืชรายจังหวัด,-13-pdf (1).pdf,crop_suitability_by_province,ลำไย,สตูล,ไร่,13,table,s2,10,พืช ลำไย จังหวัด สตูล ระดับความเหมาะสม s2 มีเนื้อที่ 10 ไร่
พื้นที่ความเหมาะสมพืชรายจังหวัด,-13-pdf (1).pdf,crop_suitability_by_province,ลำไย,สระบุรี,ไร่,12,table,s2,178,พืช ลำไย จังหวัด สระบุรี ระดับความเหมาะสม s2 มีเนื้อที่ 178 ไร่
พื้นที่ความเหมาะสมพืชรายจังหวัด,-13-pdf (1).pdf,crop_suitability_by_province,ลำไย,สระแก้ว,ไร่,13,table,s2,22706,พืช ลำไย จังหวัด สระแก้ว ระดับความเหมาะสม s2 มีเนื้อที่ 22706 ไร่
พื้นที่ความเหมาะสมพืชรายจังหวัด,-13-pdf (1).pdf,crop_suitability_by_province,ลำไย,สุพรรณบุรี,ไร่,13,table,s2,238,พืช ลำไย จังหวัด สุพรรณบุรี ระดับความเหมาะสม s2 มีเนื้อที่ 238 ไร่
พื้นที่ความเหมาะสมพืชรายจังหวัด,-13-pdf (1).pdf,crop_suitability_by_province,ลำไย,สุราษฎร์ธานี,ไร่,13,table,s2,23,พืช ลำไย จังหวัด สุราษฎร์ธานี ระดับความเหมาะสม s2 มีเนื้อที่ 23 ไร่
พื้นที่ความเหมาะสมพืชรายจังหวัด,-13-pdf (1).pdf,crop_suitability_by_province,ลำไย,สุรินทร์,ไร่,12,table,s2,48,พืช ลำไย จังหวัด สุรินทร์ ระดับความเหมาะสม s2 มีเนื้อที่ 48 ไร่
พื้นที่ความเหมาะสมพืชรายจังหวัด,-13-pdf (1).pdf,crop_suitability_by_province,ลำไย,สุโขทัย,ไร่,12,table,s2,1870,พืช ลำไย จังหวัด สุโขทัย ระดับความเหมาะสม s2 มีเนื้อที่ 1870 ไร่
พื้นที่ความเหมาะสมพืชรายจังหวัด,-13-pdf (1).pdf,crop_suitability_by_province,ลำไย,หนองคาย,ไร่,12,table,s2,528,พืช ลำไย จังหวัด หนองคาย ระดับความเหมาะสม s2 มีเนื้อที่ 528 ไร่
พื้นที่ความเหมาะสมพืชรายจังหวัด,-13-pdf (1).pdf,crop_suitability_by_province,ลำไย,หนองบัวลำภู,ไร่,12,table,s2,1683,พืช ลำไย จังหวัด หนองบัวลำภู ระดับความเหมาะสม s2 มีเนื้อที่ 1683 ไร่
พื้นที่ความเหมาะสมพืชรายจังหวัด,-13-pdf (1).pdf,crop_suitability_by_province,ลำไย,อำนาจเจริญ,ไร่,12,table,s2,12,พืช ลำไย จังหวัด อำนาจเจริญ ระดับความเหมาะสม s2 มีเนื้อที่ 12 ไร่
พื้นที่ความเหมาะสมพืชรายจังหวัด,-13-pdf (1).pdf,crop_suitability_by_province,ลำไย,อุดรธานี,ไร่,12,table,s2,742,พืช ลำไย จังหวัด อุดรธานี ระดับความเหมาะสม s2 มีเนื้อที่ 742 ไร่
พื้นที่ความเหมาะสมพืชรายจังหวัด,-13-pdf (1).pdf,crop_suitability_by_province,ลำไย,อุตรดิตถ์,ไร่,12,table,s2,2884,พืช ลำไย จังหวัด อุตรดิตถ์ ระดับความเหมาะสม s2 มีเนื้อที่ 2884 ไร่
พื้นที่ความเหมาะสมพืชรายจังหวัด,-13-pdf (1).pdf,crop_suitability_by_province,ลำไย,อุทัยธานี,ไร่,12,table,s2,86,พืช ลำไย จังหวัด อุทัยธานี ระดับความเหมาะสม s2 มีเนื้อที่ 86 ไร่
พื้นที่ความเหมาะสมพืชรายจังหวัด,-13-pdf (1).pdf,crop_suitability_by_province,ลำไย,อุบลราชธานี,ไร่,12,table,s2,845,พืช ลำไย จังหวัด อุบลราชธานี ระดับความเหมาะสม s2 มีเนื้อที่ 845 ไร่
พื้นที่ความเหมาะสมพืชรายจังหวัด,-13-pdf (1).pdf,crop_suitability_by_province,ลำไย,เชียงราย,ไร่,12,table,s2,62350,พืช ลำไย จังหวัด เชียงราย ระดับความเหมาะสม s2 มีเนื้อที่ 62350 ไร่
พื้นที่ความเหมาะสมพืชรายจังหวัด,-13-pdf (1).pdf,crop_suitability_by_province,ลำไย,เชียงใหม่,ไร่,12,table,s2,236756,พืช ลำไย จังหวัด เชียงใหม่ ระดับความเหมาะสม s2 มีเนื้อที่ 236756 ไร่
พื้นที่ความเหมาะสมพืชรายจังหวัด,-13-pdf (1).pdf,crop_suitability_by_province,ลำไย,เพชรบุรี,ไร่,12,table,s2,53,พืช ลำไย จังหวัด เพชรบุรี ระดับความเหมาะสม s2 มีเนื้อที่ 53 ไร่
พื้นที่ความเหมาะสมพืชรายจังหวัด,-13-pdf (1).pdf,crop_suitability_by_province,ลำไย,เพชรบูรณ์,ไร่,12,table,s2,108,พืช ลำไย จังหวัด เพชรบูรณ์ ระดับความเหมาะสม s2 มีเนื้อที่ 108 ไร่
พื้นที่ความเหมาะสมพืชรายจังหวัด,-13-pdf (1).pdf,crop_suitability_by_province,ลำไย,เลย,ไร่,12,table,s2,10288,พืช ลำไย จังหวัด เลย ระดับความเหมาะสม s2 มีเนื้อที่ 10288 ไร่
พื้นที่ความเหมาะสมพืชรายจังหวัด,-13-pdf (1).pdf,crop_suitability_by_province,ลำไย,แพร่,ไร่,12,table,s2,3545,พืช ลำไย จังหวัด แพร่ ระดับความเหมาะสม s2 มีเนื้อที่ 3545 ไร่
พื้นที่ความเหมาะสมพืชรายจังหวัด,-13-pdf (1).pdf,crop_suitability_by_province,ลำไย,แม่ฮ่องสอน,ไร่,12,table,s2,790,พืช ลำไย จังหวัด แม่ฮ่องสอน ระดับความเหมาะสม s2 มีเนื้อที่ 790 ไร่
พื้นที่ความเหมาะสมพืชรายจังหวัด,-13-pdf (1).pdf,crop_suitability_by_province,สับปะรด,กาญจนบุรี,ไร่,11,table,s2,14607,พืช สับปะรด จังหวัด กาญจนบุรี ระดับความเหมาะสม s2 มีเนื้อที่ 14607 ไร่
พื้นที่ความเหมาะสมพืชรายจังหวัด,-13-pdf (1).pdf,crop_suitability_by_province,สับปะรด,กาฬสินธุ์,ไร่,11,table,s2,253,พืช สับปะรด จังหวัด กาฬสินธุ์ ระดับความเหมาะสม s2 มีเนื้อที่ 253 ไร่
พื้นที่ความเหมาะสมพืชรายจังหวัด,-13-pdf (1).pdf,crop_suitability_by_province,สับปะรด,จันทบุรี,ไร่,11,table,s2,2905,พืช สับปะรด จังหวัด จันทบุรี ระดับความเหมาะสม s2 มีเนื้อที่ 2905 ไร่
พื้นที่ความเหมาะสมพืชรายจังหวัด,-13-pdf (1).pdf,crop_suitability_by_province,สับปะรด,ฉะเชิงเทรา,ไร่,11,table,s2,12226,พืช สับปะรด จังหวัด ฉะเชิงเทรา ระดับความเหมาะสม s2 มีเนื้อที่ 12226 ไร่
พื้นที่ความเหมาะสมพืชรายจังหวัด,-13-pdf (1).pdf,crop_suitability_by_province,สับปะรด,ชลบุรี,ไร่,11,table,s2,38227,พืช สับปะรด จังหวัด ชลบุรี ระดับความเหมาะสม s2 มีเนื้อที่ 38227 ไร่
พื้นที่ความเหมาะสมพืชรายจังหวัด,-13-pdf (1).pdf,crop_suitability_by_province,สับปะรด,ชัยภูมิ,ไร่,11,table,s2,1477,พืช สับปะรด จังหวัด ชัยภูมิ ระดับความเหมาะสม s2 มีเนื้อที่ 1477 ไร่
พื้นที่ความเหมาะสมพืชรายจังหวัด,-13-pdf (1).pdf,crop_suitability_by_province,สับปะรด,ชุมพร,ไร่,11,table,s2,2554,พืช สับปะรด จังหวัด ชุมพร ระดับความเหมาะสม s2 มีเนื้อที่ 2554 ไร่
พื้นที่ความเหมาะสมพืชรายจังหวัด,-13-pdf (1).pdf,crop_suitability_by_province,สับปะรด,ตราด,ไร่,11,table,s2,11475,พืช สับปะรด จังหวัด ตราด ระดับความเหมาะสม s2 มีเนื้อที่ 11475 ไร่
พื้นที่ความเหมาะสมพืชรายจังหวัด,-13-pdf (1).pdf,crop_suitability_by_province,สับปะรด,นครพนม,ไร่,11,table,s2,1650,พืช สับปะรด จังหวัด นครพนม ระดับความเหมาะสม s2 มีเนื้อที่ 1650 ไร่
พื้นที่ความเหมาะสมพืชรายจังหวัด,-13-pdf (1).pdf,crop_suitability_by_province,สับปะรด,ประจวบคีรีขันธ์,ไร่,11,table,s2,136198,พืช สับปะรด จังหวัด ประจวบคีรีขันธ์ ระดับความเหมาะสม s2 มีเนื้อที่ 136198 ไร่
พื้นที่ความเหมาะสมพืชรายจังหวัด,-13-pdf (1).pdf,crop_suitability_by_province,สับปะรด,พะเยา,ไร่,11,table,s2,357,พืช สับปะรด จังหวัด พะเยา ระดับความเหมาะสม s2 มีเนื้อที่ 357 ไร่
พื้นที่ความเหมาะสมพืชรายจังหวัด,-13-pdf (1).pdf,crop_suitability_by_province,สับปะรด,พัทลุง,ไร่,11,table,s2,315,พืช สับปะรด จังหวัด พัทลุง ระดับความเหมาะสม s2 มีเนื้อที่ 315 ไร่
พื้นที่ความเหมาะสมพืชรายจังหวัด,-13-pdf (1).pdf,crop_suitability_by_province,สับปะรด,พิษณุโลก,ไร่,11,table,s2,7128,พืช สับปะรด จังหวัด พิษณุโลก ระดับความเหมาะสม s2 มีเนื้อที่ 7128 ไร่
พื้นที่ความเหมาะสมพืชรายจังหวัด,-13-pdf (1).pdf,crop_suitability_by_province,สับปะรด,ระยอง,ไร่,11,table,s2,43063,พืช สับปะรด จังหวัด ระยอง ระดับความเหมาะสม s2 มีเนื้อที่ 43063 ไร่
พื้นที่ความเหมาะสมพืชรายจังหวัด,-13-pdf (1).pdf,crop_suitability_by_province,สับปะรด,ราชบุรี,ไร่,11,table,s2,49257,พืช สับปะรด จังหวัด ราชบุรี ระดับความเหมาะสม s2 มีเนื้อที่ 49257 ไร่
พื้นที่ความเหมาะสมพืชรายจังหวัด,-13-pdf (1).pdf,crop_suitability_by_province,สับปะรด,ลำปาง,ไร่,11,table,s2,8422,พืช สับปะรด จังหวัด ลำปาง ระดับความเหมาะสม s2 มีเนื้อที่ 8422 ไร่
พื้นที่ความเหมาะสมพืชรายจังหวัด,-13-pdf (1).pdf,crop_suitability_by_province,สับปะรด,สุพรรณบุรี,ไร่,11,table,s2,1108,พืช สับปะรด จังหวัด สุพรรณบุรี ระดับความเหมาะสม s2 มีเนื้อที่ 1108 ไร่
พื้นที่ความเหมาะสมพืชรายจังหวัด,-13-pdf (1).pdf,crop_suitability_by_province,สับปะรด,หนองคาย,ไร่,11,table,s2,4624,พืช สับปะรด จังหวัด หนองคาย ระดับความเหมาะสม s2 มีเนื้อที่ 4624 ไร่
พื้นที่ความเหมาะสมพืชรายจังหวัด,-13-pdf (1).pdf,crop_suitability_by_province,สับปะรด,อุตรดิตถ์,ไร่,11,table,s2,6957,พืช สับปะรด จังหวัด อุตรดิตถ์ ระดับความเหมาะสม s2 มีเนื้อที่ 6957 ไร่
พื้นที่ความเหมาะสมพืชรายจังหวัด,-13-pdf (1).pdf,crop_suitability_by_province,สับปะรด,อุทัยธานี,ไร่,11,table,s2,10371,พืช สับปะรด จังหวัด อุทัยธานี ระดับความเหมาะสม s2 มีเนื้อที่ 10371 ไร่
พื้นที่ความเหมาะสมพืชรายจังหวัด,-13-pdf (1).pdf,crop_suitability_by_province,สับปะรด,อุบลราชธานี,ไร่,11,table,s2,4,พืช สับปะรด จังหวัด อุบลราชธานี ระดับความเหมาะสม s2 มีเนื้อที่ 4 ไร่
พื้นที่ความเหมาะสมพืชรายจังหวัด,-13-pdf (1).pdf,crop_suitability_by_province,สับปะรด,เชียงราย,ไร่,11,table,s2,2735,พืช สับปะรด จังหวัด เชียงราย ระดับความเหมาะสม s2 มีเนื้อที่ 2735 ไร่
พื้นที่ความเหมาะสมพืชรายจังหวัด,-13-pdf (1).pdf,crop_suitability_by_province,สับปะรด,เพชรบุรี,ไร่,11,table,s2,20053,พืช สับปะรด จังหวัด เพชรบุรี ระดับความเหมาะสม s2 มีเนื้อที่ 20053 ไร่
พื้นที่ความเหมาะสมพืชรายจังหวัด,-13-pdf (1).pdf,crop_suitability_by_province,สับปะรด,เลย,ไร่,11,table,s2,743,พืช สับปะรด จังหวัด เลย ระดับความเหมาะสม s2 มีเนื้อที่ 743 ไร่
พื้นที่ความเหมาะสมพืชรายจังหวัด,-13-pdf (1).pdf,crop_suitability_by_province,อ้อยโรงงาน,กาญจนบุรี,ไร่,7,table,s2,367038,พืช อ้อยโรงงาน จังหวัด กาญจนบุรี ระดับความเหมาะสม s2 มีเนื้อที่ 367038 ไร่
พื้นที่ความเหมาะสมพืชรายจังหวัด,-13-pdf (1).pdf,crop_suitability_by_province,อ้อยโรงงาน,กาฬสินธุ์,ไร่,7,table,s2,531450,พืช อ้อยโรงงาน จังหวัด กาฬสินธุ์ ระดับความเหมาะสม s2 มีเนื้อที่ 531450 ไร่
พื้นที่ความเหมาะสมพืชรายจังหวัด,-13-pdf (1).pdf,crop_suitability_by_province,อ้อยโรงงาน,กำแพงเพชร,ไร่,7,table,s2,419822,พืช อ้อยโรงงาน จังหวัด กำแพงเพชร ระดับความเหมาะสม s2 มีเนื้อที่ 419822 ไร่
พื้นที่ความเหมาะสมพืชรายจังหวัด,-13-pdf (1).pdf,crop_suitability_by_province,อ้อยโรงงาน,ขอนแก่น,ไร่,7,table,s2,869137,พืช อ้อยโรงงาน จังหวัด ขอนแก่น ระดับความเหมาะสม s2 มีเนื้อที่ 869137 ไร่
พื้นที่ความเหมาะสมพืชรายจังหวัด,-13-pdf (1).pdf,crop_suitability_by_province,อ้อยโรงงาน,จันทบุรี,ไร่,7,table,s2,5624,พืช อ้อยโรงงาน จังหวัด จันทบุรี ระดับความเหมาะสม s2 มีเนื้อที่ 5624 ไร่
พื้นที่ความเหมาะสมพืชรายจังหวัด,-13-pdf (1).pdf,crop_suitability_by_province,อ้อยโรงงาน,ฉะเชิงเทรา,ไร่,7,table,s2,17824,พืช อ้อยโรงงาน จังหวัด ฉะเชิงเทรา ระดับความเหมาะสม s2 มีเนื้อที่ 17824 ไร่
พื้นที่ความเหมาะสมพืชรายจังหวัด,-13-pdf (1).pdf,crop_suitability_by_province,อ้อยโรงงาน,ชลบุรี,ไร่,7,table,s2,115360,พืช อ้อยโรงงาน จังหวัด ชลบุรี ระดับความเหมาะสม s2 มีเนื้อที่ 115360 ไร่
พื้นที่ความเหมาะสมพืชรายจังหวัด,-13-pdf (1).pdf,crop_suitability_by_province,อ้อยโรงงาน,ชัยนาท,ไร่,7,table,s2,5862,พืช อ้อยโรงงาน จังหวัด ชัยนาท ระดับความเหมาะสม s2 มีเนื้อที่ 5862 ไร่
พื้นที่ความเหมาะสมพืชรายจังหวัด,-13-pdf (1).pdf,crop_suitability_by_province,อ้อยโรงงาน,ชัยภูมิ,ไร่,7,table,s2,773489,พืช อ้อยโรงงาน จังหวัด ชัยภูมิ ระดับความเหมาะสม s2 มีเนื้อที่ 773489 ไร่
พื้นที่ความเหมาะสมพืชรายจังหวัด,-13-pdf (1).pdf,crop_suitability_by_province,อ้อยโรงงาน,ตาก,ไร่,7,table,s2,68218,พืช อ้อยโรงงาน จังหวัด ตาก ระดับความเหมาะสม s2 มีเนื้อที่ 68218 ไร่
พื้นที่ความเหมาะสมพืชรายจังหวัด,-13-pdf (1).pdf,crop_suitability_by_province,อ้อยโรงงาน,นครนายก,ไร่,7,table,s2,21,พืช อ้อยโรงงาน จังหวัด นครนายก ระดับความเหมาะสม s2 มีเนื้อที่ 21 ไร่
พื้นที่ความเหมาะสมพืชรายจังหวัด,-13-pdf (1).pdf,crop_suitability_by_province,อ้อยโรงงาน,นครพนม,ไร่,8,table,s2,3149,พืช อ้อยโรงงาน จังหวัด นครพนม ระดับความเหมาะสม s2 มีเนื้อที่ 3149 ไร่
พื้นที่ความเหมาะสมพืชรายจังหวัด,-13-pdf (1).pdf,crop_suitability_by_province,อ้อยโรงงาน,นครราชสีมา,ไร่,7,table,s2,754987,พืช อ้อยโรงงาน จังหวัด นครราชสีมา ระดับความเหมาะสม s2 มีเนื้อที่ 754987 ไร่
พื้นที่ความเหมาะสมพืชรายจังหวัด,-13-pdf (1).pdf,crop_suitability_by_province,อ้อยโรงงาน,นครศรีธรรมราช,ไร่,8,table,s2,1,พืช อ้อยโรงงาน จังหวัด นครศรีธรรมราช ระดับความเหมาะสม s2 มีเนื้อที่ 1 ไร่
พื้นที่ความเหมาะสมพืชรายจังหวัด,-13-pdf (1).pdf,crop_suitability_by_province,อ้อยโรงงาน,นครสวรรค์,ไร่,7,table,s2,605873,พืช อ้อยโรงงาน จังหวัด นครสวรรค์ ระดับความเหมาะสม s2 มีเนื้อที่ 605873 ไร่
พื้นที่ความเหมาะสมพืชรายจังหวัด,-13-pdf (1).pdf,crop_suitability_by_province,อ้อยโรงงาน,นราธิวาส,ไร่,8,table,s2,184,พืช อ้อยโรงงาน จังหวัด นราธิวาส ระดับความเหมาะสม s2 มีเนื้อที่ 184 ไร่
พื้นที่ความเหมาะสมพืชรายจังหวัด,-13-pdf (1).pdf,crop_suitability_by_province,อ้อยโรงงาน,บึงกาฬ,ไร่,8,table,s2,1131,พืช อ้อยโรงงาน จังหวัด บึงกาฬ ระดับความเหมาะสม s2 มีเนื้อที่ 1131 ไร่
พื้นที่ความเหมาะสมพืชรายจังหวัด,-13-pdf (1).pdf,crop_suitability_by_province,อ้อยโรงงาน,บุรีรัมย์,ไร่,7,table,s2,523323,พืช อ้อยโรงงาน จังหวัด บุรีรัมย์ ระดับความเหมาะสม s2 มีเนื้อที่ 523323 ไร่
พื้นที่ความเหมาะสมพืชรายจังหวัด,-13-pdf (1).pdf,crop_suitability_by_province,อ้อยโรงงาน,ประจวบคีรีขันธ์,ไร่,7,table,s2,1770,พืช อ้อยโรงงาน จังหวัด ประจวบคีรีขันธ์ ระดับความเหมาะสม s2 มีเนื้อที่ 1770 ไร่
พื้นที่ความเหมาะสมพืชรายจังหวัด,-13-pdf (1).pdf,crop_suitability_by_province,อ้อยโรงงาน,ปราจีนบุรี,ไร่,7,table,s2,16792,พืช อ้อยโรงงาน จังหวัด ปราจีนบุรี ระดับความเหมาะสม s2 มีเนื้อที่ 16792 ไร่
พื้นที่ความเหมาะสมพืชรายจังหวัด,-13-pdf (1).pdf,crop_suitability_by_province,อ้อยโรงงาน,พะเยา,ไร่,7,table,s2,670,พืช อ้อยโรงงาน จังหวัด พะเยา ระดับความเหมาะสม s2 มีเนื้อที่ 670 ไร่
พื้นที่ความเหมาะสมพืชรายจังหวัด,-13-pdf (1).pdf,crop_suitability_by_province,อ้อยโรงงาน,พังงา,ไร่,8,table,s2,49,พืช อ้อยโรงงาน จังหวัด พังงา ระดับความเหมาะสม s2 มีเนื้อที่ 49 ไร่
พื้นที่ความเหมาะสมพืชรายจังหวัด,-13-pdf (1).pdf,crop_suitability_by_province,อ้อยโรงงาน,พัทลุง,ไร่,8,table,s2,3,พืช อ้อยโรงงาน จังหวัด พัทลุง ระดับความเหมาะสม s2 มีเนื้อที่ 3 ไร่
พื้นที่ความเหมาะสมพืชรายจังหวัด,-13-pdf (1).pdf,crop_suitability_by_province,อ้อยโรงงาน,พิจิตร,ไร่,7,table,s2,74538,พืช อ้อยโรงงาน จังหวัด พิจิตร ระดับความเหมาะสม s2 มีเนื้อที่ 74538 ไร่
พื้นที่ความเหมาะสมพืชรายจังหวัด,-13-pdf (1).pdf,crop_suitability_by_province,อ้อยโรงงาน,พิษณุโลก,ไร่,7,table,s2,198766,พืช อ้อยโรงงาน จังหวัด พิษณุโลก ระดับความเหมาะสม s2 มีเนื้อที่ 198766 ไร่
พื้นที่ความเหมาะสมพืชรายจังหวัด,-13-pdf (1).pdf,crop_suitability_by_province,อ้อยโรงงาน,มหาสารคาม,ไร่,8,table,s2,102382,พืช อ้อยโรงงาน จังหวัด มหาสารคาม ระดับความเหมาะสม s2 มีเนื้อที่ 102382 ไร่
พื้นที่ความเหมาะสมพืชรายจังหวัด,-13-pdf (1).pdf,crop_suitability_by_province,อ้อยโรงงาน,มุกดาหาร,ไร่,7,table,s2,235277,พืช อ้อยโรงงาน จังหวัด มุกดาหาร ระดับความเหมาะสม s2 มีเนื้อที่ 235277 ไร่
พื้นที่ความเหมาะสมพืชรายจังหวัด,-13-pdf (1).pdf,crop_suitability_by_province,อ้อยโรงงาน,ยโสธร,ไร่,8,table,s2,100856,พืช อ้อยโรงงาน จังหวัด ยโสธร ระดับความเหมาะสม s2 มีเนื้อที่ 100856 ไร่
พื้นที่ความเหมาะสมพืชรายจังหวัด,-13-pdf (1).pdf,crop_suitability_by_province,อ้อยโรงงาน,ระนอง,ไร่,8,table,s2,9,พืช อ้อยโรงงาน จังหวัด ระนอง ระดับความเหมาะสม s2 มีเนื้อที่ 9 ไร่
พื้นที่ความเหมาะสมพืชรายจังหวัด,-13-pdf (1).pdf,crop_suitability_by_province,อ้อยโรงงาน,ระยอง,ไร่,7,table,s2,4777,พืช อ้อยโรงงาน จังหวัด ระยอง ระดับความเหมาะสม s2 มีเนื้อที่ 4777 ไร่
พื้นที่ความเหมาะสมพืชรายจังหวัด,-13-pdf (1).pdf,crop_suitability_by_province,อ้อยโรงงาน,ราชบุรี,ไร่,7,table,s2,35035,พืช อ้อยโรงงาน จังหวัด ราชบุรี ระดับความเหมาะสม s2 มีเนื้อที่ 35035 ไร่
พื้นที่ความเหมาะสมพืชรายจังหวัด,-13-pdf (1).pdf,crop_suitability_by_province,อ้อยโรงงาน,ร้อยเอ็ด,ไร่,7,table,s2,201851,พืช อ้อยโรงงาน จังหวัด ร้อยเอ็ด ระดับความเหมาะสม s2 มีเนื้อที่ 201851 ไร่
พื้นที่ความเหมาะสมพืชรายจังหวัด,-13-pdf (1).pdf,crop_suitability_by_province,อ้อยโรงงาน,ลพบุรี,ไร่,7,table,s2,833963,พืช อ้อยโรงงาน จังหวัด ลพบุรี ระดับความเหมาะสม s2 มีเนื้อที่ 833963 ไร่
พื้นที่ความเหมาะสมพืชรายจังหวัด,-13-pdf (1).pdf,crop_suitability_by_province,อ้อยโรงงาน,ลำปาง,ไร่,7,table,s2,5283,พืช อ้อยโรงงาน จังหวัด ลำปาง ระดับความเหมาะสม s2 มีเนื้อที่ 5283 ไร่
พื้นที่ความเหมาะสมพืชรายจังหวัด,-13-pdf (1).pdf,crop_suitability_by_province,อ้อยโรงงาน,ลำพูน,ไร่,7,table,s2,771,พืช อ้อยโรงงาน จังหวัด ลำพูน ระดับความเหมาะสม s2 มีเนื้อที่ 771 ไร่
พื้นที่ความเหมาะสมพืชรายจังหวัด,-13-pdf (1).pdf,crop_suitability_by_province,อ้อยโรงงาน,ศรีสะเกษ,ไร่,8,table,s2,15652,พืช อ้อยโรงงาน จังหวัด ศรีสะเกษ ระดับความเหมาะสม s2 มีเนื้อที่ 15652 ไร่
พื้นที่ความเหมาะสมพืชรายจังหวัด,-13-pdf (1).pdf,crop_suitability_by_province,อ้อยโรงงาน,สกลนคร,ไร่,8,table,s2,104144,พืช อ้อยโรงงาน จังหวัด สกลนคร ระดับความเหมาะสม s2 มีเนื้อที่ 104144 ไร่
พื้นที่ความเหมาะสมพืชรายจังหวัด,-13-pdf (1).pdf,crop_suitability_by_province,อ้อยโรงงาน,สงขลา,ไร่,8,table,s2,15,พืช อ้อยโรงงาน จังหวัด สงขลา ระดับความเหมาะสม s2 มีเนื้อที่ 15 ไร่
พื้นที่ความเหมาะสมพืชรายจังหวัด,-13-pdf (1).pdf,crop_suitability_by_province,อ้อยโรงงาน,สตูล,ไร่,8,table,s2,18,พืช อ้อยโรงงาน จังหวัด สตูล ระดับความเหมาะสม s2 มีเนื้อที่ 18 ไร่
พื้นที่ความเหมาะสมพืชรายจังหวัด,-13-pdf (1).pdf,crop_suitability_by_province,อ้อยโรงงาน,สระบุรี,ไร่,7,table,s2,126695,พืช อ้อยโรงงาน จังหวัด สระบุรี ระดับความเหมาะสม s2 มีเนื้อที่ 126695 ไร่
พื้นที่ความเหมาะสมพืชรายจังหวัด,-13-pdf (1).pdf,crop_suitability_by_province,อ้อยโรงงาน,สระแก้ว,ไร่,7,table,s2,249185,พืช อ้อยโรงงาน จังหวัด สระแก้ว ระดับความเหมาะสม s2 มีเนื้อที่ 249185 ไร่
พื้นที่ความเหมาะสมพืชรายจังหวัด,-13-pdf (1).pdf,crop_suitability_by_province,อ้อยโรงงาน,สิงห์บุรี,ไร่,7,table,s2,1309,พืช อ้อยโรงงาน จังหวัด สิงห์บุรี ระดับความเหมาะสม s2 มีเนื้อที่ 1309 ไร่
พื้นที่ความเหมาะสมพืชรายจังหวัด,-13-pdf (1).pdf,crop_suitability_by_province,อ้อยโรงงาน,สุพรรณบุรี,ไร่,7,table,s2,87215,พืช อ้อยโรงงาน จังหวัด สุพรรณบุรี ระดับความเหมาะสม s2 มีเนื้อที่ 87215 ไร่
พื้นที่ความเหมาะสมพืชรายจังหวัด,-13-pdf (1).pdf,crop_suitability_by_province,อ้อยโรงงาน,สุรินทร์,ไร่,8,table,s2,133021,พืช อ้อยโรงงาน จังหวัด สุรินทร์ ระดับความเหมาะสม s2 มีเนื้อที่ 133021 ไร่
พื้นที่ความเหมาะสมพืชรายจังหวัด,-13-pdf (1).pdf,crop_suitability_by_province,อ้อยโรงงาน,สุโขทัย,ไร่,7,table,s2,365703,พืช อ้อยโรงงาน จังหวัด สุโขทัย ระดับความเหมาะสม s2 มีเนื้อที่ 365703 ไร่
พื้นที่ความเหมาะสมพืชรายจังหวัด,-13-pdf (1).pdf,crop_suitability_by_province,อ้อยโรงงาน,หนองคาย,ไร่,8,table,s2,26970,พืช อ้อยโรงงาน จังหวัด หนองคาย ระดับความเหมาะสม s2 มีเนื้อที่ 26970 ไร่
พื้นที่ความเหมาะสมพืชรายจังหวัด,-13-pdf (1).pdf,crop_suitability_by_province,อ้อยโรงงาน,หนองบัวลำภู,ไร่,7,table,s2,399845,พืช อ้อยโรงงาน จังหวัด หนองบัวลำภู ระดับความเหมาะสม s2 มีเนื้อที่ 399845 ไร่
พื้นที่ความเหมาะสมพืชรายจังหวัด,-13-pdf (1).pdf,crop_suitability_by_province,อ้อยโรงงาน,อำนาจเจริญ,ไร่,8,table,s2,54413,พืช อ้อยโรงงาน จังหวัด อำนาจเจริญ ระดับความเหมาะสม s2 มีเนื้อที่ 54413 ไร่
พื้นที่ความเหมาะสมพืชรายจังหวัด,-13-pdf (1).pdf,crop_suitability_by_province,อ้อยโรงงาน,อุดรธานี,ไร่,7,table,s2,1154991,พืช อ้อยโรงงาน จังหวัด อุดรธานี ระดับความเหมาะสม s2 มีเนื้อที่ 1154991 ไร่
พื้นที่ความเหมาะสมพืชรายจังหวัด,-13-pdf (1).pdf,crop_suitability_by_province,อ้อยโรงงาน,อุตรดิตถ์,ไร่,7,table,s2,94100,พืช อ้อยโรงงาน จังหวัด อุตรดิตถ์ ระดับความเหมาะสม s2 มีเนื้อที่ 94100 ไร่
พื้นที่ความเหมาะสมพืชรายจังหวัด,-13-pdf (1).pdf,crop_suitability_by_province,อ้อยโรงงาน,อุทัยธานี,ไร่,7,table,s2,391732,พืช อ้อยโรงงาน จังหวัด อุทัยธานี ระดับความเหมาะสม s2 มีเนื้อที่ 391732 ไร่
พื้นที่ความเหมาะสมพืชรายจังหวัด,-13-pdf (1).pdf,crop_suitability_by_province,อ้อยโรงงาน,อุบลราชธานี,ไร่,8,table,s2,7056,พืช อ้อยโรงงาน จังหวัด อุบลราชธานี ระดับความเหมาะสม s2 มีเนื้อที่ 7056 ไร่
พื้นที่ความเหมาะสมพืชรายจังหวัด,-13-pdf (1).pdf,crop_suitability_by_province,อ้อยโรงงาน,อ่างทอง,ไร่,7,table,s2,326,พืช อ้อยโรงงาน จังหวัด อ่างทอง ระดับความเหมาะสม s2 มีเนื้อที่ 326 ไร่
พื้นที่ความเหมาะสมพืชรายจังหวัด,-13-pdf (1).pdf,crop_suitability_by_province,อ้อยโรงงาน,เชียงราย,ไร่,7,table,s2,62,พืช อ้อยโรงงาน จังหวัด เชียงราย ระดับความเหมาะสม s2 มีเนื้อที่ 62 ไร่
พื้นที่ความเหมาะสมพืชรายจังหวัด,-13-pdf (1).pdf,crop_suitability_by_province,อ้อยโรงงาน,เชียงใหม่,ไร่,7,table,s2,744,พืช อ้อยโรงงาน จังหวัด เชียงใหม่ ระดับความเหมาะสม s2 มีเนื้อที่ 744 ไร่
พื้นที่ความเหมาะสมพืชรายจังหวัด,-13-pdf (1).pdf,crop_suitability_by_province,อ้อยโรงงาน,เพชรบุรี,ไร่,7,table,s2,253,พืช อ้อยโรงงาน จังหวัด เพชรบุรี ระดับความเหมาะสม s2 มีเนื้อที่ 253 ไร่
พื้นที่ความเหมาะสมพืชรายจังหวัด,-13-pdf (1).pdf,crop_suitability_by_province,อ้อยโรงงาน,เพชรบูรณ์,ไร่,7,table,s2,754179,พืช อ้อยโรงงาน จังหวัด เพชรบูรณ์ ระดับความเหมาะสม s2 มีเนื้อที่ 754179 ไร่
พื้นที่ความเหมาะสมพืชรายจังหวัด,-13-pdf (1).pdf,crop_suitability_by_province,อ้อยโรงงาน,เลย,ไร่,7,table,s2,320221,พืช อ้อยโรงงาน จังหวัด เลย ระดับความเหมาะสม s2 มีเนื้อที่ 320221 ไร่
พื้นที่ความเหมาะสมพืชรายจังหวัด,-13-pdf (1).pdf,crop_suitability_by_province,อ้อยโรงงาน,แพร่,ไร่,7,table,s2,3698,พืช อ้อยโรงงาน จังหวัด แพร่ ระดับความเหมาะสม s2 มีเนื้อที่ 3698 ไร่
พื้นที่ความเหมาะสมพืชรายจังหวัด,-13-pdf (1).pdf,crop_suitability_by_province,อ้อยโรงงาน,แม่ฮ่องสอน,ไร่,7,table,s2,4,พืช อ้อยโรงงาน จังหวัด แม่ฮ่องสอน ระดับความเหมาะสม s2 มีเนื้อที่ 4 ไร่
พื้นที่ความเหมาะสมพืชรายจังหวัด,-13-pdf (1).pdf,crop_suitability_by_province,เงาะ,กระบี่,ไร่,14,table,s2,54,พืช เงาะ จังหวัด กระบี่ ระดับความเหมาะสม s2 มีเนื้อที่ 54 ไร่
พื้นที่ความเหมาะสมพืชรายจังหวัด,-13-pdf (1).pdf,crop_suitability_by_province,เงาะ,กาญจนบุรี,ไร่,14,table,s2,2165,พืช เงาะ จังหวัด กาญจนบุรี ระดับความเหมาะสม s2 มีเนื้อที่ 2165 ไร่
พื้นที่ความเหมาะสมพืชรายจังหวัด,-13-pdf (1).pdf,crop_suitability_by_province,เงาะ,จันทบุรี,ไร่,14,table,s2,14138,พืช เงาะ จังหวัด จันทบุรี ระดับความเหมาะสม s2 มีเนื้อที่ 14138 ไร่
พื้นที่ความเหมาะสมพืชรายจังหวัด,-13-pdf (1).pdf,crop_suitability_by_province,เงาะ,ชลบุรี,ไร่,14,table,s2,127,พืช เงาะ จังหวัด ชลบุรี ระดับความเหมาะสม s2 มีเนื้อที่ 127 ไร่
พื้นที่ความเหมาะสมพืชรายจังหวัด,-13-pdf (1).pdf,crop_suitability_by_province,เงาะ,ชุมพร,ไร่,14,table,s2,399,พืช เงาะ จังหวัด ชุมพร ระดับความเหมาะสม s2 มีเนื้อที่ 399 ไร่
พื้นที่ความเหมาะสมพืชรายจังหวัด,-13-pdf (1).pdf,crop_suitability_by_province,เงาะ,ตรัง,ไร่,14,table,s2,1180,พืช เงาะ จังหวัด ตรัง ระดับความเหมาะสม s2 มีเนื้อที่ 1180 ไร่
พื้นที่ความเหมาะสมพืชรายจังหวัด,-13-pdf (1).pdf,crop_suitability_by_province,เงาะ,นครนายก,ไร่,14,table,s2,101,พืช เงาะ จังหวัด นครนายก ระดับความเหมาะสม s2 มีเนื้อที่ 101 ไร่
พื้นที่ความเหมาะสมพืชรายจังหวัด,-13-pdf (1).pdf,crop_suitability_by_province,เงาะ,นครพนม,ไร่,14,table,s2,114,พืช เงาะ จังหวัด นครพนม ระดับความเหมาะสม s2 มีเนื้อที่ 114 ไร่
พื้นที่ความเหมาะสมพืชรายจังหวัด,-13-pdf (1).pdf,crop_suitability_by_province,เงาะ,นครศรีธรรมราช,ไร่,14,table,s2,13619,พืช เงาะ จังหวัด นครศรีธรรมราช ระดับความเหมาะสม s2 มีเนื้อที่ 13619 ไร่
พื้นที่ความเหมาะสมพืชรายจังหวัด,-13-pdf (1).pdf,crop_suitability_by_province,เงาะ,นราธิวาส,ไร่,14,table,s2,514,พืช เงาะ จังหวัด นราธิวาส ระดับความเหมาะสม s2 มีเนื้อที่ 514 ไร่
พื้นที่ความเหมาะสมพืชรายจังหวัด,-13-pdf (1).pdf,crop_suitability_by_province,เงาะ,น่าน,ไร่,14,table,s2,434,พืช เงาะ จังหวัด น่าน ระดับความเหมาะสม s2 มีเนื้อที่ 434 ไร่
พื้นที่ความเหมาะสมพืชรายจังหวัด,-13-pdf (1).pdf,crop_suitability_by_province,เงาะ,บึงกาฬ,ไร่,14,table,s2,105,พืช เงาะ จังหวัด บึงกาฬ ระดับความเหมาะสม s2 มีเนื้อที่ 105 ไร่
พื้นที่ความเหมาะสมพืชรายจังหวัด,-13-pdf (1).pdf,crop_suitability_by_province,เงาะ,ประจวบคีรีขันธ์,ไร่,14,table,s2,17,พืช เงาะ จังหวัด ประจวบคีรีขันธ์ ระดับความเหมาะสม s2 มีเนื้อที่ 17 ไร่
พื้นที่ความเหมาะสมพืชรายจังหวัด,-13-pdf (1).pdf,crop_suitability_by_province,เงาะ,พะเยา,ไร่,14,table,s2,86,พืช เงาะ จังหวัด พะเยา ระดับความเหมาะสม s2 มีเนื้อที่ 86 ไร่
พื้นที่ความเหมาะสมพืชรายจังหวัด,-13-pdf (1).pdf,crop_suitability_by_province,เงาะ,พังงา,ไร่,14,table,s2,68,พืช เงาะ จังหวัด พังงา ระดับความเหมาะสม s2 มีเนื้อที่ 68 ไร่
พื้นที่ความเหมาะสมพืชรายจังหวัด,-13-pdf (1).pdf,crop_suitability_by_province,เงาะ,พัทลุง,ไร่,15,table,s2,7515,พืช เงาะ จังหวัด พัทลุง ระดับความเหมาะสม s2 มีเนื้อที่ 7515 ไร่
พื้นที่ความเหมาะสมพืชรายจังหวัด,-13-pdf (1).pdf,crop_suitability_by_province,เงาะ,ภูเก็ต,ไร่,15,table,s2,39,พืช เงาะ จังหวัด ภูเก็ต ระดับความเหมาะสม s2 มีเนื้อที่ 39 ไร่
พื้นที่ความเหมาะสมพืชรายจังหวัด,-13-pdf (1).pdf,crop_suitability_by_province,เงาะ,ยะลา,ไร่,15,table,s2,1,พืช เงาะ จังหวัด ยะลา ระดับความเหมาะสม s2 มีเนื้อที่ 1 ไร่
พื้นที่ความเหมาะสมพืชรายจังหวัด,-13-pdf (1).pdf,crop_suitability_by_province,เงาะ,ระนอง,ไร่,15,table,s2,17,พืช เงาะ จังหวัด ระนอง ระดับความเหมาะสม s2 มีเนื้อที่ 17 ไร่
พื้นที่ความเหมาะสมพืชรายจังหวัด,-13-pdf (1).pdf,crop_suitability_by_province,เงาะ,ระยอง,ไร่,14,table,s2,1272,พืช เงาะ จังหวัด ระยอง ระดับความเหมาะสม s2 มีเนื้อที่ 1272 ไร่
พื้นที่ความเหมาะสมพืชรายจังหวัด,-13-pdf (1).pdf,crop_suitability_by_province,เงาะ,ศรีสะเกษ,ไร่,14,table,s2,8223,พืช เงาะ จังหวัด ศรีสะเกษ ระดับความเหมาะสม s2 มีเนื้อที่ 8223 ไร่
พื้นที่ความเหมาะสมพืชรายจังหวัด,-13-pdf (1).pdf,crop_suitability_by_province,เงาะ,สกลนคร,ไร่,14,table,s2,48,พืช เงาะ จังหวัด สกลนคร ระดับความเหมาะสม s2 มีเนื้อที่ 48 ไร่
พื้นที่ความเหมาะสมพืชรายจังหวัด,-13-pdf (1).pdf,crop_suitability_by_province,เงาะ,สงขลา,ไร่,15,table,s2,2723,พืช เงาะ จังหวัด สงขลา ระดับความเหมาะสม s2 มีเนื้อที่ 2723 ไร่
พื้นที่ความเหมาะสมพืชรายจังหวัด,-13-pdf (1).pdf,crop_suitability_by_province,เงาะ,สตูล,ไร่,15,table,s2,93,พืช เงาะ จังหวัด สตูล ระดับความเหมาะสม s2 มีเนื้อที่ 93 ไร่
พื้นที่ความเหมาะสมพืชรายจังหวัด,-13-pdf (1).pdf,crop_suitability_by_province,เงาะ,สุราษฎร์ธานี,ไร่,15,table,s2,11906,พืช เงาะ จังหวัด สุราษฎร์ธานี ระดับความเหมาะสม s2 มีเนื้อที่ 11906 ไร่
พื้นที่ความเหมาะสมพืชรายจังหวัด,-13-pdf (1).pdf,crop_suitability_by_province,เงาะ,หนองคาย,ไร่,14,table,s2,23,พืช เงาะ จังหวัด หนองคาย ระดับความเหมาะสม s2 มีเนื้อที่ 23 ไร่
พื้นที่ความเหมาะสมพืชรายจังหวัด,-13-pdf (1).pdf,crop_suitability_by_province,เงาะ,อุบลราชธานี,ไร่,14,table,s2,2067,พืช เงาะ จังหวัด อุบลราชธานี ระดับความเหมาะสม s2 มีเนื้อที่ 2067 ไร่
พื้นที่ความเหมาะสมพืชรายจังหวัด,-13-pdf (1).pdf,crop_suitability_by_province,เงาะ,เชียงราย,ไร่,14,table,s2,2193,พืช เงาะ จังหวัด เชียงราย ระดับความเหมาะสม s2 มีเนื้อที่ 2193 ไร่
พื้นที่ความเหมาะสมพืชรายจังหวัด,-13-pdf (1).pdf,crop_suitability_by_province,เงาะ,เชียงใหม่,ไร่,14,table,s2,29,พืช เงาะ จังหวัด เชียงใหม่ ระดับความเหมาะสม s2 มีเนื้อที่ 29 ไร่
พื้นที่ความเหมาะสมพืชรายจังหวัด,-13-pdf (1).pdf,crop_suitability_by_province,เงาะ,เลย,ไร่,14,table,s2,18,พืช เงาะ จังหวัด เลย ระดับความเหมาะสม s2 มีเนื้อที่ 18 ไร่
พื้นที่ความเหมาะสมพืชรายจังหวัด,-13-pdf (1).pdf,crop_suitability_by_province,ยางพารา,กระบี่,ไร่,22,table,s2_star,39147,พืช ยางพารา จังหวัด กระบี่ ระดับความเหมาะสม s2_star มีเนื้อที่ 39147 ไร่
พื้นที่ความเหมาะสมพืชรายจังหวัด,-13-pdf (1).pdf,crop_suitability_by_province,ยางพารา,กาญจนบุรี,ไร่,21,table,s2_star,9819,พืช ยางพารา จังหวัด กาญจนบุรี ระดับความเหมาะสม s2_star มีเนื้อที่ 9819 ไร่
พื้นที่ความเหมาะสมพืชรายจังหวัด,-13-pdf (1).pdf,crop_suitability_by_province,ยางพารา,กาฬสินธุ์,ไร่,21,table,s2_star,1465,พืช ยางพารา จังหวัด กาฬสินธุ์ ระดับความเหมาะสม s2_star มีเนื้อที่ 1465 ไร่
พื้นที่ความเหมาะสมพืชรายจังหวัด,-13-pdf (1).pdf,crop_suitability_by_province,ยางพารา,ขอนแก่น,ไร่,21,table,s2_star,635,พืช ยางพารา จังหวัด ขอนแก่น ระดับความเหมาะสม s2_star มีเนื้อที่ 635 ไร่
พื้นที่ความเหมาะสมพืชรายจังหวัด,-13-pdf (1).pdf,crop_suitability_by_province,ยางพารา,จันทบุรี,ไร่,22,table,s2_star,98872,พืช ยางพารา จังหวัด จันทบุรี ระดับความเหมาะสม s2_star มีเนื้อที่ 98872 ไร่
พื้นที่ความเหมาะสมพืชรายจังหวัด,-13-pdf (1).pdf,crop_suitability_by_province,ยางพารา,ฉะเชิงเทรา,ไร่,22,table,s2_star,208624,พืช ยางพารา จังหวัด ฉะเชิงเทรา ระดับความเหมาะสม s2_star มีเนื้อที่ 208624 ไร่
พื้นที่ความเหมาะสมพืชรายจังหวัด,-13-pdf (1).pdf,crop_suitability_by_province,ยางพารา,ชลบุรี,ไร่,22,table,s2_star,89921,พืช ยางพารา จังหวัด ชลบุรี ระดับความเหมาะสม s2_star มีเนื้อที่ 89921 ไร่
พื้นที่ความเหมาะสมพืชรายจังหวัด,-13-pdf (1).pdf,crop_suitability_by_province,ยางพารา,ชัยภูมิ,ไร่,21,table,s2_star,671,พืช ยางพารา จังหวัด ชัยภูมิ ระดับความเหมาะสม s2_star มีเนื้อที่ 671 ไร่
พื้นที่ความเหมาะสมพืชรายจังหวัด,-13-pdf (1).pdf,crop_suitability_by_province,ยางพารา,ชุมพร,ไร่,22,table,s2_star,14068,พืช ยางพารา จังหวัด ชุมพร ระดับความเหมาะสม s2_star มีเนื้อที่ 14068 ไร่
พื้นที่ความเหมาะสมพืชรายจังหวัด,-13-pdf (1).pdf,crop_suitability_by_province,ยางพารา,ตรัง,ไร่,22,table,s2_star,118885,พืช ยางพารา จังหวัด ตรัง ระดับความเหมาะสม s2_star มีเนื้อที่ 118885 ไร่
พื้นที่ความเหมาะสมพืชรายจังหวัด,-13-pdf (1).pdf,crop_suitability_by_province,ยางพารา,ตราด,ไร่,22,table,s2_star,257523,พืช ยางพารา จังหวัด ตราด ระดับความเหมาะสม s2_star มีเนื้อที่ 257523 ไร่
พื้นที่ความเหมาะสมพืชรายจังหวัด,-13-pdf (1).pdf,crop_suitability_by_province,ยางพารา,นครนายก,ไร่,21,table,s2_star,216,พืช ยางพารา จังหวัด นครนายก ระดับความเหมาะสม s2_star มีเนื้อที่ 216 ไร่
พื้นที่ความเหมาะสมพืชรายจังหวัด,-13-pdf (1).pdf,crop_suitability_by_province,ยางพารา,นครพนม,ไร่,21,table,s2_star,95432,พืช ยางพารา จังหวัด นครพนม ระดับความเหมาะสม s2_star มีเนื้อที่ 95432 ไร่
พื้นที่ความเหมาะสมพืชรายจังหวัด,-13-pdf (1).pdf,crop_suitability_by_province,ยางพารา,นครราชสีมา,ไร่,21,table,s2_star,340,พืช ยางพารา จังหวัด นครราชสีมา ระดับความเหมาะสม s2_star มีเนื้อที่ 340 ไร่
พื้นที่ความเหมาะสมพืชรายจังหวัด,-13-pdf (1).pdf,crop_suitability_by_province,ยางพารา,นครศรีธรรมราช,ไร่,22,table,s2_star,133985,พืช ยางพารา จังหวัด นครศรีธรรมราช ระดับความเหมาะสม s2_star มีเนื้อที่ 133985 ไร่
พื้นที่ความเหมาะสมพืชรายจังหวัด,-13-pdf (1).pdf,crop_suitability_by_province,ยางพารา,นครสวรรค์,ไร่,21,table,s2_star,1734,พืช ยางพารา จังหวัด นครสวรรค์ ระดับความเหมาะสม s2_star มีเนื้อที่ 1734 ไร่
พื้นที่ความเหมาะสมพืชรายจังหวัด,-13-pdf (1).pdf,crop_suitability_by_province,ยางพารา,นราธิวาส,ไร่,22,table,s2_star,19784,พืช ยางพารา จังหวัด นราธิวาส ระดับความเหมาะสม s2_star มีเนื้อที่ 19784 ไร่
พื้นที่ความเหมาะสมพืชรายจังหวัด,-13-pdf (1).pdf,crop_suitability_by_province,ยางพารา,น่าน,ไร่,21,table,s2_star,20548,พืช ยางพารา จังหวัด น่าน ระดับความเหมาะสม s2_star มีเนื้อที่ 20548 ไร่
พื้นที่ความเหมาะสมพืชรายจังหวัด,-13-pdf (1).pdf,crop_suitability_by_province,ยางพารา,บึงกาฬ,ไร่,21,table,s2_star,413487,พืช ยางพารา จังหวัด บึงกาฬ ระดับความเหมาะสม s2_star มีเนื้อที่ 413487 ไร่
พื้นที่ความเหมาะสมพืชรายจังหวัด,-13-pdf (1).pdf,crop_suitability_by_province,ยางพารา,บุรีรัมย์,ไร่,21,table,s2_star,4724,พืช ยางพารา จังหวัด บุรีรัมย์ ระดับความเหมาะสม s2_star มีเนื้อที่ 4724 ไร่
พื้นที่ความเหมาะสมพืชรายจังหวัด,-13-pdf (1).pdf,crop_suitability_by_province,ยางพารา,ประจวบคีรีขันธ์,ไร่,22,table,s2_star,2564,พืช ยางพารา จังหวัด ประจวบคีรีขันธ์ ระดับความเหมาะสม s2_star มีเนื้อที่ 2564 ไร่
พื้นที่ความเหมาะสมพืชรายจังหวัด,-13-pdf (1).pdf,crop_suitability_by_province,ยางพารา,ปราจีนบุรี,ไร่,22,table,s2_star,21837,พืช ยางพารา จังหวัด ปราจีนบุรี ระดับความเหมาะสม s2_star มีเนื้อที่ 21837 ไร่
พื้นที่ความเหมาะสมพืชรายจังหวัด,-13-pdf (1).pdf,crop_suitability_by_province,ยางพารา,ปัตตานี,ไร่,22,table,s2_star,7354,พืช ยางพารา จังหวัด ปัตตานี ระดับความเหมาะสม s2_star มีเนื้อที่ 7354 ไร่
พื้นที่ความเหมาะสมพืชรายจังหวัด,-13-pdf (1).pdf,crop_suitability_by_province,ยางพารา,พะเยา,ไร่,21,table,s2_star,15111,พืช ยางพารา จังหวัด พะเยา ระดับความเหมาะสม s2_star มีเนื้อที่ 15111 ไร่
พื้นที่ความเหมาะสมพืชรายจังหวัด,-13-pdf (1).pdf,crop_suitability_by_province,ยางพารา,พังงา,ไร่,22,table,s2_star,11890,พืช ยางพารา จังหวัด พังงา ระดับความเหมาะสม s2_star มีเนื้อที่ 11890 ไร่
พื้นที่ความเหมาะสมพืชรายจังหวัด,-13-pdf (1).pdf,crop_suitability_by_province,ยางพารา,พัทลุง,ไร่,22,table,s2_star,84224,พืช ยางพารา จังหวัด พัทลุง ระดับความเหมาะสม s2_star มีเนื้อที่ 84224 ไร่
พื้นที่ความเหมาะสมพืชรายจังหวัด,-13-pdf (1).pdf,crop_suitability_by_province,ยางพารา,พิจิตร,ไร่,21,table,s2_star,472,พืช ยางพารา จังหวัด พิจิตร ระดับความเหมาะสม s2_star มีเนื้อที่ 472 ไร่
พื้นที่ความเหมาะสมพืชรายจังหวัด,-13-pdf (1).pdf,crop_suitability_by_province,ยางพารา,พิษณุโลก,ไร่,21,table,s2_star,15307,พืช ยางพารา จังหวัด พิษณุโลก ระดับความเหมาะสม s2_star มีเนื้อที่ 15307 ไร่
พื้นที่ความเหมาะสมพืชรายจังหวัด,-13-pdf (1).pdf,crop_suitability_by_province,ยางพารา,ภูเก็ต,ไร่,22,table,s2_star,330,พืช ยางพารา จังหวัด ภูเก็ต ระดับความเหมาะสม s2_star มีเนื้อที่ 330 ไร่
พื้นที่ความเหมาะสมพืชรายจังหวัด,-13-pdf (1).pdf,crop_suitability_by_province,ยางพารา,มหาสารคาม,ไร่,21,table,s2_star,55,พืช ยางพารา จังหวัด มหาสารคาม ระดับความเหมาะสม s2_star มีเนื้อที่ 55 ไร่
พื้นที่ความเหมาะสมพืชรายจังหวัด,-13-pdf (1).pdf,crop_suitability_by_province,ยางพารา,มุกดาหาร,ไร่,21,table,s2_star,1238,พืช ยางพารา จังหวัด มุกดาหาร ระดับความเหมาะสม s2_star มีเนื้อที่ 1238 ไร่
พื้นที่ความเหมาะสมพืชรายจังหวัด,-13-pdf (1).pdf,crop_suitability_by_province,ยางพารา,ยะลา,ไร่,22,table,s2_star,13351,พืช ยางพารา จังหวัด ยะลา ระดับความเหมาะสม s2_star มีเนื้อที่ 13351 ไร่
พื้นที่ความเหมาะสมพืชรายจังหวัด,-13-pdf (1).pdf,crop_suitability_by_province,ยางพารา,ยโสธร,ไร่,21,table,s2_star,952,พืช ยางพารา จังหวัด ยโสธร ระดับความเหมาะสม s2_star มีเนื้อที่ 952 ไร่
พื้นที่ความเหมาะสมพืชรายจังหวัด,-13-pdf (1).pdf,crop_suitability_by_province,ยางพารา,ระนอง,ไร่,22,table,s2_star,3561,พืช ยางพารา จังหวัด ระนอง ระดับความเหมาะสม s2_star มีเนื้อที่ 3561 ไร่
พื้นที่ความเหมาะสมพืชรายจังหวัด,-13-pdf (1).pdf,crop_suitability_by_province,ยางพารา,ระยอง,ไร่,22,table,s2_star,122047,พืช ยางพารา จังหวัด ระยอง ระดับความเหมาะสม s2_star มีเนื้อที่ 122047 ไร่
พื้นที่ความเหมาะสมพืชรายจังหวัด,-13-pdf (1).pdf,crop_suitability_by_province,ยางพารา,ราชบุรี,ไร่,22,table,s2_star,24,พืช ยางพารา จังหวัด ราชบุรี ระดับความเหมาะสม s2_star มีเนื้อที่ 24 ไร่
พื้นที่ความเหมาะสมพืชรายจังหวัด,-13-pdf (1).pdf,crop_suitability_by_province,ยางพารา,ลำปาง,ไร่,21,table,s2_star,1522,พืช ยางพารา จังหวัด ลำปาง ระดับความเหมาะสม s2_star มีเนื้อที่ 1522 ไร่
พื้นที่ความเหมาะสมพืชรายจังหวัด,-13-pdf (1).pdf,crop_suitability_by_province,ยางพารา,ลำพูน,ไร่,21,table,s2_star,76,พืช ยางพารา จังหวัด ลำพูน ระดับความเหมาะสม s2_star มีเนื้อที่ 76 ไร่
พื้นที่ความเหมาะสมพืชรายจังหวัด,-13-pdf (1).pdf,crop_suitability_by_province,ยางพารา,ศรีสะเกษ,ไร่,21,table,s2_star,53841,พืช ยางพารา จังหวัด ศรีสะเกษ ระดับความเหมาะสม s2_star มีเนื้อที่ 53841 ไร่
พื้นที่ความเหมาะสมพืชรายจังหวัด,-13-pdf (1).pdf,crop_suitability_by_province,ยางพารา,สกลนคร,ไร่,21,table,s2_star,143296,พืช ยางพารา จังหวัด สกลนคร ระดับความเหมาะสม s2_star มีเนื้อที่ 143296 ไร่
พื้นที่ความเหมาะสมพืชรายจังหวัด,-13-pdf (1).pdf,crop_suitability_by_province,ยางพารา,สงขลา,ไร่,22,table,s2_star,243754,พืช ยางพารา จังหวัด สงขลา ระดับความเหมาะสม s2_star มีเนื้อที่ 243754 ไร่
พื้นที่ความเหมาะสมพืชรายจังหวัด,-13-pdf (1).pdf,crop_suitability_by_province,ยางพารา,สตูล,ไร่,22,table,s2_star,114672,พืช ยางพารา จังหวัด สตูล ระดับความเหมาะสม s2_star มีเนื้อที่ 114672 ไร่
พื้นที่ความเหมาะสมพืชรายจังหวัด,-13-pdf (1).pdf,crop_suitability_by_province,ยางพารา,สระบุรี,ไร่,22,table,s2_star,64,พืช ยางพารา จังหวัด สระบุรี ระดับความเหมาะสม s2_star มีเนื้อที่ 64 ไร่
พื้นที่ความเหมาะสมพืชรายจังหวัด,-13-pdf (1).pdf,crop_suitability_by_province,ยางพารา,สระแก้ว,ไร่,22,table,s2_star,45812,พืช ยางพารา จังหวัด สระแก้ว ระดับความเหมาะสม s2_star มีเนื้อที่ 45812 ไร่
พื้นที่ความเหมาะสมพืชรายจังหวัด,-13-pdf (1).pdf,crop_suitability_by_province,ยางพารา,สุพรรณบุรี,ไร่,22,table,s2_star,91,พืช ยางพารา จังหวัด สุพรรณบุรี ระดับความเหมาะสม s2_star มีเนื้อที่ 91 ไร่
พื้นที่ความเหมาะสมพืชรายจังหวัด,-13-pdf (1).pdf,crop_suitability_by_province,ยางพารา,สุราษฎร์ธานี,ไร่,22,table,s2_star,155218,พืช ยางพารา จังหวัด สุราษฎร์ธานี ระดับความเหมาะสม s2_star มีเนื้อที่ 155218 ไร่
พื้นที่ความเหมาะสมพืชรายจังหวัด,-13-pdf (1).pdf,crop_suitability_by_province,ยางพารา,สุรินทร์,ไร่,21,table,s2_star,2868,พืช ยางพารา จังหวัด สุรินทร์ ระดับความเหมาะสม s2_star มีเนื้อที่ 2868 ไร่
พื้นที่ความเหมาะสมพืชรายจังหวัด,-13-pdf (1).pdf,crop_suitability_by_province,ยางพารา,สุโขทัย,ไร่,21,table,s2_star,332,พืช ยางพารา จังหวัด สุโขทัย ระดับความเหมาะสม s2_star มีเนื้อที่ 332 ไร่
พื้นที่ความเหมาะสมพืชรายจังหวัด,-13-pdf (1).pdf,crop_suitability_by_province,ยางพารา,หนองคาย,ไร่,21,table,s2_star,68481,พืช ยางพารา จังหวัด หนองคาย ระดับความเหมาะสม s2_star มีเนื้อที่ 68481 ไร่
พื้นที่ความเหมาะสมพืชรายจังหวัด,-13-pdf (1).pdf,crop_suitability_by_province,ยางพารา,หนองบัวลำภู,ไร่,21,table,s2_star,7388,พืช ยางพารา จังหวัด หนองบัวลำภู ระดับความเหมาะสม s2_star มีเนื้อที่ 7388 ไร่
พื้นที่ความเหมาะสมพืชรายจังหวัด,-13-pdf (1).pdf,crop_suitability_by_province,ยางพารา,อำนาจเจริญ,ไร่,21,table,s2_star,730,พืช ยางพารา จังหวัด อำนาจเจริญ ระดับความเหมาะสม s2_star มีเนื้อที่ 730 ไร่
พื้นที่ความเหมาะสมพืชรายจังหวัด,-13-pdf (1).pdf,crop_suitability_by_province,ยางพารา,อุดรธานี,ไร่,21,table,s2_star,8676,พืช ยางพารา จังหวัด อุดรธานี ระดับความเหมาะสม s2_star มีเนื้อที่ 8676 ไร่
พื้นที่ความเหมาะสมพืชรายจังหวัด,-13-pdf (1).pdf,crop_suitability_by_province,ยางพารา,อุตรดิตถ์,ไร่,21,table,s2_star,2290,พืช ยางพารา จังหวัด อุตรดิตถ์ ระดับความเหมาะสม s2_star มีเนื้อที่ 2290 ไร่
พื้นที่ความเหมาะสมพืชรายจังหวัด,-13-pdf (1).pdf,crop_suitability_by_province,ยางพารา,อุทัยธานี,ไร่,21,table,s2_star,2274,พืช ยางพารา จังหวัด อุทัยธานี ระดับความเหมาะสม s2_star มีเนื้อที่ 2274 ไร่
พื้นที่ความเหมาะสมพืชรายจังหวัด,-13-pdf (1).pdf,crop_suitability_by_province,ยางพารา,อุบลราชธานี,ไร่,21,table,s2_star,34857,พืช ยางพารา จังหวัด อุบลราชธานี ระดับความเหมาะสม s2_star มีเนื้อที่ 34857 ไร่
พื้นที่ความเหมาะสมพืชรายจังหวัด,-13-pdf (1).pdf,crop_suitability_by_province,ยางพารา,เชียงราย,ไร่,21,table,s2_star,5236,พืช ยางพารา จังหวัด เชียงราย ระดับความเหมาะสม s2_star มีเนื้อที่ 5236 ไร่
พื้นที่ความเหมาะสมพืชรายจังหวัด,-13-pdf (1).pdf,crop_suitability_by_province,ยางพารา,เชียงใหม่,ไร่,21,table,s2_star,1249,พืช ยางพารา จังหวัด เชียงใหม่ ระดับความเหมาะสม s2_star มีเนื้อที่ 1249 ไร่
พื้นที่ความเหมาะสมพืชรายจังหวัด,-13-pdf (1).pdf,crop_suitability_by_province,ยางพารา,เพชรบูรณ์,ไร่,21,table,s2_star,2446,พืช ยางพารา จังหวัด เพชรบูรณ์ ระดับความเหมาะสม s2_star มีเนื้อที่ 2446 ไร่
พื้นที่ความเหมาะสมพืชรายจังหวัด,-13-pdf (1).pdf,crop_suitability_by_province,ยางพารา,เลย,ไร่,21,table,s2_star,32909,พืช ยางพารา จังหวัด เลย ระดับความเหมาะสม s2_star มีเนื้อที่ 32909 ไร่
พื้นที่ความเหมาะสมพืชรายจังหวัด,-13-pdf (1).pdf,crop_suitability_by_province,ยางพารา,แพร่,ไร่,21,table,s2_star,14,พืช ยางพารา จังหวัด แพร่ ระดับความเหมาะสม s2_star มีเนื้อที่ 14 ไร่
พื้นที่ความเหมาะสมพืชรายจังหวัด,-13-pdf (1).pdf,crop_suitability_by_province,ยางพารา,แม่ฮ่องสอน,ไร่,21,table,s2_star,85,พืช ยางพารา จังหวัด แม่ฮ่องสอน ระดับความเหมาะสม s2_star มีเนื้อที่ 85 ไร่
พื้นที่ความเหมาะสมพืชรายจังหวัด,-13-pdf (1).pdf,crop_suitability_by_province,กาแฟ(โรบัสต้า),กำแพงเพชร,ไร่,20,table,s3,14,พืช กาแฟ(โรบัสต้า) จังหวัด กำแพงเพชร ระดับความเหมาะสม s3 มีเนื้อที่ 14 ไร่
พื้นที่ความเหมาะสมพืชรายจังหวัด,-13-pdf (1).pdf,crop_suitability_by_province,กาแฟ(โรบัสต้า),ชุมพร,ไร่,20,table,s3,2850,พืช กาแฟ(โรบัสต้า) จังหวัด ชุมพร ระดับความเหมาะสม s3 มีเนื้อที่ 2850 ไร่
พื้นที่ความเหมาะสมพืชรายจังหวัด,-13-pdf (1).pdf,crop_suitability_by_province,กาแฟ(โรบัสต้า),ตาก,ไร่,20,table,s3,6,พืช กาแฟ(โรบัสต้า) จังหวัด ตาก ระดับความเหมาะสม s3 มีเนื้อที่ 6 ไร่
พื้นที่ความเหมาะสมพืชรายจังหวัด,-13-pdf (1).pdf,crop_suitability_by_province,กาแฟ(โรบัสต้า),นครราชสีมา,ไร่,20,table,s3,169,พืช กาแฟ(โรบัสต้า) จังหวัด นครราชสีมา ระดับความเหมาะสม s3 มีเนื้อที่ 169 ไร่
พื้นที่ความเหมาะสมพืชรายจังหวัด,-13-pdf (1).pdf,crop_suitability_by_province,กาแฟ(โรบัสต้า),นครศรีธรรมราช,ไร่,20,table,s3,47,พืช กาแฟ(โรบัสต้า) จังหวัด นครศรีธรรมราช ระดับความเหมาะสม s3 มีเนื้อที่ 47 ไร่
พื้นที่ความเหมาะสมพืชรายจังหวัด,-13-pdf (1).pdf,crop_suitability_by_province,กาแฟ(โรบัสต้า),พิษณุโลก,ไร่,20,table,s3,13,พืช กาแฟ(โรบัสต้า) จังหวัด พิษณุโลก ระดับความเหมาะสม s3 มีเนื้อที่ 13 ไร่
พื้นที่ความเหมาะสมพืชรายจังหวัด,-13-pdf (1).pdf,crop_suitability_by_province,กาแฟ(โรบัสต้า),ระนอง,ไร่,20,table,s3,146,พืช กาแฟ(โรบัสต้า) จังหวัด ระนอง ระดับความเหมาะสม s3 มีเนื้อที่ 146 ไร่
พื้นที่ความเหมาะสมพืชรายจังหวัด,-13-pdf (1).pdf,crop_suitability_by_province,กาแฟ(โรบัสต้า),ลำปาง,ไร่,20,table,s3,2,พืช กาแฟ(โรบัสต้า) จังหวัด ลำปาง ระดับความเหมาะสม s3 มีเนื้อที่ 2 ไร่
พื้นที่ความเหมาะสมพืชรายจังหวัด,-13-pdf (1).pdf,crop_suitability_by_province,กาแฟ(โรบัสต้า),สุราษฎร์ธานี,ไร่,20,table,s3,230,พืช กาแฟ(โรบัสต้า) จังหวัด สุราษฎร์ธานี ระดับความเหมาะสม s3 มีเนื้อที่ 230 ไร่
พื้นที่ความเหมาะสมพืชรายจังหวัด,-13-pdf (1).pdf,crop_suitability_by_province,กาแฟ(โรบัสต้า),สุโขทัย,ไร่,20,table,s3,101,พืช กาแฟ(โรบัสต้า) จังหวัด สุโขทัย ระดับความเหมาะสม s3 มีเนื้อที่ 101 ไร่
พื้นที่ความเหมาะสมพืชรายจังหวัด,-13-pdf (1).pdf,crop_suitability_by_province,กาแฟ(โรบัสต้า),เชียงราย,ไร่,20,table,s3,3,พืช กาแฟ(โรบัสต้า) จังหวัด เชียงราย ระดับความเหมาะสม s3 มีเนื้อที่ 3 ไร่
พื้นที่ความเหมาะสมพืชรายจังหวัด,-13-pdf (1).pdf,crop_suitability_by_province,กาแฟ(โรบัสต้า),เชียงใหม่,ไร่,20,table,s3,9,พืช กาแฟ(โรบัสต้า) จังหวัด เชียงใหม่ ระดับความเหมาะสม s3 มีเนื้อที่ 9 ไร่
พื้นที่ความเหมาะสมพืชรายจังหวัด,-13-pdf (1).pdf,crop_suitability_by_province,กาแฟ(โรบัสต้า),เลย,ไร่,20,table,s3,76,พืช กาแฟ(โรบัสต้า) จังหวัด เลย ระดับความเหมาะสม s3 มีเนื้อที่ 76 ไร่
พื้นที่ความเหมาะสมพืชรายจังหวัด,-13-pdf (1).pdf,crop_suitability_by_province,กาแฟ(โรบัสต้า),แพร่,ไร่,20,table,s3,12,พืช กาแฟ(โรบัสต้า) จังหวัด แพร่ ระดับความเหมาะสม s3 มีเนื้อที่ 12 ไร่
พื้นที่ความเหมาะสมพืชรายจังหวัด,-13-pdf (1).pdf,crop_suitability_by_province,กาแฟ(โรบัสต้า),แม่ฮ่องสอน,ไร่,20,table,s3,13,พืช กาแฟ(โรบัสต้า) จังหวัด แม่ฮ่องสอน ระดับความเหมาะสม s3 มีเนื้อที่ 13 ไร่
พื้นที่ความเหมาะสมพืชรายจังหวัด,-13-pdf (1).pdf,crop_suitability_by_province,ข้าว,กระบี่,ไร่,2,table,s3,258,พืช ข้าว จังหวัด กระบี่ ระดับความเหมาะสม s3 มีเนื้อที่ 258 ไร่
พื้นที่ความเหมาะสมพืชรายจังหวัด,-13-pdf (1).pdf,crop_suitability_by_province,ข้าว,กาญจนบุรี,ไร่,1,table,s3,189209,พืช ข้าว จังหวัด กาญจนบุรี ระดับความเหมาะสม s3 มีเนื้อที่ 189209 ไร่
พื้นที่ความเหมาะสมพืชรายจังหวัด,-13-pdf (1).pdf,crop_suitability_by_province,ข้าว,กาญจนบุรี,ไร่,9,table,s3,8100,พืช ข้าว จังหวัด กาญจนบุรี ระดับความเหมาะสม s3 มีเนื้อที่ 8100 ไร่
พื้นที่ความเหมาะสมพืชรายจังหวัด,-13-pdf (1).pdf,crop_suitability_by_province,ข้าว,กาฬสินธุ์,ไร่,1,table,s3,732931,พืช ข้าว จังหวัด กาฬสินธุ์ ระดับความเหมาะสม s3 มีเนื้อที่ 732931 ไร่
พื้นที่ความเหมาะสมพืชรายจังหวัด,-13-pdf (1).pdf,crop_suitability_by_province,ข้าว,กาฬสินธุ์,ไร่,9,table,s3,18,พืช ข้าว จังหวัด กาฬสินธุ์ ระดับความเหมาะสม s3 มีเนื้อที่ 18 ไร่
พื้นที่ความเหมาะสมพืชรายจังหวัด,-13-pdf (1).pdf,crop_suitability_by_province,ข้าว,กำแพงเพชร,ไร่,1,table,s3,42087,พืช ข้าว จังหวัด กำแพงเพชร ระดับความเหมาะสม s3 มีเนื้อที่ 42087 ไร่
พื้นที่ความเหมาะสมพืชรายจังหวัด,-13-pdf (1).pdf,crop_suitability_by_province,ข้าว,กำแพงเพชร,ไร่,9,table,s3,15763,พืช ข้าว จังหวัด กำแพงเพชร ระดับความเหมาะสม s3 มีเนื้อที่ 15763 ไร่
พื้นที่ความเหมาะสมพืชรายจังหวัด,-13-pdf (1).pdf,crop_suitability_by_province,ข้าว,ขอนแก่น,ไร่,1,table,s3,1090866,พืช ข้าว จังหวัด ขอนแก่น ระดับความเหมาะสม s3 มีเนื้อที่ 1090866 ไร่
พื้นที่ความเหมาะสมพืชรายจังหวัด,-13-pdf (1).pdf,crop_suitability_by_province,ข้าว,ขอนแก่น,ไร่,9,table,s3,168,พืช ข้าว จังหวัด ขอนแก่น ระดับความเหมาะสม s3 มีเนื้อที่ 168 ไร่
พื้นที่ความเหมาะสมพืชรายจังหวัด,-13-pdf (1).pdf,crop_suitability_by_province,ข้าว,จันทบุรี,ไร่,2,table,s3,15231,พืช ข้าว จังหวัด จันทบุรี ระดับความเหมาะสม s3 มีเนื้อที่ 15231 ไร่
พื้นที่ความเหมาะสมพืชรายจังหวัด,-13-pdf (1).pdf,crop_suitability_by_province,ข้าว,จันทบุรี,ไร่,10,table,s3,640,พืช ข้าว จังหวัด จันทบุรี ระดับความเหมาะสม s3 มีเนื้อที่ 640 ไร่
พื้นที่ความเหมาะสมพืชรายจังหวัด,-13-pdf (1).pdf,crop_suitability_by_province,ข้าว,ฉะเชิงเทรา,ไร่,2,table,s3,21683,พืช ข้าว จังหวัด ฉะเชิงเทรา ระดับความเหมาะสม s3 มีเนื้อที่ 21683 ไร่
พื้นที่ความเหมาะสมพืชรายจังหวัด,-13-pdf (1).pdf,crop_suitability_by_province,ข้าว,ฉะเชิงเทรา,ไร่,10,table,s3,636,พืช ข้าว จังหวัด ฉะเชิงเทรา ระดับความเหมาะสม s3 มีเนื้อที่ 636 ไร่
พื้นที่ความเหมาะสมพืชรายจังหวัด,-13-pdf (1).pdf,crop_suitability_by_province,ข้าว,ชลบุรี,ไร่,2,table,s3,10287,พืช ข้าว จังหวัด ชลบุรี ระดับความเหมาะสม s3 มีเนื้อที่ 10287 ไร่
พื้นที่ความเหมาะสมพืชรายจังหวัด,-13-pdf (1).pdf,crop_suitability_by_province,ข้าว,ชลบุรี,ไร่,10,table,s3,295,พืช ข้าว จังหวัด ชลบุรี ระดับความเหมาะสม s3 มีเนื้อที่ 295 ไร่
พื้นที่ความเหมาะสมพืชรายจังหวัด,-13-pdf (1).pdf,crop_suitability_by_province,ข้าว,ชัยนาท,ไร่,1,table,s3,58783,พืช ข้าว จังหวัด ชัยนาท ระดับความเหมาะสม s3 มีเนื้อที่ 58783 ไร่
พื้นที่ความเหมาะสมพืชรายจังหวัด,-13-pdf (1).pdf,crop_suitability_by_province,ข้าว,ชัยนาท,ไร่,9,table,s3,54,พืช ข้าว จังหวัด ชัยนาท ระดับความเหมาะสม s3 มีเนื้อที่ 54 ไร่
พื้นที่ความเหมาะสมพืชรายจังหวัด,-13-pdf (1).pdf,crop_suitability_by_province,ข้าว,ชัยภูมิ,ไร่,1,table,s3,1007006,พืช ข้าว จังหวัด ชัยภูมิ ระดับความเหมาะสม s3 มีเนื้อที่ 1007006 ไร่
พื้นที่ความเหมาะสมพืชรายจังหวัด,-13-pdf (1).pdf,crop_suitability_by_province,ข้าว,ชัยภูมิ,ไร่,9,table,s3,3107,พืช ข้าว จังหวัด ชัยภูมิ ระดับความเหมาะสม s3 มีเนื้อที่ 3107 ไร่
พื้นที่ความเหมาะสมพืชรายจังหวัด,-13-pdf (1).pdf,crop_suitability_by_province,ข้าว,ชุมพร,ไร่,2,table,s3,385,พืช ข้าว จังหวัด ชุมพร ระดับความเหมาะสม s3 มีเนื้อที่ 385 ไร่
พื้นที่ความเหมาะสมพืชรายจังหวัด,-13-pdf (1).pdf,crop_suitability_by_province,ข้าว,ตรัง,ไร่,2,table,s3,1269,พืช ข้าว จังหวัด ตรัง ระดับความเหมาะสม s3 มีเนื้อที่ 1269 ไร่
พื้นที่ความเหมาะสมพืชรายจังหวัด,-13-pdf (1).pdf,crop_suitability_by_province,ข้าว,ตราด,ไร่,2,table,s3,7952,พืช ข้าว จังหวัด ตราด ระดับความเหมาะสม s3 มีเนื้อที่ 7952 ไร่
พื้นที่ความเหมาะสมพืชรายจังหวัด,-13-pdf (1).pdf,crop_suitability_by_province,ข้าว,ตาก,ไร่,1,table,s3,133157,พืช ข้าว จังหวัด ตาก ระดับความเหมาะสม s3 มีเนื้อที่ 133157 ไร่
พื้นที่ความเหมาะสมพืชรายจังหวัด,-13-pdf (1).pdf,crop_suitability_by_province,ข้าว,ตาก,ไร่,9,table,s3,69576,พืช ข้าว จังหวัด ตาก ระดับความเหมาะสม s3 มีเนื้อที่ 69576 ไร่
พื้นที่ความเหมาะสมพืชรายจังหวัด,-13-pdf (1).pdf,crop_suitability_by_province,ข้าว,นครนายก,ไร่,1,table,s3,8102,พืช ข้าว จังหวัด นครนายก ระดับความเหมาะสม s3 มีเนื้อที่ 8102 ไร่
พื้นที่ความเหมาะสมพืชรายจังหวัด,-13-pdf (1).pdf,crop_suitability_by_province,ข้าว,นครนายก,ไร่,9,table,s3,12,พืช ข้าว จังหวัด นครนายก ระดับความเหมาะสม s3 มีเนื้อที่ 12 ไร่
พื้นที่ความเหมาะสมพืชรายจังหวัด,-13-pdf (1).pdf,crop_suitability_by_province,ข้าว,นครปฐม,ไร่,1,table,s3,1131,พืช ข้าว จังหวัด นครปฐม ระดับความเหมาะสม s3 มีเนื้อที่ 1131 ไร่
พื้นที่ความเหมาะสมพืชรายจังหวัด,-13-pdf (1).pdf,crop_suitability_by_province,ข้าว,นครพนม,ไร่,1,table,s3,325005,พืช ข้าว จังหวัด นครพนม ระดับความเหมาะสม s3 มีเนื้อที่ 325005 ไร่
พื้นที่ความเหมาะสมพืชรายจังหวัด,-13-pdf (1).pdf,crop_suitability_by_province,ข้าว,นครพนม,ไร่,9,table,s3,31,พืช ข้าว จังหวัด นครพนม ระดับความเหมาะสม s3 มีเนื้อที่ 31 ไร่
พื้นที่ความเหมาะสมพืชรายจังหวัด,-13-pdf (1).pdf,crop_suitability_by_province,ข้าว,นครราชสีมา,ไร่,1,table,s3,2353979,พืช ข้าว จังหวัด นครราชสีมา ระดับความเหมาะสม s3 มีเนื้อที่ 2353979 ไร่
พื้นที่ความเหมาะสมพืชรายจังหวัด,-13-pdf (1).pdf,crop_suitability_by_province,ข้าว,นครราชสีมา,ไร่,9,table,s3,101023,พืช ข้าว จังหวัด นครราชสีมา ระดับความเหมาะสม s3 มีเนื้อที่ 101023 ไร่
พื้นที่ความเหมาะสมพืชรายจังหวัด,-13-pdf (1).pdf,crop_suitability_by_province,ข้าว,นครศรีธรรมราช,ไร่,2,table,s3,4455,พืช ข้าว จังหวัด นครศรีธรรมราช ระดับความเหมาะสม s3 มีเนื้อที่ 4455 ไร่
พื้นที่ความเหมาะสมพืชรายจังหวัด,-13-pdf (1).pdf,crop_suitability_by_province,ข้าว,นครสวรรค์,ไร่,1,table,s3,236313,พืช ข้าว จังหวัด นครสวรรค์ ระดับความเหมาะสม s3 มีเนื้อที่ 236313 ไร่
พื้นที่ความเหมาะสมพืชรายจังหวัด,-13-pdf (1).pdf,crop_suitability_by_province,ข้าว,นครสวรรค์,ไร่,9,table,s3,28948,พืช ข้าว จังหวัด นครสวรรค์ ระดับความเหมาะสม s3 มีเนื้อที่ 28948 ไร่
พื้นที่ความเหมาะสมพืชรายจังหวัด,-13-pdf (1).pdf,crop_suitability_by_province,ข้าว,นราธิวาส,ไร่,2,table,s3,21677,พืช ข้าว จังหวัด นราธิวาส ระดับความเหมาะสม s3 มีเนื้อที่ 21677 ไร่
พื้นที่ความเหมาะสมพืชรายจังหวัด,-13-pdf (1).pdf,crop_suitability_by_province,ข้าว,น่าน,ไร่,1,table,s3,26992,พืช ข้าว จังหวัด น่าน ระดับความเหมาะสม s3 มีเนื้อที่ 26992 ไร่
พื้นที่ความเหมาะสมพืชรายจังหวัด,-13-pdf (1).pdf,crop_suitability_by_province,ข้าว,น่าน,ไร่,9,table,s3,106536,พืช ข้าว จังหวัด น่าน ระดับความเหมาะสม s3 มีเนื้อที่ 106536 ไร่
พื้นที่ความเหมาะสมพืชรายจังหวัด,-13-pdf (1).pdf,crop_suitability_by_province,ข้าว,บึงกาฬ,ไร่,1,table,s3,42458,พืช ข้าว จังหวัด บึงกาฬ ระดับความเหมาะสม s3 มีเนื้อที่ 42458 ไร่
พื้นที่ความเหมาะสมพืชรายจังหวัด,-13-pdf (1).pdf,crop_suitability_by_province,ข้าว,บึงกาฬ,ไร่,9,table,s3,21,พืช ข้าว จังหวัด บึงกาฬ ระดับความเหมาะสม s3 มีเนื้อที่ 21 ไร่
พื้นที่ความเหมาะสมพืชรายจังหวัด,-13-pdf (1).pdf,crop_suitability_by_province,ข้าว,บุรีรัมย์,ไร่,1,table,s3,1161999,พืช ข้าว จังหวัด บุรีรัมย์ ระดับความเหมาะสม s3 มีเนื้อที่ 1161999 ไร่
พื้นที่ความเหมาะสมพืชรายจังหวัด,-13-pdf (1).pdf,crop_suitability_by_province,ข้าว,บุรีรัมย์,ไร่,9,table,s3,198,พืช ข้าว จังหวัด บุรีรัมย์ ระดับความเหมาะสม s3 มีเนื้อที่ 198 ไร่
พื้นที่ความเหมาะสมพืชรายจังหวัด,-13-pdf (1).pdf,crop_suitability_by_province,ข้าว,ประจวบคีรีขันธ์,ไร่,1,table,s3,45719,พืช ข้าว จังหวัด ประจวบคีรีขันธ์ ระดับความเหมาะสม s3 มีเนื้อที่ 45719 ไร่
พื้นที่ความเหมาะสมพืชรายจังหวัด,-13-pdf (1).pdf,crop_suitability_by_province,ข้าว,ประจวบคีรีขันธ์,ไร่,9,table,s3,111,พืช ข้าว จังหวัด ประจวบคีรีขันธ์ ระดับความเหมาะสม s3 มีเนื้อที่ 111 ไร่
พื้นที่ความเหมาะสมพืชรายจังหวัด,-13-pdf (1).pdf,crop_suitability_by_province,ข้าว,ปราจีนบุรี,ไร่,2,table,s3,27152,พืช ข้าว จังหวัด ปราจีนบุรี ระดับความเหมาะสม s3 มีเนื้อที่ 27152 ไร่
พื้นที่ความเหมาะสมพืชรายจังหวัด,-13-pdf (1).pdf,crop_suitability_by_province,ข้าว,ปราจีนบุรี,ไร่,10,table,s3,1553,พืช ข้าว จังหวัด ปราจีนบุรี ระดับความเหมาะสม s3 มีเนื้อที่ 1553 ไร่
พื้นที่ความเหมาะสมพืชรายจังหวัด,-13-pdf (1).pdf,crop_suitability_by_province,ข้าว,ปัตตานี,ไร่,2,table,s3,57312,พืช ข้าว จังหวัด ปัตตานี ระดับความเหมาะสม s3 มีเนื้อที่ 57312 ไร่
พื้นที่ความเหมาะสมพืชรายจังหวัด,-13-pdf (1).pdf,crop_suitability_by_province,ข้าว,พะเยา,ไร่,1,table,s3,40350,พืช ข้าว จังหวัด พะเยา ระดับความเหมาะสม s3 มีเนื้อที่ 40350 ไร่
พื้นที่ความเหมาะสมพืชรายจังหวัด,-13-pdf (1).pdf,crop_suitability_by_province,ข้าว,พะเยา,ไร่,9,table,s3,35175,พืช ข้าว จังหวัด พะเยา ระดับความเหมาะสม s3 มีเนื้อที่ 35175 ไร่
พื้นที่ความเหมาะสมพืชรายจังหวัด,-13-pdf (1).pdf,crop_suitability_by_province,ข้าว,พังงา,ไร่,2,table,s3,48,พืช ข้าว จังหวัด พังงา ระดับความเหมาะสม s3 มีเนื้อที่ 48 ไร่
พื้นที่ความเหมาะสมพืชรายจังหวัด,-13-pdf (1).pdf,crop_suitability_by_province,ข้าว,พัทลุง,ไร่,2,table,s3,6359,พืช ข้าว จังหวัด พัทลุง ระดับความเหมาะสม s3 มีเนื้อที่ 6359 ไร่
พื้นที่ความเหมาะสมพืชรายจังหวัด,-13-pdf (1).pdf,crop_suitability_by_province,ข้าว,พิจิตร,ไร่,1,table,s3,14902,พืช ข้าว จังหวัด พิจิตร ระดับความเหมาะสม s3 มีเนื้อที่ 14902 ไร่
พื้นที่ความเหมาะสมพืชรายจังหวัด,-13-pdf (1).pdf,crop_suitability_by_province,ข้าว,พิจิตร,ไร่,9,table,s3,2697,พืช ข้าว จังหวัด พิจิตร ระดับความเหมาะสม s3 มีเนื้อที่ 2697 ไร่
พื้นที่ความเหมาะสมพืชรายจังหวัด,-13-pdf (1).pdf,crop_suitability_by_province,ข้าว,พิษณุโลก,ไร่,1,table,s3,50707,พืช ข้าว จังหวัด พิษณุโลก ระดับความเหมาะสม s3 มีเนื้อที่ 50707 ไร่
พื้นที่ความเหมาะสมพืชรายจังหวัด,-13-pdf (1).pdf,crop_suitability_by_province,ข้าว,พิษณุโลก,ไร่,9,table,s3,25270,พืช ข้าว จังหวัด พิษณุโลก ระดับความเหมาะสม s3 มีเนื้อที่ 25270 ไร่
พื้นที่ความเหมาะสมพืชรายจังหวัด,-13-pdf (1).pdf,crop_suitability_by_province,ข้าว,มหาสารคาม,ไร่,1,table,s3,318399,พืช ข้าว จังหวัด มหาสารคาม ระดับความเหมาะสม s3 มีเนื้อที่ 318399 ไร่
พื้นที่ความเหมาะสมพืชรายจังหวัด,-13-pdf (1).pdf,crop_suitability_by_province,ข้าว,มหาสารคาม,ไร่,9,table,s3,77,พืช ข้าว จังหวัด มหาสารคาม ระดับความเหมาะสม s3 มีเนื้อที่ 77 ไร่
พื้นที่ความเหมาะสมพืชรายจังหวัด,-13-pdf (1).pdf,crop_suitability_by_province,ข้าว,มุกดาหาร,ไร่,1,table,s3,351047,พืช ข้าว จังหวัด มุกดาหาร ระดับความเหมาะสม s3 มีเนื้อที่ 351047 ไร่
พื้นที่ความเหมาะสมพืชรายจังหวัด,-13-pdf (1).pdf,crop_suitability_by_province,ข้าว,ยะลา,ไร่,2,table,s3,24192,พืช ข้าว จังหวัด ยะลา ระดับความเหมาะสม s3 มีเนื้อที่ 24192 ไร่
พื้นที่ความเหมาะสมพืชรายจังหวัด,-13-pdf (1).pdf,crop_suitability_by_province,ข้าว,ยโสธร,ไร่,1,table,s3,592604,พืช ข้าว จังหวัด ยโสธร ระดับความเหมาะสม s3 มีเนื้อที่ 592604 ไร่
พื้นที่ความเหมาะสมพืชรายจังหวัด,-13-pdf (1).pdf,crop_suitability_by_province,ข้าว,ระนอง,ไร่,2,table,s3,511,พืช ข้าว จังหวัด ระนอง ระดับความเหมาะสม s3 มีเนื้อที่ 511 ไร่
พื้นที่ความเหมาะสมพืชรายจังหวัด,-13-pdf (1).pdf,crop_suitability_by_province,ข้าว,ระยอง,ไร่,2,table,s3,1564,พืช ข้าว จังหวัด ระยอง ระดับความเหมาะสม s3 มีเนื้อที่ 1564 ไร่
พื้นที่ความเหมาะสมพืชรายจังหวัด,-13-pdf (1).pdf,crop_suitability_by_province,ข้าว,ราชบุรี,ไร่,1,table,s3,57289,พืช ข้าว จังหวัด ราชบุรี ระดับความเหมาะสม s3 มีเนื้อที่ 57289 ไร่
พื้นที่ความเหมาะสมพืชรายจังหวัด,-13-pdf (1).pdf,crop_suitability_by_province,ข้าว,ราชบุรี,ไร่,9,table,s3,15,พืช ข้าว จังหวัด ราชบุรี ระดับความเหมาะสม s3 มีเนื้อที่ 15 ไร่
พื้นที่ความเหมาะสมพืชรายจังหวัด,-13-pdf (1).pdf,crop_suitability_by_province,ข้าว,ร้อยเอ็ด,ไร่,1,table,s3,809207,พืช ข้าว จังหวัด ร้อยเอ็ด ระดับความเหมาะสม s3 มีเนื้อที่ 809207 ไร่
พื้นที่ความเหมาะสมพืชรายจังหวัด,-13-pdf (1).pdf,crop_suitability_by_province,ข้าว,ร้อยเอ็ด,ไร่,9,table,s3,54,พืช ข้าว จังหวัด ร้อยเอ็ด ระดับความเหมาะสม s3 มีเนื้อที่ 54 ไร่
พื้นที่ความเหมาะสมพืชรายจังหวัด,-13-pdf (1).pdf,crop_suitability_by_province,ข้าว,ลพบุรี,ไร่,2,table,s3,188264,พืช ข้าว จังหวัด ลพบุรี ระดับความเหมาะสม s3 มีเนื้อที่ 188264 ไร่
พื้นที่ความเหมาะสมพืชรายจังหวัด,-13-pdf (1).pdf,crop_suitability_by_province,ข้าว,ลพบุรี,ไร่,9,table,s3,15722,พืช ข้าว จังหวัด ลพบุรี ระดับความเหมาะสม s3 มีเนื้อที่ 15722 ไร่
พื้นที่ความเหมาะสมพืชรายจังหวัด,-13-pdf (1).pdf,crop_suitability_by_province,ข้าว,ลำปาง,ไร่,1,table,s3,184375,พืช ข้าว จังหวัด ลำปาง ระดับความเหมาะสม s3 มีเนื้อที่ 184375 ไร่
พื้นที่ความเหมาะสมพืชรายจังหวัด,-13-pdf (1).pdf,crop_suitability_by_province,ข้าว,ลำปาง,ไร่,9,table,s3,76931,พืช ข้าว จังหวัด ลำปาง ระดับความเหมาะสม s3 มีเนื้อที่ 76931 ไร่
พื้นที่ความเหมาะสมพืชรายจังหวัด,-13-pdf (1).pdf,crop_suitability_by_province,ข้าว,ลำพูน,ไร่,1,table,s3,24975,พืช ข้าว จังหวัด ลำพูน ระดับความเหมาะสม s3 มีเนื้อที่ 24975 ไร่
พื้นที่ความเหมาะสมพืชรายจังหวัด,-13-pdf (1).pdf,crop_suitability_by_province,ข้าว,ลำพูน,ไร่,9,table,s3,17389,พืช ข้าว จังหวัด ลำพูน ระดับความเหมาะสม s3 มีเนื้อที่ 17389 ไร่
พื้นที่ความเหมาะสมพืชรายจังหวัด,-13-pdf (1).pdf,crop_suitability_by_province,ข้าว,ศรีสะเกษ,ไร่,1,table,s3,1049215,พืช ข้าว จังหวัด ศรีสะเกษ ระดับความเหมาะสม s3 มีเนื้อที่ 1049215 ไร่
พื้นที่ความเหมาะสมพืชรายจังหวัด,-13-pdf (1).pdf,crop_suitability_by_province,ข้าว,ศรีสะเกษ,ไร่,9,table,s3,828,พืช ข้าว จังหวัด ศรีสะเกษ ระดับความเหมาะสม s3 มีเนื้อที่ 828 ไร่
พื้นที่ความเหมาะสมพืชรายจังหวัด,-13-pdf (1).pdf,crop_suitability_by_province,ข้าว,สกลนคร,ไร่,1,table,s3,506464,พืช ข้าว จังหวัด สกลนคร ระดับความเหมาะสม s3 มีเนื้อที่ 506464 ไร่
พื้นที่ความเหมาะสมพืชรายจังหวัด,-13-pdf (1).pdf,crop_suitability_by_province,ข้าว,สกลนคร,ไร่,9,table,s3,4,พืช ข้าว จังหวัด สกลนคร ระดับความเหมาะสม s3 มีเนื้อที่ 4 ไร่
พื้นที่ความเหมาะสมพืชรายจังหวัด,-13-pdf (1).pdf,crop_suitability_by_province,ข้าว,สงขลา,ไร่,2,table,s3,16784,พืช ข้าว จังหวัด สงขลา ระดับความเหมาะสม s3 มีเนื้อที่ 16784 ไร่
พื้นที่ความเหมาะสมพืชรายจังหวัด,-13-pdf (1).pdf,crop_suitability_by_province,ข้าว,สตูล,ไร่,2,table,s3,4107,พืช ข้าว จังหวัด สตูล ระดับความเหมาะสม s3 มีเนื้อที่ 4107 ไร่
พื้นที่ความเหมาะสมพืชรายจังหวัด,-13-pdf (1).pdf,crop_suitability_by_province,ข้าว,สระบุรี,ไร่,2,table,s3,23871,พืช ข้าว จังหวัด สระบุรี ระดับความเหมาะสม s3 มีเนื้อที่ 23871 ไร่
พื้นที่ความเหมาะสมพืชรายจังหวัด,-13-pdf (1).pdf,crop_suitability_by_province,ข้าว,สระบุรี,ไร่,9,table,s3,42582,พืช ข้าว จังหวัด สระบุรี ระดับความเหมาะสม s3 มีเนื้อที่ 42582 ไร่
พื้นที่ความเหมาะสมพืชรายจังหวัด,-13-pdf (1).pdf,crop_suitability_by_province,ข้าว,สระแก้ว,ไร่,2,table,s3,271158,พืช ข้าว จังหวัด สระแก้ว ระดับความเหมาะสม s3 มีเนื้อที่ 271158 ไร่
พื้นที่ความเหมาะสมพืชรายจังหวัด,-13-pdf (1).pdf,crop_suitability_by_province,ข้าว,สระแก้ว,ไร่,10,table,s3,20621,พืช ข้าว จังหวัด สระแก้ว ระดับความเหมาะสม s3 มีเนื้อที่ 20621 ไร่
พื้นที่ความเหมาะสมพืชรายจังหวัด,-13-pdf (1).pdf,crop_suitability_by_province,ข้าว,สุพรรณบุรี,ไร่,2,table,s3,69603,พืช ข้าว จังหวัด สุพรรณบุรี ระดับความเหมาะสม s3 มีเนื้อที่ 69603 ไร่
พื้นที่ความเหมาะสมพืชรายจังหวัด,-13-pdf (1).pdf,crop_suitability_by_province,ข้าว,สุพรรณบุรี,ไร่,10,table,s3,3965,พืช ข้าว จังหวัด สุพรรณบุรี ระดับความเหมาะสม s3 มีเนื้อที่ 3965 ไร่
พื้นที่ความเหมาะสมพืชรายจังหวัด,-13-pdf (1).pdf,crop_suitability_by_province,ข้าว,สุราษฎร์ธานี,ไร่,2,table,s3,3545,พืช ข้าว จังหวัด สุราษฎร์ธานี ระดับความเหมาะสม s3 มีเนื้อที่ 3545 ไร่
พื้นที่ความเหมาะสมพืชรายจังหวัด,-13-pdf (1).pdf,crop_suitability_by_province,ข้าว,สุรินทร์,ไร่,1,table,s3,1107966,พืช ข้าว จังหวัด สุรินทร์ ระดับความเหมาะสม s3 มีเนื้อที่ 1107966 ไร่
พื้นที่ความเหมาะสมพืชรายจังหวัด,-13-pdf (1).pdf,crop_suitability_by_province,ข้าว,สุโขทัย,ไร่,1,table,s3,185774,พืช ข้าว จังหวัด สุโขทัย ระดับความเหมาะสม s3 มีเนื้อที่ 185774 ไร่
พื้นที่ความเหมาะสมพืชรายจังหวัด,-13-pdf (1).pdf,crop_suitability_by_province,ข้าว,สุโขทัย,ไร่,9,table,s3,8190,พืช ข้าว จังหวัด สุโขทัย ระดับความเหมาะสม s3 มีเนื้อที่ 8190 ไร่
พื้นที่ความเหมาะสมพืชรายจังหวัด,-13-pdf (1).pdf,crop_suitability_by_province,ข้าว,หนองคาย,ไร่,1,table,s3,57991,พืช ข้าว จังหวัด หนองคาย ระดับความเหมาะสม s3 มีเนื้อที่ 57991 ไร่
พื้นที่ความเหมาะสมพืชรายจังหวัด,-13-pdf (1).pdf,crop_suitability_by_province,ข้าว,หนองคาย,ไร่,9,table,s3,284,พืช ข้าว จังหวัด หนองคาย ระดับความเหมาะสม s3 มีเนื้อที่ 284 ไร่
พื้นที่ความเหมาะสมพืชรายจังหวัด,-13-pdf (1).pdf,crop_suitability_by_province,ข้าว,หนองบัวลำภู,ไร่,1,table,s3,423267,พืช ข้าว จังหวัด หนองบัวลำภู ระดับความเหมาะสม s3 มีเนื้อที่ 423267 ไร่
พื้นที่ความเหมาะสมพืชรายจังหวัด,-13-pdf (1).pdf,crop_suitability_by_province,ข้าว,หนองบัวลำภู,ไร่,9,table,s3,10153,พืช ข้าว จังหวัด หนองบัวลำภู ระดับความเหมาะสม s3 มีเนื้อที่ 10153 ไร่
พื้นที่ความเหมาะสมพืชรายจังหวัด,-13-pdf (1).pdf,crop_suitability_by_province,ข้าว,อำนาจเจริญ,ไร่,1,table,s3,493383,พืช ข้าว จังหวัด อำนาจเจริญ ระดับความเหมาะสม s3 มีเนื้อที่ 493383 ไร่
พื้นที่ความเหมาะสมพืชรายจังหวัด,-13-pdf (1).pdf,crop_suitability_by_province,ข้าว,อุดรธานี,ไร่,1,table,s3,551893,พืช ข้าว จังหวัด อุดรธานี ระดับความเหมาะสม s3 มีเนื้อที่ 551893 ไร่
พื้นที่ความเหมาะสมพืชรายจังหวัด,-13-pdf (1).pdf,crop_suitability_by_province,ข้าว,อุดรธานี,ไร่,9,table,s3,126,พืช ข้าว จังหวัด อุดรธานี ระดับความเหมาะสม s3 มีเนื้อที่ 126 ไร่
พื้นที่ความเหมาะสมพืชรายจังหวัด,-13-pdf (1).pdf,crop_suitability_by_province,ข้าว,อุตรดิตถ์,ไร่,1,table,s3,63546,พืช ข้าว จังหวัด อุตรดิตถ์ ระดับความเหมาะสม s3 มีเนื้อที่ 63546 ไร่
พื้นที่ความเหมาะสมพืชรายจังหวัด,-13-pdf (1).pdf,crop_suitability_by_province,ข้าว,อุตรดิตถ์,ไร่,9,table,s3,51739,พืช ข้าว จังหวัด อุตรดิตถ์ ระดับความเหมาะสม s3 มีเนื้อที่ 51739 ไร่
พื้นที่ความเหมาะสมพืชรายจังหวัด,-13-pdf (1).pdf,crop_suitability_by_province,ข้าว,อุทัยธานี,ไร่,1,table,s3,91155,พืช ข้าว จังหวัด อุทัยธานี ระดับความเหมาะสม s3 มีเนื้อที่ 91155 ไร่
พื้นที่ความเหมาะสมพืชรายจังหวัด,-13-pdf (1).pdf,crop_suitability_by_province,ข้าว,อุทัยธานี,ไร่,9,table,s3,33086,พืช ข้าว จังหวัด อุทัยธานี ระดับความเหมาะสม s3 มีเนื้อที่ 33086 ไร่
พื้นที่ความเหมาะสมพืชรายจังหวัด,-13-pdf (1).pdf,crop_suitability_by_province,ข้าว,อุบลราชธานี,ไร่,1,table,s3,1949357,พืช ข้าว จังหวัด อุบลราชธานี ระดับความเหมาะสม s3 มีเนื้อที่ 1949357 ไร่
พื้นที่ความเหมาะสมพืชรายจังหวัด,-13-pdf (1).pdf,crop_suitability_by_province,ข้าว,อุบลราชธานี,ไร่,9,table,s3,72,พืช ข้าว จังหวัด อุบลราชธานี ระดับความเหมาะสม s3 มีเนื้อที่ 72 ไร่
พื้นที่ความเหมาะสมพืชรายจังหวัด,-13-pdf (1).pdf,crop_suitability_by_province,ข้าว,เชียงราย,ไร่,1,table,s3,21208,พืช ข้าว จังหวัด เชียงราย ระดับความเหมาะสม s3 มีเนื้อที่ 21208 ไร่
พื้นที่ความเหมาะสมพืชรายจังหวัด,-13-pdf (1).pdf,crop_suitability_by_province,ข้าว,เชียงราย,ไร่,9,table,s3,34818,พืช ข้าว จังหวัด เชียงราย ระดับความเหมาะสม s3 มีเนื้อที่ 34818 ไร่
พื้นที่ความเหมาะสมพืชรายจังหวัด,-13-pdf (1).pdf,crop_suitability_by_province,ข้าว,เชียงใหม่,ไร่,1,table,s3,26603,พืช ข้าว จังหวัด เชียงใหม่ ระดับความเหมาะสม s3 มีเนื้อที่ 26603 ไร่
พื้นที่ความเหมาะสมพืชรายจังหวัด,-13-pdf (1).pdf,crop_suitability_by_province,ข้าว,เชียงใหม่,ไร่,9,table,s3,13719,พืช ข้าว จังหวัด เชียงใหม่ ระดับความเหมาะสม s3 มีเนื้อที่ 13719 ไร่
พื้นที่ความเหมาะสมพืชรายจังหวัด,-13-pdf (1).pdf,crop_suitability_by_province,ข้าว,เพชรบุรี,ไร่,1,table,s3,54139,พืช ข้าว จังหวัด เพชรบุรี ระดับความเหมาะสม s3 มีเนื้อที่ 54139 ไร่
พื้นที่ความเหมาะสมพืชรายจังหวัด,-13-pdf (1).pdf,crop_suitability_by_province,ข้าว,เพชรบุรี,ไร่,9,table,s3,2332,พืช ข้าว จังหวัด เพชรบุรี ระดับความเหมาะสม s3 มีเนื้อที่ 2332 ไร่
พื้นที่ความเหมาะสมพืชรายจังหวัด,-13-pdf (1).pdf,crop_suitability_by_province,ข้าว,เพชรบูรณ์,ไร่,1,table,s3,155389,พืช ข้าว จังหวัด เพชรบูรณ์ ระดับความเหมาะสม s3 มีเนื้อที่ 155389 ไร่
พื้นที่ความเหมาะสมพืชรายจังหวัด,-13-pdf (1).pdf,crop_suitability_by_province,ข้าว,เพชรบูรณ์,ไร่,9,table,s3,165600,พืช ข้าว จังหวัด เพชรบูรณ์ ระดับความเหมาะสม s3 มีเนื้อที่ 165600 ไร่
พื้นที่ความเหมาะสมพืชรายจังหวัด,-13-pdf (1).pdf,crop_suitability_by_province,ข้าว,เลย,ไร่,1,table,s3,189574,พืช ข้าว จังหวัด เลย ระดับความเหมาะสม s3 มีเนื้อที่ 189574 ไร่
พื้นที่ความเหมาะสมพืชรายจังหวัด,-13-pdf (1).pdf,crop_suitability_by_province,ข้าว,เลย,ไร่,9,table,s3,64883,พืช ข้าว จังหวัด เลย ระดับความเหมาะสม s3 มีเนื้อที่ 64883 ไร่
พื้นที่ความเหมาะสมพืชรายจังหวัด,-13-pdf (1).pdf,crop_suitability_by_province,ข้าว,แพร่,ไร่,1,table,s3,34677,พืช ข้าว จังหวัด แพร่ ระดับความเหมาะสม s3 มีเนื้อที่ 34677 ไร่
พื้นที่ความเหมาะสมพืชรายจังหวัด,-13-pdf (1).pdf,crop_suitability_by_province,ข้าว,แพร่,ไร่,9,table,s3,97809,พืช ข้าว จังหวัด แพร่ ระดับความเหมาะสม s3 มีเนื้อที่ 97809 ไร่
พื้นที่ความเหมาะสมพืชรายจังหวัด,-13-pdf (1).pdf,crop_suitability_by_province,ข้าว,แม่ฮ่องสอน,ไร่,1,table,s3,8314,พืช ข้าว จังหวัด แม่ฮ่องสอน ระดับความเหมาะสม s3 มีเนื้อที่ 8314 ไร่
พื้นที่ความเหมาะสมพืชรายจังหวัด,-13-pdf (1).pdf,crop_suitability_by_province,ข้าว,แม่ฮ่องสอน,ไร่,9,table,s3,5453,พืช ข้าว จังหวัด แม่ฮ่องสอน ระดับความเหมาะสม s3 มีเนื้อที่ 5453 ไร่
พื้นที่ความเหมาะสมพืชรายจังหวัด,-13-pdf (1).pdf,crop_suitability_by_province,ทุเรียน,กาญจนบุรี,ไร่,16,table,s3,43,พืช ทุเรียน จังหวัด กาญจนบุรี ระดับความเหมาะสม s3 มีเนื้อที่ 43 ไร่
พื้นที่ความเหมาะสมพืชรายจังหวัด,-13-pdf (1).pdf,crop_suitability_by_province,ทุเรียน,จันทบุรี,ไร่,16,table,s3,76146,พืช ทุเรียน จังหวัด จันทบุรี ระดับความเหมาะสม s3 มีเนื้อที่ 76146 ไร่
พื้นที่ความเหมาะสมพืชรายจังหวัด,-13-pdf (1).pdf,crop_suitability_by_province,ทุเรียน,ชลบุรี,ไร่,16,table,s3,101,พืช ทุเรียน จังหวัด ชลบุรี ระดับความเหมาะสม s3 มีเนื้อที่ 101 ไร่
พื้นที่ความเหมาะสมพืชรายจังหวัด,-13-pdf (1).pdf,crop_suitability_by_province,ทุเรียน,ชุมพร,ไร่,16,table,s3,19613,พืช ทุเรียน จังหวัด ชุมพร ระดับความเหมาะสม s3 มีเนื้อที่ 19613 ไร่
พื้นที่ความเหมาะสมพืชรายจังหวัด,-13-pdf (1).pdf,crop_suitability_by_province,ทุเรียน,ตราด,ไร่,16,table,s3,59761,พืช ทุเรียน จังหวัด ตราด ระดับความเหมาะสม s3 มีเนื้อที่ 59761 ไร่
พื้นที่ความเหมาะสมพืชรายจังหวัด,-13-pdf (1).pdf,crop_suitability_by_province,ทุเรียน,นครศรีธรรมราช,ไร่,16,table,s3,3168,พืช ทุเรียน จังหวัด นครศรีธรรมราช ระดับความเหมาะสม s3 มีเนื้อที่ 3168 ไร่
พื้นที่ความเหมาะสมพืชรายจังหวัด,-13-pdf (1).pdf,crop_suitability_by_province,ทุเรียน,นราธิวาส,ไร่,16,table,s3,140,พืช ทุเรียน จังหวัด นราธิวาส ระดับความเหมาะสม s3 มีเนื้อที่ 140 ไร่
พื้นที่ความเหมาะสมพืชรายจังหวัด,-13-pdf (1).pdf,crop_suitability_by_province,ทุเรียน,ปัตตานี,ไร่,16,table,s3,7398,พืช ทุเรียน จังหวัด ปัตตานี ระดับความเหมาะสม s3 มีเนื้อที่ 7398 ไร่
พื้นที่ความเหมาะสมพืชรายจังหวัด,-13-pdf (1).pdf,crop_suitability_by_province,ทุเรียน,พังงา,ไร่,16,table,s3,4651,พืช ทุเรียน จังหวัด พังงา ระดับความเหมาะสม s3 มีเนื้อที่ 4651 ไร่
พื้นที่ความเหมาะสมพืชรายจังหวัด,-13-pdf (1).pdf,crop_suitability_by_province,ทุเรียน,ระนอง,ไร่,16,table,s3,7107,พืช ทุเรียน จังหวัด ระนอง ระดับความเหมาะสม s3 มีเนื้อที่ 7107 ไร่
พื้นที่ความเหมาะสมพืชรายจังหวัด,-13-pdf (1).pdf,crop_suitability_by_province,ทุเรียน,ระยอง,ไร่,16,table,s3,314,พืช ทุเรียน จังหวัด ระยอง ระดับความเหมาะสม s3 มีเนื้อที่ 314 ไร่
พื้นที่ความเหมาะสมพืชรายจังหวัด,-13-pdf (1).pdf,crop_suitability_by_province,ทุเรียน,สุราษฎร์ธานี,ไร่,16,table,s3,1040,พืช ทุเรียน จังหวัด สุราษฎร์ธานี ระดับความเหมาะสม s3 มีเนื้อที่ 1040 ไร่
พื้นที่ความเหมาะสมพืชรายจังหวัด,-13-pdf (1).pdf,crop_suitability_by_province,ทุเรียน,เชียงใหม่,ไร่,16,table,s3,8,พืช ทุเรียน จังหวัด เชียงใหม่ ระดับความเหมาะสม s3 มีเนื้อที่ 8 ไร่
พื้นที่ความเหมาะสมพืชรายจังหวัด,-13-pdf (1).pdf,crop_suitability_by_province,ปาล์มน้ำมัน,กระบี่,ไร่,6,table,s3,110679,พืช ปาล์มน้ำมัน จังหวัด กระบี่ ระดับความเหมาะสม s3 มีเนื้อที่ 110679 ไร่
พื้นที่ความเหมาะสมพืชรายจังหวัด,-13-pdf (1).pdf,crop_suitability_by_province,ปาล์มน้ำมัน,กรุงเทพมหานคร,ไร่,5,table,s3,279,พืช ปาล์มน้ำมัน จังหวัด กรุงเทพมหานคร ระดับความเหมาะสม s3 มีเนื้อที่ 279 ไร่
พื้นที่ความเหมาะสมพืชรายจังหวัด,-13-pdf (1).pdf,crop_suitability_by_province,ปาล์มน้ำมัน,กาญจนบุรี,ไร่,5,table,s3,6243,พืช ปาล์มน้ำมัน จังหวัด กาญจนบุรี ระดับความเหมาะสม s3 มีเนื้อที่ 6243 ไร่
พื้นที่ความเหมาะสมพืชรายจังหวัด,-13-pdf (1).pdf,crop_suitability_by_province,ปาล์มน้ำมัน,จันทบุรี,ไร่,5,table,s3,10594,พืช ปาล์มน้ำมัน จังหวัด จันทบุรี ระดับความเหมาะสม s3 มีเนื้อที่ 10594 ไร่
พื้นที่ความเหมาะสมพืชรายจังหวัด,-13-pdf (1).pdf,crop_suitability_by_province,ปาล์มน้ำมัน,ฉะเชิงเทรา,ไร่,5,table,s3,1517,พืช ปาล์มน้ำมัน จังหวัด ฉะเชิงเทรา ระดับความเหมาะสม s3 มีเนื้อที่ 1517 ไร่
พื้นที่ความเหมาะสมพืชรายจังหวัด,-13-pdf (1).pdf,crop_suitability_by_province,ปาล์มน้ำมัน,ชุมพร,ไร่,6,table,s3,252062,พืช ปาล์มน้ำมัน จังหวัด ชุมพร ระดับความเหมาะสม s3 มีเนื้อที่ 252062 ไร่
พื้นที่ความเหมาะสมพืชรายจังหวัด,-13-pdf (1).pdf,crop_suitability_by_province,ปาล์มน้ำมัน,ตรัง,ไร่,6,table,s3,30505,พืช ปาล์มน้ำมัน จังหวัด ตรัง ระดับความเหมาะสม s3 มีเนื้อที่ 30505 ไร่
พื้นที่ความเหมาะสมพืชรายจังหวัด,-13-pdf (1).pdf,crop_suitability_by_province,ปาล์มน้ำมัน,ตราด,ไร่,5,table,s3,36904,พืช ปาล์มน้ำมัน จังหวัด ตราด ระดับความเหมาะสม s3 มีเนื้อที่ 36904 ไร่
พื้นที่ความเหมาะสมพืชรายจังหวัด,-13-pdf (1).pdf,crop_suitability_by_province,ปาล์มน้ำมัน,นครนายก,ไร่,5,table,s3,722,พืช ปาล์มน้ำมัน จังหวัด นครนายก ระดับความเหมาะสม s3 มีเนื้อที่ 722 ไร่
พื้นที่ความเหมาะสมพืชรายจังหวัด,-13-pdf (1).pdf,crop_suitability_by_province,ปาล์มน้ำมัน,นครพนม,ไร่,5,table,s3,1554,พืช ปาล์มน้ำมัน จังหวัด นครพนม ระดับความเหมาะสม s3 มีเนื้อที่ 1554 ไร่
พื้นที่ความเหมาะสมพืชรายจังหวัด,-13-pdf (1).pdf,crop_suitability_by_province,ปาล์มน้ำมัน,นครศรีธรรมราช,ไร่,6,table,s3,56644,พืช ปาล์มน้ำมัน จังหวัด นครศรีธรรมราช ระดับความเหมาะสม s3 มีเนื้อที่ 56644 ไร่
พื้นที่ความเหมาะสมพืชรายจังหวัด,-13-pdf (1).pdf,crop_suitability_by_province,ปาล์มน้ำมัน,นราธิวาส,ไร่,6,table,s3,6295,พืช ปาล์มน้ำมัน จังหวัด นราธิวาส ระดับความเหมาะสม s3 มีเนื้อที่ 6295 ไร่
พื้นที่ความเหมาะสมพืชรายจังหวัด,-13-pdf (1).pdf,crop_suitability_by_province,ปาล์มน้ำมัน,บึงกาฬ,ไร่,5,table,s3,15214,พืช ปาล์มน้ำมัน จังหวัด บึงกาฬ ระดับความเหมาะสม s3 มีเนื้อที่ 15214 ไร่
พื้นที่ความเหมาะสมพืชรายจังหวัด,-13-pdf (1).pdf,crop_suitability_by_province,ปาล์มน้ำมัน,ประจวบคีรีขันธ์,ไร่,5,table,s3,19351,พืช ปาล์มน้ำมัน จังหวัด ประจวบคีรีขันธ์ ระดับความเหมาะสม s3 มีเนื้อที่ 19351 ไร่
พื้นที่ความเหมาะสมพืชรายจังหวัด,-13-pdf (1).pdf,crop_suitability_by_province,ปาล์มน้ำมัน,ปราจีนบุรี,ไร่,5,table,s3,576,พืช ปาล์มน้ำมัน จังหวัด ปราจีนบุรี ระดับความเหมาะสม s3 มีเนื้อที่ 576 ไร่
พื้นที่ความเหมาะสมพืชรายจังหวัด,-13-pdf (1).pdf,crop_suitability_by_province,ปาล์มน้ำมัน,ปัตตานี,ไร่,6,table,s3,3270,พืช ปาล์มน้ำมัน จังหวัด ปัตตานี ระดับความเหมาะสม s3 มีเนื้อที่ 3270 ไร่
พื้นที่ความเหมาะสมพืชรายจังหวัด,-13-pdf (1).pdf,crop_suitability_by_province,ปาล์มน้ำมัน,พะเยา,ไร่,5,table,s3,22,พืช ปาล์มน้ำมัน จังหวัด พะเยา ระดับความเหมาะสม s3 มีเนื้อที่ 22 ไร่
พื้นที่ความเหมาะสมพืชรายจังหวัด,-13-pdf (1).pdf,crop_suitability_by_province,ปาล์มน้ำมัน,พังงา,ไร่,6,table,s3,35382,พืช ปาล์มน้ำมัน จังหวัด พังงา ระดับความเหมาะสม s3 มีเนื้อที่ 35382 ไร่
พื้นที่ความเหมาะสมพืชรายจังหวัด,-13-pdf (1).pdf,crop_suitability_by_province,ปาล์มน้ำมัน,พัทลุง,ไร่,6,table,s3,1435,พืช ปาล์มน้ำมัน จังหวัด พัทลุง ระดับความเหมาะสม s3 มีเนื้อที่ 1435 ไร่
พื้นที่ความเหมาะสมพืชรายจังหวัด,-13-pdf (1).pdf,crop_suitability_by_province,ปาล์มน้ำมัน,ภูเก็ต,ไร่,6,table,s3,102,พืช ปาล์มน้ำมัน จังหวัด ภูเก็ต ระดับความเหมาะสม s3 มีเนื้อที่ 102 ไร่
พื้นที่ความเหมาะสมพืชรายจังหวัด,-13-pdf (1).pdf,crop_suitability_by_province,ปาล์มน้ำมัน,มุกดาหาร,ไร่,6,table,s3,26,พืช ปาล์มน้ำมัน จังหวัด มุกดาหาร ระดับความเหมาะสม s3 มีเนื้อที่ 26 ไร่
พื้นที่ความเหมาะสมพืชรายจังหวัด,-13-pdf (1).pdf,crop_suitability_by_province,ปาล์มน้ำมัน,ยะลา,ไร่,6,table,s3,299,พืช ปาล์มน้ำมัน จังหวัด ยะลา ระดับความเหมาะสม s3 มีเนื้อที่ 299 ไร่
พื้นที่ความเหมาะสมพืชรายจังหวัด,-13-pdf (1).pdf,crop_suitability_by_province,ปาล์มน้ำมัน,ระนอง,ไร่,6,table,s3,8104,พืช ปาล์มน้ำมัน จังหวัด ระนอง ระดับความเหมาะสม s3 มีเนื้อที่ 8104 ไร่
พื้นที่ความเหมาะสมพืชรายจังหวัด,-13-pdf (1).pdf,crop_suitability_by_province,ปาล์มน้ำมัน,ระยอง,ไร่,5,table,s3,4176,พืช ปาล์มน้ำมัน จังหวัด ระยอง ระดับความเหมาะสม s3 มีเนื้อที่ 4176 ไร่
พื้นที่ความเหมาะสมพืชรายจังหวัด,-13-pdf (1).pdf,crop_suitability_by_province,ปาล์มน้ำมัน,ศรีสะเกษ,ไร่,6,table,s3,3961,พืช ปาล์มน้ำมัน จังหวัด ศรีสะเกษ ระดับความเหมาะสม s3 มีเนื้อที่ 3961 ไร่
พื้นที่ความเหมาะสมพืชรายจังหวัด,-13-pdf (1).pdf,crop_suitability_by_province,ปาล์มน้ำมัน,สกลนคร,ไร่,6,table,s3,7805,พืช ปาล์มน้ำมัน จังหวัด สกลนคร ระดับความเหมาะสม s3 มีเนื้อที่ 7805 ไร่
พื้นที่ความเหมาะสมพืชรายจังหวัด,-13-pdf (1).pdf,crop_suitability_by_province,ปาล์มน้ำมัน,สงขลา,ไร่,6,table,s3,4087,พืช ปาล์มน้ำมัน จังหวัด สงขลา ระดับความเหมาะสม s3 มีเนื้อที่ 4087 ไร่
พื้นที่ความเหมาะสมพืชรายจังหวัด,-13-pdf (1).pdf,crop_suitability_by_province,ปาล์มน้ำมัน,สตูล,ไร่,6,table,s3,38732,พืช ปาล์มน้ำมัน จังหวัด สตูล ระดับความเหมาะสม s3 มีเนื้อที่ 38732 ไร่
พื้นที่ความเหมาะสมพืชรายจังหวัด,-13-pdf (1).pdf,crop_suitability_by_province,ปาล์มน้ำมัน,สระแก้ว,ไร่,5,table,s3,7666,พืช ปาล์มน้ำมัน จังหวัด สระแก้ว ระดับความเหมาะสม s3 มีเนื้อที่ 7666 ไร่
พื้นที่ความเหมาะสมพืชรายจังหวัด,-13-pdf (1).pdf,crop_suitability_by_province,ปาล์มน้ำมัน,สุราษฎร์ธานี,ไร่,6,table,s3,317363,พืช ปาล์มน้ำมัน จังหวัด สุราษฎร์ธานี ระดับความเหมาะสม s3 มีเนื้อที่ 317363 ไร่
พื้นที่ความเหมาะสมพืชรายจังหวัด,-13-pdf (1).pdf,crop_suitability_by_province,ปาล์มน้ำมัน,สุรินทร์,ไร่,6,table,s3,443,พืช ปาล์มน้ำมัน จังหวัด สุรินทร์ ระดับความเหมาะสม s3 มีเนื้อที่ 443 ไร่
พื้นที่ความเหมาะสมพืชรายจังหวัด,-13-pdf (1).pdf,crop_suitability_by_province,ปาล์มน้ำมัน,หนองคาย,ไร่,6,table,s3,6057,พืช ปาล์มน้ำมัน จังหวัด หนองคาย ระดับความเหมาะสม s3 มีเนื้อที่ 6057 ไร่
พื้นที่ความเหมาะสมพืชรายจังหวัด,-13-pdf (1).pdf,crop_suitability_by_province,ปาล์มน้ำมัน,อุดรธานี,ไร่,6,table,s3,1069,พืช ปาล์มน้ำมัน จังหวัด อุดรธานี ระดับความเหมาะสม s3 มีเนื้อที่ 1069 ไร่
พื้นที่ความเหมาะสมพืชรายจังหวัด,-13-pdf (1).pdf,crop_suitability_by_province,ปาล์มน้ำมัน,อุบลราชธานี,ไร่,6,table,s3,3532,พืช ปาล์มน้ำมัน จังหวัด อุบลราชธานี ระดับความเหมาะสม s3 มีเนื้อที่ 3532 ไร่
พื้นที่ความเหมาะสมพืชรายจังหวัด,-13-pdf (1).pdf,crop_suitability_by_province,ปาล์มน้ำมัน,เชียงราย,ไร่,5,table,s3,4044,พืช ปาล์มน้ำมัน จังหวัด เชียงราย ระดับความเหมาะสม s3 มีเนื้อที่ 4044 ไร่
พื้นที่ความเหมาะสมพืชรายจังหวัด,-13-pdf (1).pdf,crop_suitability_by_province,ปาล์มน้ำมัน,เชียงใหม่,ไร่,5,table,s3,49,พืช ปาล์มน้ำมัน จังหวัด เชียงใหม่ ระดับความเหมาะสม s3 มีเนื้อที่ 49 ไร่
พื้นที่ความเหมาะสมพืชรายจังหวัด,-13-pdf (1).pdf,crop_suitability_by_province,มะพร้าว,กระบี่,ไร่,19,table,s3,135,พืช มะพร้าว จังหวัด กระบี่ ระดับความเหมาะสม s3 มีเนื้อที่ 135 ไร่
พื้นที่ความเหมาะสมพืชรายจังหวัด,-13-pdf (1).pdf,crop_suitability_by_province,มะพร้าว,กาญจนบุรี,ไร่,18,table,s3,1093,พืช มะพร้าว จังหวัด กาญจนบุรี ระดับความเหมาะสม s3 มีเนื้อที่ 1093 ไร่
พื้นที่ความเหมาะสมพืชรายจังหวัด,-13-pdf (1).pdf,crop_suitability_by_province,มะพร้าว,กำแพงเพชร,ไร่,18,table,s3,108,พืช มะพร้าว จังหวัด กำแพงเพชร ระดับความเหมาะสม s3 มีเนื้อที่ 108 ไร่
พื้นที่ความเหมาะสมพืชรายจังหวัด,-13-pdf (1).pdf,crop_suitability_by_province,มะพร้าว,ขอนแก่น,ไร่,18,table,s3,21,พืช มะพร้าว จังหวัด ขอนแก่น ระดับความเหมาะสม s3 มีเนื้อที่ 21 ไร่
พื้นที่ความเหมาะสมพืชรายจังหวัด,-13-pdf (1).pdf,crop_suitability_by_province,มะพร้าว,จันทบุรี,ไร่,19,table,s3,385,พืช มะพร้าว จังหวัด จันทบุรี ระดับความเหมาะสม s3 มีเนื้อที่ 385 ไร่
พื้นที่ความเหมาะสมพืชรายจังหวัด,-13-pdf (1).pdf,crop_suitability_by_province,มะพร้าว,ชลบุรี,ไร่,19,table,s3,3691,พืช มะพร้าว จังหวัด ชลบุรี ระดับความเหมาะสม s3 มีเนื้อที่ 3691 ไร่
พื้นที่ความเหมาะสมพืชรายจังหวัด,-13-pdf (1).pdf,crop_suitability_by_province,มะพร้าว,ชัยภูมิ,ไร่,18,table,s3,933,พืช มะพร้าว จังหวัด ชัยภูมิ ระดับความเหมาะสม s3 มีเนื้อที่ 933 ไร่
พื้นที่ความเหมาะสมพืชรายจังหวัด,-13-pdf (1).pdf,crop_suitability_by_province,มะพร้าว,ชุมพร,ไร่,19,table,s3,16579,พืช มะพร้าว จังหวัด ชุมพร ระดับความเหมาะสม s3 มีเนื้อที่ 16579 ไร่
พื้นที่ความเหมาะสมพืชรายจังหวัด,-13-pdf (1).pdf,crop_suitability_by_province,มะพร้าว,ตรัง,ไร่,19,table,s3,32,พืช มะพร้าว จังหวัด ตรัง ระดับความเหมาะสม s3 มีเนื้อที่ 32 ไร่
พื้นที่ความเหมาะสมพืชรายจังหวัด,-13-pdf (1).pdf,crop_suitability_by_province,มะพร้าว,ตราด,ไร่,19,table,s3,134,พืช มะพร้าว จังหวัด ตราด ระดับความเหมาะสม s3 มีเนื้อที่ 134 ไร่
พื้นที่ความเหมาะสมพืชรายจังหวัด,-13-pdf (1).pdf,crop_suitability_by_province,มะพร้าว,ตาก,ไร่,18,table,s3,226,พืช มะพร้าว จังหวัด ตาก ระดับความเหมาะสม s3 มีเนื้อที่ 226 ไร่
พื้นที่ความเหมาะสมพืชรายจังหวัด,-13-pdf (1).pdf,crop_suitability_by_province,มะพร้าว,นครปฐม,ไร่,18,table,s3,1649,พืช มะพร้าว จังหวัด นครปฐม ระดับความเหมาะสม s3 มีเนื้อที่ 1649 ไร่
พื้นที่ความเหมาะสมพืชรายจังหวัด,-13-pdf (1).pdf,crop_suitability_by_province,มะพร้าว,นครพนม,ไร่,18,table,s3,4,พืช มะพร้าว จังหวัด นครพนม ระดับความเหมาะสม s3 มีเนื้อที่ 4 ไร่
พื้นที่ความเหมาะสมพืชรายจังหวัด,-13-pdf (1).pdf,crop_suitability_by_province,มะพร้าว,นครราชสีมา,ไร่,18,table,s3,1677,พืช มะพร้าว จังหวัด นครราชสีมา ระดับความเหมาะสม s3 มีเนื้อที่ 1677 ไร่
พื้นที่ความเหมาะสมพืชรายจังหวัด,-13-pdf (1).pdf,crop_suitability_by_province,มะพร้าว,นครศรีธรรมราช,ไร่,19,table,s3,7525,พืช มะพร้าว จังหวัด นครศรีธรรมราช ระดับความเหมาะสม s3 มีเนื้อที่ 7525 ไร่
พื้นที่ความเหมาะสมพืชรายจังหวัด,-13-pdf (1).pdf,crop_suitability_by_province,มะพร้าว,นครสวรรค์,ไร่,18,table,s3,255,พืช มะพร้าว จังหวัด นครสวรรค์ ระดับความเหมาะสม s3 มีเนื้อที่ 255 ไร่
พื้นที่ความเหมาะสมพืชรายจังหวัด,-13-pdf (1).pdf,crop_suitability_by_province,มะพร้าว,นราธิวาส,ไร่,19,table,s3,7531,พืช มะพร้าว จังหวัด นราธิวาส ระดับความเหมาะสม s3 มีเนื้อที่ 7531 ไร่
พื้นที่ความเหมาะสมพืชรายจังหวัด,-13-pdf (1).pdf,crop_suitability_by_province,มะพร้าว,น่าน,ไร่,18,table,s3,4,พืช มะพร้าว จังหวัด น่าน ระดับความเหมาะสม s3 มีเนื้อที่ 4 ไร่
พื้นที่ความเหมาะสมพืชรายจังหวัด,-13-pdf (1).pdf,crop_suitability_by_province,มะพร้าว,บุรีรัมย์,ไร่,18,table,s3,23,พืช มะพร้าว จังหวัด บุรีรัมย์ ระดับความเหมาะสม s3 มีเนื้อที่ 23 ไร่
พื้นที่ความเหมาะสมพืชรายจังหวัด,-13-pdf (1).pdf,crop_suitability_by_province,มะพร้าว,ประจวบคีรีขันธ์,ไร่,18,table,s3,110097,พืช มะพร้าว จังหวัด ประจวบคีรีขันธ์ ระดับความเหมาะสม s3 มีเนื้อที่ 110097 ไร่
พื้นที่ความเหมาะสมพืชรายจังหวัด,-13-pdf (1).pdf,crop_suitability_by_province,มะพร้าว,ปัตตานี,ไร่,19,table,s3,24592,พืช มะพร้าว จังหวัด ปัตตานี ระดับความเหมาะสม s3 มีเนื้อที่ 24592 ไร่
พื้นที่ความเหมาะสมพืชรายจังหวัด,-13-pdf (1).pdf,crop_suitability_by_province,มะพร้าว,พังงา,ไร่,19,table,s3,379,พืช มะพร้าว จังหวัด พังงา ระดับความเหมาะสม s3 มีเนื้อที่ 379 ไร่
พื้นที่ความเหมาะสมพืชรายจังหวัด,-13-pdf (1).pdf,crop_suitability_by_province,มะพร้าว,พัทลุง,ไร่,19,table,s3,49,พืช มะพร้าว จังหวัด พัทลุง ระดับความเหมาะสม s3 มีเนื้อที่ 49 ไร่
พื้นที่ความเหมาะสมพืชรายจังหวัด,-13-pdf (1).pdf,crop_suitability_by_province,มะพร้าว,พิษณุโลก,ไร่,18,table,s3,67,พืช มะพร้าว จังหวัด พิษณุโลก ระดับความเหมาะสม s3 มีเนื้อที่ 67 ไร่
พื้นที่ความเหมาะสมพืชรายจังหวัด,-13-pdf (1).pdf,crop_suitability_by_province,มะพร้าว,ภูเก็ต,ไร่,19,table,s3,69,พืช มะพร้าว จังหวัด ภูเก็ต ระดับความเหมาะสม s3 มีเนื้อที่ 69 ไร่
พื้นที่ความเหมาะสมพืชรายจังหวัด,-13-pdf (1).pdf,crop_suitability_by_province,มะพร้าว,ยะลา,ไร่,19,table,s3,13,พืช มะพร้าว จังหวัด ยะลา ระดับความเหมาะสม s3 มีเนื้อที่ 13 ไร่
พื้นที่ความเหมาะสมพืชรายจังหวัด,-13-pdf (1).pdf,crop_suitability_by_province,มะพร้าว,ระนอง,ไร่,19,table,s3,222,พืช มะพร้าว จังหวัด ระนอง ระดับความเหมาะสม s3 มีเนื้อที่ 222 ไร่
พื้นที่ความเหมาะสมพืชรายจังหวัด,-13-pdf (1).pdf,crop_suitability_by_province,มะพร้าว,ราชบุรี,ไร่,18,table,s3,2666,พืช มะพร้าว จังหวัด ราชบุรี ระดับความเหมาะสม s3 มีเนื้อที่ 2666 ไร่
พื้นที่ความเหมาะสมพืชรายจังหวัด,-13-pdf (1).pdf,crop_suitability_by_province,มะพร้าว,ลพบุรี,ไร่,19,table,s3,120,พืช มะพร้าว จังหวัด ลพบุรี ระดับความเหมาะสม s3 มีเนื้อที่ 120 ไร่
พื้นที่ความเหมาะสมพืชรายจังหวัด,-13-pdf (1).pdf,crop_suitability_by_province,มะพร้าว,ลำปาง,ไร่,18,table,s3,8,พืช มะพร้าว จังหวัด ลำปาง ระดับความเหมาะสม s3 มีเนื้อที่ 8 ไร่
พื้นที่ความเหมาะสมพืชรายจังหวัด,-13-pdf (1).pdf,crop_suitability_by_province,มะพร้าว,ลำพูน,ไร่,18,table,s3,17,พืช มะพร้าว จังหวัด ลำพูน ระดับความเหมาะสม s3 มีเนื้อที่ 17 ไร่
พื้นที่ความเหมาะสมพืชรายจังหวัด,-13-pdf (1).pdf,crop_suitability_by_province,มะพร้าว,สกลนคร,ไร่,18,table,s3,8,พืช มะพร้าว จังหวัด สกลนคร ระดับความเหมาะสม s3 มีเนื้อที่ 8 ไร่
พื้นที่ความเหมาะสมพืชรายจังหวัด,-13-pdf (1).pdf,crop_suitability_by_province,มะพร้าว,สงขลา,ไร่,19,table,s3,909,พืช มะพร้าว จังหวัด สงขลา ระดับความเหมาะสม s3 มีเนื้อที่ 909 ไร่
พื้นที่ความเหมาะสมพืชรายจังหวัด,-13-pdf (1).pdf,crop_suitability_by_province,มะพร้าว,สตูล,ไร่,19,table,s3,8,พืช มะพร้าว จังหวัด สตูล ระดับความเหมาะสม s3 มีเนื้อที่ 8 ไร่
พื้นที่ความเหมาะสมพืชรายจังหวัด,-13-pdf (1).pdf,crop_suitability_by_province,มะพร้าว,สระบุรี,ไร่,18,table,s3,666,พืช มะพร้าว จังหวัด สระบุรี ระดับความเหมาะสม s3 มีเนื้อที่ 666 ไร่
พื้นที่ความเหมาะสมพืชรายจังหวัด,-13-pdf (1).pdf,crop_suitability_by_province,มะพร้าว,สระแก้ว,ไร่,19,table,s3,18,พืช มะพร้าว จังหวัด สระแก้ว ระดับความเหมาะสม s3 มีเนื้อที่ 18 ไร่
พื้นที่ความเหมาะสมพืชรายจังหวัด,-13-pdf (1).pdf,crop_suitability_by_province,มะพร้าว,สิงห์บุรี,ไร่,19,table,s3,7,พืช มะพร้าว จังหวัด สิงห์บุรี ระดับความเหมาะสม s3 มีเนื้อที่ 7 ไร่
พื้นที่ความเหมาะสมพืชรายจังหวัด,-13-pdf (1).pdf,crop_suitability_by_province,มะพร้าว,สุพรรณบุรี,ไร่,19,table,s3,426,พืช มะพร้าว จังหวัด สุพรรณบุรี ระดับความเหมาะสม s3 มีเนื้อที่ 426 ไร่
พื้นที่ความเหมาะสมพืชรายจังหวัด,-13-pdf (1).pdf,crop_suitability_by_province,มะพร้าว,สุราษฎร์ธานี,ไร่,19,table,s3,13008,พืช มะพร้าว จังหวัด สุราษฎร์ธานี ระดับความเหมาะสม s3 มีเนื้อที่ 13008 ไร่
พื้นที่ความเหมาะสมพืชรายจังหวัด,-13-pdf (1).pdf,crop_suitability_by_province,มะพร้าว,สุโขทัย,ไร่,18,table,s3,57,พืช มะพร้าว จังหวัด สุโขทัย ระดับความเหมาะสม s3 มีเนื้อที่ 57 ไร่
พื้นที่ความเหมาะสมพืชรายจังหวัด,-13-pdf (1).pdf,crop_suitability_by_province,มะพร้าว,อุดรธานี,ไร่,18,table,s3,17,พืช มะพร้าว จังหวัด อุดรธานี ระดับความเหมาะสม s3 มีเนื้อที่ 17 ไร่
พื้นที่ความเหมาะสมพืชรายจังหวัด,-13-pdf (1).pdf,crop_suitability_by_province,มะพร้าว,อุตรดิตถ์,ไร่,18,table,s3,1,พืช มะพร้าว จังหวัด อุตรดิตถ์ ระดับความเหมาะสม s3 มีเนื้อที่ 1 ไร่
พื้นที่ความเหมาะสมพืชรายจังหวัด,-13-pdf (1).pdf,crop_suitability_by_province,มะพร้าว,อุทัยธานี,ไร่,18,table,s3,314,พืช มะพร้าว จังหวัด อุทัยธานี ระดับความเหมาะสม s3 มีเนื้อที่ 314 ไร่
พื้นที่ความเหมาะสมพืชรายจังหวัด,-13-pdf (1).pdf,crop_suitability_by_province,มะพร้าว,อ่างทอง,ไร่,19,table,s3,29,พืช มะพร้าว จังหวัด อ่างทอง ระดับความเหมาะสม s3 มีเนื้อที่ 29 ไร่
พื้นที่ความเหมาะสมพืชรายจังหวัด,-13-pdf (1).pdf,crop_suitability_by_province,มะพร้าว,เชียงใหม่,ไร่,18,table,s3,27,พืช มะพร้าว จังหวัด เชียงใหม่ ระดับความเหมาะสม s3 มีเนื้อที่ 27 ไร่
พื้นที่ความเหมาะสมพืชรายจังหวัด,-13-pdf (1).pdf,crop_suitability_by_province,มะพร้าว,เพชรบุรี,ไร่,18,table,s3,4459,พืช มะพร้าว จังหวัด เพชรบุรี ระดับความเหมาะสม s3 มีเนื้อที่ 4459 ไร่
พื้นที่ความเหมาะสมพืชรายจังหวัด,-13-pdf (1).pdf,crop_suitability_by_province,มะพร้าว,เพชรบูรณ์,ไร่,18,table,s3,1110,พืช มะพร้าว จังหวัด เพชรบูรณ์ ระดับความเหมาะสม s3 มีเนื้อที่ 1110 ไร่
พื้นที่ความเหมาะสมพืชรายจังหวัด,-13-pdf (1).pdf,crop_suitability_by_province,มะพร้าว,เลย,ไร่,18,table,s3,29,พืช มะพร้าว จังหวัด เลย ระดับความเหมาะสม s3 มีเนื้อที่ 29 ไร่
พื้นที่ความเหมาะสมพืชรายจังหวัด,-13-pdf (1).pdf,crop_suitability_by_province,มะพร้าว,แพร่,ไร่,18,table,s3,63,พืช มะพร้าว จังหวัด แพร่ ระดับความเหมาะสม s3 มีเนื้อที่ 63 ไร่
พื้นที่ความเหมาะสมพืชรายจังหวัด,-13-pdf (1).pdf,crop_suitability_by_province,มังคุด,กาญจนบุรี,ไร่,17,table,s3,111,พืช มังคุด จังหวัด กาญจนบุรี ระดับความเหมาะสม s3 มีเนื้อที่ 111 ไร่
พื้นที่ความเหมาะสมพืชรายจังหวัด,-13-pdf (1).pdf,crop_suitability_by_province,มังคุด,จันทบุรี,ไร่,17,table,s3,160146,พืช มังคุด จังหวัด จันทบุรี ระดับความเหมาะสม s3 มีเนื้อที่ 160146 ไร่
พื้นที่ความเหมาะสมพืชรายจังหวัด,-13-pdf (1).pdf,crop_suitability_by_province,มังคุด,ชลบุรี,ไร่,17,table,s3,271,พืช มังคุด จังหวัด ชลบุรี ระดับความเหมาะสม s3 มีเนื้อที่ 271 ไร่
พื้นที่ความเหมาะสมพืชรายจังหวัด,-13-pdf (1).pdf,crop_suitability_by_province,มังคุด,ชุมพร,ไร่,17,table,s3,8346,พืช มังคุด จังหวัด ชุมพร ระดับความเหมาะสม s3 มีเนื้อที่ 8346 ไร่
พื้นที่ความเหมาะสมพืชรายจังหวัด,-13-pdf (1).pdf,crop_suitability_by_province,มังคุด,ตราด,ไร่,17,table,s3,66632,พืช มังคุด จังหวัด ตราด ระดับความเหมาะสม s3 มีเนื้อที่ 66632 ไร่
พื้นที่ความเหมาะสมพืชรายจังหวัด,-13-pdf (1).pdf,crop_suitability_by_province,มังคุด,นครนายก,ไร่,17,table,s3,1,พืช มังคุด จังหวัด นครนายก ระดับความเหมาะสม s3 มีเนื้อที่ 1 ไร่
พื้นที่ความเหมาะสมพืชรายจังหวัด,-13-pdf (1).pdf,crop_suitability_by_province,มังคุด,นครศรีธรรมราช,ไร่,17,table,s3,3385,พืช มังคุด จังหวัด นครศรีธรรมราช ระดับความเหมาะสม s3 มีเนื้อที่ 3385 ไร่
พื้นที่ความเหมาะสมพืชรายจังหวัด,-13-pdf (1).pdf,crop_suitability_by_province,มังคุด,นราธิวาส,ไร่,17,table,s3,37,พืช มังคุด จังหวัด นราธิวาส ระดับความเหมาะสม s3 มีเนื้อที่ 37 ไร่
พื้นที่ความเหมาะสมพืชรายจังหวัด,-13-pdf (1).pdf,crop_suitability_by_province,มังคุด,พังงา,ไร่,17,table,s3,14113,พืช มังคุด จังหวัด พังงา ระดับความเหมาะสม s3 มีเนื้อที่ 14113 ไร่
พื้นที่ความเหมาะสมพืชรายจังหวัด,-13-pdf (1).pdf,crop_suitability_by_province,มังคุด,ระนอง,ไร่,17,table,s3,8784,พืช มังคุด จังหวัด ระนอง ระดับความเหมาะสม s3 มีเนื้อที่ 8784 ไร่
พื้นที่ความเหมาะสมพืชรายจังหวัด,-13-pdf (1).pdf,crop_suitability_by_province,มังคุด,ระยอง,ไร่,17,table,s3,13,พืช มังคุด จังหวัด ระยอง ระดับความเหมาะสม s3 มีเนื้อที่ 13 ไร่
พื้นที่ความเหมาะสมพืชรายจังหวัด,-13-pdf (1).pdf,crop_suitability_by_province,มังคุด,สงขลา,ไร่,17,table,s3,4318,พืช มังคุด จังหวัด สงขลา ระดับความเหมาะสม s3 มีเนื้อที่ 4318 ไร่
พื้นที่ความเหมาะสมพืชรายจังหวัด,-13-pdf (1).pdf,crop_suitability_by_province,มังคุด,สุราษฎร์ธานี,ไร่,17,table,s3,611,พืช มังคุด จังหวัด สุราษฎร์ธานี ระดับความเหมาะสม s3 มีเนื้อที่ 611 ไร่
พื้นที่ความเหมาะสมพืชรายจังหวัด,-13-pdf (1).pdf,crop_suitability_by_province,มันสำปะหลัง,กาญจนบุรี,ไร่,3,table,s3,183978,พืช มันสำปะหลัง จังหวัด กาญจนบุรี ระดับความเหมาะสม s3 มีเนื้อที่ 183978 ไร่
พื้นที่ความเหมาะสมพืชรายจังหวัด,-13-pdf (1).pdf,crop_suitability_by_province,มันสำปะหลัง,กาฬสินธุ์,ไร่,3,table,s3,12558,พืช มันสำปะหลัง จังหวัด กาฬสินธุ์ ระดับความเหมาะสม s3 มีเนื้อที่ 12558 ไร่
พื้นที่ความเหมาะสมพืชรายจังหวัด,-13-pdf (1).pdf,crop_suitability_by_province,มันสำปะหลัง,กำแพงเพชร,ไร่,3,table,s3,301610,พืช มันสำปะหลัง จังหวัด กำแพงเพชร ระดับความเหมาะสม s3 มีเนื้อที่ 301610 ไร่
พื้นที่ความเหมาะสมพืชรายจังหวัด,-13-pdf (1).pdf,crop_suitability_by_province,มันสำปะหลัง,ขอนแก่น,ไร่,3,table,s3,9981,พืช มันสำปะหลัง จังหวัด ขอนแก่น ระดับความเหมาะสม s3 มีเนื้อที่ 9981 ไร่
พื้นที่ความเหมาะสมพืชรายจังหวัด,-13-pdf (1).pdf,crop_suitability_by_province,มันสำปะหลัง,จันทบุรี,ไร่,4,table,s3,60483,พืช มันสำปะหลัง จังหวัด จันทบุรี ระดับความเหมาะสม s3 มีเนื้อที่ 60483 ไร่
พื้นที่ความเหมาะสมพืชรายจังหวัด,-13-pdf (1).pdf,crop_suitability_by_province,มันสำปะหลัง,ฉะเชิงเทรา,ไร่,4,table,s3,157467,พืช มันสำปะหลัง จังหวัด ฉะเชิงเทรา ระดับความเหมาะสม s3 มีเนื้อที่ 157467 ไร่
พื้นที่ความเหมาะสมพืชรายจังหวัด,-13-pdf (1).pdf,crop_suitability_by_province,มันสำปะหลัง,ชลบุรี,ไร่,4,table,s3,38488,พืช มันสำปะหลัง จังหวัด ชลบุรี ระดับความเหมาะสม s3 มีเนื้อที่ 38488 ไร่
พื้นที่ความเหมาะสมพืชรายจังหวัด,-13-pdf (1).pdf,crop_suitability_by_province,มันสำปะหลัง,ชัยนาท,ไร่,3,table,s3,16139,พืช มันสำปะหลัง จังหวัด ชัยนาท ระดับความเหมาะสม s3 มีเนื้อที่ 16139 ไร่
พื้นที่ความเหมาะสมพืชรายจังหวัด,-13-pdf (1).pdf,crop_suitability_by_province,มันสำปะหลัง,ชัยภูมิ,ไร่,3,table,s3,148535,พืช มันสำปะหลัง จังหวัด ชัยภูมิ ระดับความเหมาะสม s3 มีเนื้อที่ 148535 ไร่
พื้นที่ความเหมาะสมพืชรายจังหวัด,-13-pdf (1).pdf,crop_suitability_by_province,มันสำปะหลัง,ชุมพร,ไร่,4,table,s3,9,พืช มันสำปะหลัง จังหวัด ชุมพร ระดับความเหมาะสม s3 มีเนื้อที่ 9 ไร่
พื้นที่ความเหมาะสมพืชรายจังหวัด,-13-pdf (1).pdf,crop_suitability_by_province,มันสำปะหลัง,ตาก,ไร่,3,table,s3,29191,พืช มันสำปะหลัง จังหวัด ตาก ระดับความเหมาะสม s3 มีเนื้อที่ 29191 ไร่
พื้นที่ความเหมาะสมพืชรายจังหวัด,-13-pdf (1).pdf,crop_suitability_by_province,มันสำปะหลัง,นครนายก,ไร่,3,table,s3,1123,พืช มันสำปะหลัง จังหวัด นครนายก ระดับความเหมาะสม s3 มีเนื้อที่ 1123 ไร่
พื้นที่ความเหมาะสมพืชรายจังหวัด,-13-pdf (1).pdf,crop_suitability_by_province,มันสำปะหลัง,นครพนม,ไร่,3,table,s3,92345,พืช มันสำปะหลัง จังหวัด นครพนม ระดับความเหมาะสม s3 มีเนื้อที่ 92345 ไร่
พื้นที่ความเหมาะสมพืชรายจังหวัด,-13-pdf (1).pdf,crop_suitability_by_province,มันสำปะหลัง,นครราชสีมา,ไร่,3,table,s3,228662,พืช มันสำปะหลัง จังหวัด นครราชสีมา ระดับความเหมาะสม s3 มีเนื้อที่ 228662 ไร่
พื้นที่ความเหมาะสมพืชรายจังหวัด,-13-pdf (1).pdf,crop_suitability_by_province,มันสำปะหลัง,นครศรีธรรมราช,ไร่,4,table,s3,28,พืช มันสำปะหลัง จังหวัด นครศรีธรรมราช ระดับความเหมาะสม s3 มีเนื้อที่ 28 ไร่
พื้นที่ความเหมาะสมพืชรายจังหวัด,-13-pdf (1).pdf,crop_suitability_by_province,มันสำปะหลัง,นครสวรรค์,ไร่,3,table,s3,278693,พืช มันสำปะหลัง จังหวัด นครสวรรค์ ระดับความเหมาะสม s3 มีเนื้อที่ 278693 ไร่
พื้นที่ความเหมาะสมพืชรายจังหวัด,-13-pdf (1).pdf,crop_suitability_by_province,มันสำปะหลัง,น่าน,ไร่,3,table,s3,401,พืช มันสำปะหลัง จังหวัด น่าน ระดับความเหมาะสม s3 มีเนื้อที่ 401 ไร่
พื้นที่ความเหมาะสมพืชรายจังหวัด,-13-pdf (1).pdf,crop_suitability_by_province,มันสำปะหลัง,บึงกาฬ,ไร่,3,table,s3,7398,พืช มันสำปะหลัง จังหวัด บึงกาฬ ระดับความเหมาะสม s3 มีเนื้อที่ 7398 ไร่
พื้นที่ความเหมาะสมพืชรายจังหวัด,-13-pdf (1).pdf,crop_suitability_by_province,มันสำปะหลัง,บุรีรัมย์,ไร่,3,table,s3,89009,พืช มันสำปะหลัง จังหวัด บุรีรัมย์ ระดับความเหมาะสม s3 มีเนื้อที่ 89009 ไร่
พื้นที่ความเหมาะสมพืชรายจังหวัด,-13-pdf (1).pdf,crop_suitability_by_province,มันสำปะหลัง,ปทุมธานี,ไร่,3,table,s3,3795,พืช มันสำปะหลัง จังหวัด ปทุมธานี ระดับความเหมาะสม s3 มีเนื้อที่ 3795 ไร่
พื้นที่ความเหมาะสมพืชรายจังหวัด,-13-pdf (1).pdf,crop_suitability_by_province,มันสำปะหลัง,ประจวบคีรีขันธ์,ไร่,3,table,s3,4,พืช มันสำปะหลัง จังหวัด ประจวบคีรีขันธ์ ระดับความเหมาะสม s3 มีเนื้อที่ 4 ไร่
พื้นที่ความเหมาะสมพืชรายจังหวัด,-13-pdf (1).pdf,crop_suitability_by_province,มันสำปะหลัง,ปราจีนบุรี,ไร่,4,table,s3,160112,พืช มันสำปะหลัง จังหวัด ปราจีนบุรี ระดับความเหมาะสม s3 มีเนื้อที่ 160112 ไร่
พื้นที่ความเหมาะสมพืชรายจังหวัด,-13-pdf (1).pdf,crop_suitability_by_province,มันสำปะหลัง,พระนครศรีอยุธยา,ไร่,3,table,s3,62,พืช มันสำปะหลัง จังหวัด พระนครศรีอยุธยา ระดับความเหมาะสม s3 มีเนื้อที่ 62 ไร่
พื้นที่ความเหมาะสมพืชรายจังหวัด,-13-pdf (1).pdf,crop_suitability_by_province,มันสำปะหลัง,พะเยา,ไร่,3,table,s3,6318,พืช มันสำปะหลัง จังหวัด พะเยา ระดับความเหมาะสม s3 มีเนื้อที่ 6318 ไร่
พื้นที่ความเหมาะสมพืชรายจังหวัด,-13-pdf (1).pdf,crop_suitability_by_province,มันสำปะหลัง,พัทลุง,ไร่,4,table,s3,6,พืช มันสำปะหลัง จังหวัด พัทลุง ระดับความเหมาะสม s3 มีเนื้อที่ 6 ไร่
พื้นที่ความเหมาะสมพืชรายจังหวัด,-13-pdf (1).pdf,crop_suitability_by_province,มันสำปะหลัง,พิจิตร,ไร่,3,table,s3,12428,พืช มันสำปะหลัง จังหวัด พิจิตร ระดับความเหมาะสม s3 มีเนื้อที่ 12428 ไร่
พื้นที่ความเหมาะสมพืชรายจังหวัด,-13-pdf (1).pdf,crop_suitability_by_province,มันสำปะหลัง,พิษณุโลก,ไร่,3,table,s3,42576,พืช มันสำปะหลัง จังหวัด พิษณุโลก ระดับความเหมาะสม s3 มีเนื้อที่ 42576 ไร่
พื้นที่ความเหมาะสมพืชรายจังหวัด,-13-pdf (1).pdf,crop_suitability_by_province,มันสำปะหลัง,มหาสารคาม,ไร่,3,table,s3,9706,พืช มันสำปะหลัง จังหวัด มหาสารคาม ระดับความเหมาะสม s3 มีเนื้อที่ 9706 ไร่
พื้นที่ความเหมาะสมพืชรายจังหวัด,-13-pdf (1).pdf,crop_suitability_by_province,มันสำปะหลัง,มุกดาหาร,ไร่,3,table,s3,49921,พืช มันสำปะหลัง จังหวัด มุกดาหาร ระดับความเหมาะสม s3 มีเนื้อที่ 49921 ไร่
พื้นที่ความเหมาะสมพืชรายจังหวัด,-13-pdf (1).pdf,crop_suitability_by_province,มันสำปะหลัง,ยโสธร,ไร่,3,table,s3,7257,พืช มันสำปะหลัง จังหวัด ยโสธร ระดับความเหมาะสม s3 มีเนื้อที่ 7257 ไร่
พื้นที่ความเหมาะสมพืชรายจังหวัด,-13-pdf (1).pdf,crop_suitability_by_province,มันสำปะหลัง,ระยอง,ไร่,4,table,s3,10238,พืช มันสำปะหลัง จังหวัด ระยอง ระดับความเหมาะสม s3 มีเนื้อที่ 10238 ไร่
พื้นที่ความเหมาะสมพืชรายจังหวัด,-13-pdf (1).pdf,crop_suitability_by_province,มันสำปะหลัง,ราชบุรี,ไร่,3,table,s3,37558,พืช มันสำปะหลัง จังหวัด ราชบุรี ระดับความเหมาะสม s3 มีเนื้อที่ 37558 ไร่
พื้นที่ความเหมาะสมพืชรายจังหวัด,-13-pdf (1).pdf,crop_suitability_by_province,มันสำปะหลัง,ร้อยเอ็ด,ไร่,3,table,s3,4167,พืช มันสำปะหลัง จังหวัด ร้อยเอ็ด ระดับความเหมาะสม s3 มีเนื้อที่ 4167 ไร่
พื้นที่ความเหมาะสมพืชรายจังหวัด,-13-pdf (1).pdf,crop_suitability_by_province,มันสำปะหลัง,ลพบุรี,ไร่,3,table,s3,119690,พืช มันสำปะหลัง จังหวัด ลพบุรี ระดับความเหมาะสม s3 มีเนื้อที่ 119690 ไร่
พื้นที่ความเหมาะสมพืชรายจังหวัด,-13-pdf (1).pdf,crop_suitability_by_province,มันสำปะหลัง,ลำปาง,ไร่,3,table,s3,34816,พืช มันสำปะหลัง จังหวัด ลำปาง ระดับความเหมาะสม s3 มีเนื้อที่ 34816 ไร่
พื้นที่ความเหมาะสมพืชรายจังหวัด,-13-pdf (1).pdf,crop_suitability_by_province,มันสำปะหลัง,ลำพูน,ไร่,3,table,s3,3466,พืช มันสำปะหลัง จังหวัด ลำพูน ระดับความเหมาะสม s3 มีเนื้อที่ 3466 ไร่
พื้นที่ความเหมาะสมพืชรายจังหวัด,-13-pdf (1).pdf,crop_suitability_by_province,มันสำปะหลัง,ศรีสะเกษ,ไร่,3,table,s3,164678,พืช มันสำปะหลัง จังหวัด ศรีสะเกษ ระดับความเหมาะสม s3 มีเนื้อที่ 164678 ไร่
พื้นที่ความเหมาะสมพืชรายจังหวัด,-13-pdf (1).pdf,crop_suitability_by_province,มันสำปะหลัง,สกลนคร,ไร่,3,table,s3,270473,พืช มันสำปะหลัง จังหวัด สกลนคร ระดับความเหมาะสม s3 มีเนื้อที่ 270473 ไร่
พื้นที่ความเหมาะสมพืชรายจังหวัด,-13-pdf (1).pdf,crop_suitability_by_province,มันสำปะหลัง,สระบุรี,ไร่,3,table,s3,19239,พืช มันสำปะหลัง จังหวัด สระบุรี ระดับความเหมาะสม s3 มีเนื้อที่ 19239 ไร่
พื้นที่ความเหมาะสมพืชรายจังหวัด,-13-pdf (1).pdf,crop_suitability_by_province,มันสำปะหลัง,สระแก้ว,ไร่,4,table,s3,318173,พืช มันสำปะหลัง จังหวัด สระแก้ว ระดับความเหมาะสม s3 มีเนื้อที่ 318173 ไร่
พื้นที่ความเหมาะสมพืชรายจังหวัด,-13-pdf (1).pdf,crop_suitability_by_province,มันสำปะหลัง,สิงห์บุรี,ไร่,3,table,s3,45,พืช มันสำปะหลัง จังหวัด สิงห์บุรี ระดับความเหมาะสม s3 มีเนื้อที่ 45 ไร่
พื้นที่ความเหมาะสมพืชรายจังหวัด,-13-pdf (1).pdf,crop_suitability_by_province,มันสำปะหลัง,สุพรรณบุรี,ไร่,3,table,s3,12398,พืช มันสำปะหลัง จังหวัด สุพรรณบุรี ระดับความเหมาะสม s3 มีเนื้อที่ 12398 ไร่
พื้นที่ความเหมาะสมพืชรายจังหวัด,-13-pdf (1).pdf,crop_suitability_by_province,มันสำปะหลัง,สุรินทร์,ไร่,3,table,s3,94879,พืช มันสำปะหลัง จังหวัด สุรินทร์ ระดับความเหมาะสม s3 มีเนื้อที่ 94879 ไร่
พื้นที่ความเหมาะสมพืชรายจังหวัด,-13-pdf (1).pdf,crop_suitability_by_province,มันสำปะหลัง,สุโขทัย,ไร่,3,table,s3,60603,พืช มันสำปะหลัง จังหวัด สุโขทัย ระดับความเหมาะสม s3 มีเนื้อที่ 60603 ไร่
พื้นที่ความเหมาะสมพืชรายจังหวัด,-13-pdf (1).pdf,crop_suitability_by_province,มันสำปะหลัง,หนองคาย,ไร่,3,table,s3,12550,พืช มันสำปะหลัง จังหวัด หนองคาย ระดับความเหมาะสม s3 มีเนื้อที่ 12550 ไร่
พื้นที่ความเหมาะสมพืชรายจังหวัด,-13-pdf (1).pdf,crop_suitability_by_province,มันสำปะหลัง,หนองบัวลำภู,ไร่,3,table,s3,47098,พืช มันสำปะหลัง จังหวัด หนองบัวลำภู ระดับความเหมาะสม s3 มีเนื้อที่ 47098 ไร่
พื้นที่ความเหมาะสมพืชรายจังหวัด,-13-pdf (1).pdf,crop_suitability_by_province,มันสำปะหลัง,อำนาจเจริญ,ไร่,3,table,s3,6060,พืช มันสำปะหลัง จังหวัด อำนาจเจริญ ระดับความเหมาะสม s3 มีเนื้อที่ 6060 ไร่
พื้นที่ความเหมาะสมพืชรายจังหวัด,-13-pdf (1).pdf,crop_suitability_by_province,มันสำปะหลัง,อุดรธานี,ไร่,3,table,s3,110863,พืช มันสำปะหลัง จังหวัด อุดรธานี ระดับความเหมาะสม s3 มีเนื้อที่ 110863 ไร่
พื้นที่ความเหมาะสมพืชรายจังหวัด,-13-pdf (1).pdf,crop_suitability_by_province,มันสำปะหลัง,อุตรดิตถ์,ไร่,3,table,s3,8761,พืช มันสำปะหลัง จังหวัด อุตรดิตถ์ ระดับความเหมาะสม s3 มีเนื้อที่ 8761 ไร่
พื้นที่ความเหมาะสมพืชรายจังหวัด,-13-pdf (1).pdf,crop_suitability_by_province,มันสำปะหลัง,อุทัยธานี,ไร่,3,table,s3,30203,พืช มันสำปะหลัง จังหวัด อุทัยธานี ระดับความเหมาะสม s3 มีเนื้อที่ 30203 ไร่
พื้นที่ความเหมาะสมพืชรายจังหวัด,-13-pdf (1).pdf,crop_suitability_by_province,มันสำปะหลัง,อุบลราชธานี,ไร่,3,table,s3,478350,พืช มันสำปะหลัง จังหวัด อุบลราชธานี ระดับความเหมาะสม s3 มีเนื้อที่ 478350 ไร่
พื้นที่ความเหมาะสมพืชรายจังหวัด,-13-pdf (1).pdf,crop_suitability_by_province,มันสำปะหลัง,อ่างทอง,ไร่,4,table,s3,6,พืช มันสำปะหลัง จังหวัด อ่างทอง ระดับความเหมาะสม s3 มีเนื้อที่ 6 ไร่
พื้นที่ความเหมาะสมพืชรายจังหวัด,-13-pdf (1).pdf,crop_suitability_by_province,มันสำปะหลัง,เชียงราย,ไร่,3,table,s3,38214,พืช มันสำปะหลัง จังหวัด เชียงราย ระดับความเหมาะสม s3 มีเนื้อที่ 38214 ไร่
พื้นที่ความเหมาะสมพืชรายจังหวัด,-13-pdf (1).pdf,crop_suitability_by_province,มันสำปะหลัง,เชียงใหม่,ไร่,3,table,s3,1736,พืช มันสำปะหลัง จังหวัด เชียงใหม่ ระดับความเหมาะสม s3 มีเนื้อที่ 1736 ไร่
พื้นที่ความเหมาะสมพืชรายจังหวัด,-13-pdf (1).pdf,crop_suitability_by_province,มันสำปะหลัง,เพชรบุรี,ไร่,3,table,s3,676,พืช มันสำปะหลัง จังหวัด เพชรบุรี ระดับความเหมาะสม s3 มีเนื้อที่ 676 ไร่
พื้นที่ความเหมาะสมพืชรายจังหวัด,-13-pdf (1).pdf,crop_suitability_by_province,มันสำปะหลัง,เพชรบูรณ์,ไร่,3,table,s3,151629,พืช มันสำปะหลัง จังหวัด เพชรบูรณ์ ระดับความเหมาะสม s3 มีเนื้อที่ 151629 ไร่
พื้นที่ความเหมาะสมพืชรายจังหวัด,-13-pdf (1).pdf,crop_suitability_by_province,มันสำปะหลัง,เลย,ไร่,3,table,s3,69895,พืช มันสำปะหลัง จังหวัด เลย ระดับความเหมาะสม s3 มีเนื้อที่ 69895 ไร่
พื้นที่ความเหมาะสมพืชรายจังหวัด,-13-pdf (1).pdf,crop_suitability_by_province,มันสำปะหลัง,แพร่,ไร่,3,table,s3,21479,พืช มันสำปะหลัง จังหวัด แพร่ ระดับความเหมาะสม s3 มีเนื้อที่ 21479 ไร่
พื้นที่ความเหมาะสมพืชรายจังหวัด,-13-pdf (1).pdf,crop_suitability_by_province,ยางพารา,กระบี่,ไร่,22,table,s3,48510,พืช ยางพารา จังหวัด กระบี่ ระดับความเหมาะสม s3 มีเนื้อที่ 48510 ไร่
พื้นที่ความเหมาะสมพืชรายจังหวัด,-13-pdf (1).pdf,crop_suitability_by_province,ยางพารา,กาญจนบุรี,ไร่,21,table,s3,30815,พืช ยางพารา จังหวัด กาญจนบุรี ระดับความเหมาะสม s3 มีเนื้อที่ 30815 ไร่
พื้นที่ความเหมาะสมพืชรายจังหวัด,-13-pdf (1).pdf,crop_suitability_by_province,ยางพารา,กาฬสินธุ์,ไร่,21,table,s3,1480,พืช ยางพารา จังหวัด กาฬสินธุ์ ระดับความเหมาะสม s3 มีเนื้อที่ 1480 ไร่
พื้นที่ความเหมาะสมพืชรายจังหวัด,-13-pdf (1).pdf,crop_suitability_by_province,ยางพารา,ขอนแก่น,ไร่,21,table,s3,17739,พืช ยางพารา จังหวัด ขอนแก่น ระดับความเหมาะสม s3 มีเนื้อที่ 17739 ไร่
พื้นที่ความเหมาะสมพืชรายจังหวัด,-13-pdf (1).pdf,crop_suitability_by_province,ยางพารา,จันทบุรี,ไร่,22,table,s3,74329,พืช ยางพารา จังหวัด จันทบุรี ระดับความเหมาะสม s3 มีเนื้อที่ 74329 ไร่
พื้นที่ความเหมาะสมพืชรายจังหวัด,-13-pdf (1).pdf,crop_suitability_by_province,ยางพารา,ฉะเชิงเทรา,ไร่,22,table,s3,18242,พืช ยางพารา จังหวัด ฉะเชิงเทรา ระดับความเหมาะสม s3 มีเนื้อที่ 18242 ไร่
พื้นที่ความเหมาะสมพืชรายจังหวัด,-13-pdf (1).pdf,crop_suitability_by_province,ยางพารา,ชลบุรี,ไร่,22,table,s3,80680,พืช ยางพารา จังหวัด ชลบุรี ระดับความเหมาะสม s3 มีเนื้อที่ 80680 ไร่
พื้นที่ความเหมาะสมพืชรายจังหวัด,-13-pdf (1).pdf,crop_suitability_by_province,ยางพารา,ชัยนาท,ไร่,21,table,s3,24,พืช ยางพารา จังหวัด ชัยนาท ระดับความเหมาะสม s3 มีเนื้อที่ 24 ไร่
พื้นที่ความเหมาะสมพืชรายจังหวัด,-13-pdf (1).pdf,crop_suitability_by_province,ยางพารา,ชัยภูมิ,ไร่,21,table,s3,46565,พืช ยางพารา จังหวัด ชัยภูมิ ระดับความเหมาะสม s3 มีเนื้อที่ 46565 ไร่
พื้นที่ความเหมาะสมพืชรายจังหวัด,-13-pdf (1).pdf,crop_suitability_by_province,ยางพารา,ชุมพร,ไร่,22,table,s3,56158,พืช ยางพารา จังหวัด ชุมพร ระดับความเหมาะสม s3 มีเนื้อที่ 56158 ไร่
พื้นที่ความเหมาะสมพืชรายจังหวัด,-13-pdf (1).pdf,crop_suitability_by_province,ยางพารา,ตรัง,ไร่,22,table,s3,217782,พืช ยางพารา จังหวัด ตรัง ระดับความเหมาะสม s3 มีเนื้อที่ 217782 ไร่
พื้นที่ความเหมาะสมพืชรายจังหวัด,-13-pdf (1).pdf,crop_suitability_by_province,ยางพารา,ตราด,ไร่,22,table,s3,73612,พืช ยางพารา จังหวัด ตราด ระดับความเหมาะสม s3 มีเนื้อที่ 73612 ไร่
พื้นที่ความเหมาะสมพืชรายจังหวัด,-13-pdf (1).pdf,crop_suitability_by_province,ยางพารา,นครนายก,ไร่,21,table,s3,32,พืช ยางพารา จังหวัด นครนายก ระดับความเหมาะสม s3 มีเนื้อที่ 32 ไร่
พื้นที่ความเหมาะสมพืชรายจังหวัด,-13-pdf (1).pdf,crop_suitability_by_province,ยางพารา,นครพนม,ไร่,21,table,s3,77831,พืช ยางพารา จังหวัด นครพนม ระดับความเหมาะสม s3 มีเนื้อที่ 77831 ไร่
พื้นที่ความเหมาะสมพืชรายจังหวัด,-13-pdf (1).pdf,crop_suitability_by_province,ยางพารา,นครราชสีมา,ไร่,21,table,s3,67870,พืช ยางพารา จังหวัด นครราชสีมา ระดับความเหมาะสม s3 มีเนื้อที่ 67870 ไร่
พื้นที่ความเหมาะสมพืชรายจังหวัด,-13-pdf (1).pdf,crop_suitability_by_province,ยางพารา,นครศรีธรรมราช,ไร่,22,table,s3,279198,พืช ยางพารา จังหวัด นครศรีธรรมราช ระดับความเหมาะสม s3 มีเนื้อที่ 279198 ไร่
พื้นที่ความเหมาะสมพืชรายจังหวัด,-13-pdf (1).pdf,crop_suitability_by_province,ยางพารา,นครสวรรค์,ไร่,21,table,s3,1353,พืช ยางพารา จังหวัด นครสวรรค์ ระดับความเหมาะสม s3 มีเนื้อที่ 1353 ไร่
พื้นที่ความเหมาะสมพืชรายจังหวัด,-13-pdf (1).pdf,crop_suitability_by_province,ยางพารา,นราธิวาส,ไร่,22,table,s3,139771,พืช ยางพารา จังหวัด นราธิวาส ระดับความเหมาะสม s3 มีเนื้อที่ 139771 ไร่
พื้นที่ความเหมาะสมพืชรายจังหวัด,-13-pdf (1).pdf,crop_suitability_by_province,ยางพารา,น่าน,ไร่,21,table,s3,47520,พืช ยางพารา จังหวัด น่าน ระดับความเหมาะสม s3 มีเนื้อที่ 47520 ไร่
พื้นที่ความเหมาะสมพืชรายจังหวัด,-13-pdf (1).pdf,crop_suitability_by_province,ยางพารา,บึงกาฬ,ไร่,21,table,s3,310041,พืช ยางพารา จังหวัด บึงกาฬ ระดับความเหมาะสม s3 มีเนื้อที่ 310041 ไร่
พื้นที่ความเหมาะสมพืชรายจังหวัด,-13-pdf (1).pdf,crop_suitability_by_province,ยางพารา,บุรีรัมย์,ไร่,21,table,s3,65203,พืช ยางพารา จังหวัด บุรีรัมย์ ระดับความเหมาะสม s3 มีเนื้อที่ 65203 ไร่
พื้นที่ความเหมาะสมพืชรายจังหวัด,-13-pdf (1).pdf,crop_suitability_by_province,ยางพารา,ปทุมธานี,ไร่,22,table,s3,354,พืช ยางพารา จังหวัด ปทุมธานี ระดับความเหมาะสม s3 มีเนื้อที่ 354 ไร่
พื้นที่ความเหมาะสมพืชรายจังหวัด,-13-pdf (1).pdf,crop_suitability_by_province,ยางพารา,ประจวบคีรีขันธ์,ไร่,22,table,s3,37037,พืช ยางพารา จังหวัด ประจวบคีรีขันธ์ ระดับความเหมาะสม s3 มีเนื้อที่ 37037 ไร่
พื้นที่ความเหมาะสมพืชรายจังหวัด,-13-pdf (1).pdf,crop_suitability_by_province,ยางพารา,ปราจีนบุรี,ไร่,22,table,s3,6995,พืช ยางพารา จังหวัด ปราจีนบุรี ระดับความเหมาะสม s3 มีเนื้อที่ 6995 ไร่
พื้นที่ความเหมาะสมพืชรายจังหวัด,-13-pdf (1).pdf,crop_suitability_by_province,ยางพารา,ปัตตานี,ไร่,22,table,s3,106561,พืช ยางพารา จังหวัด ปัตตานี ระดับความเหมาะสม s3 มีเนื้อที่ 106561 ไร่
พื้นที่ความเหมาะสมพืชรายจังหวัด,-13-pdf (1).pdf,crop_suitability_by_province,ยางพารา,พะเยา,ไร่,21,table,s3,28470,พืช ยางพารา จังหวัด พะเยา ระดับความเหมาะสม s3 มีเนื้อที่ 28470 ไร่
พื้นที่ความเหมาะสมพืชรายจังหวัด,-13-pdf (1).pdf,crop_suitability_by_province,ยางพารา,พังงา,ไร่,22,table,s3,24958,พืช ยางพารา จังหวัด พังงา ระดับความเหมาะสม s3 มีเนื้อที่ 24958 ไร่
พื้นที่ความเหมาะสมพืชรายจังหวัด,-13-pdf (1).pdf,crop_suitability_by_province,ยางพารา,พัทลุง,ไร่,22,table,s3,298570,พืช ยางพารา จังหวัด พัทลุง ระดับความเหมาะสม s3 มีเนื้อที่ 298570 ไร่
พื้นที่ความเหมาะสมพืชรายจังหวัด,-13-pdf (1).pdf,crop_suitability_by_province,ยางพารา,พิจิตร,ไร่,21,table,s3,1505,พืช ยางพารา จังหวัด พิจิตร ระดับความเหมาะสม s3 มีเนื้อที่ 1505 ไร่
พื้นที่ความเหมาะสมพืชรายจังหวัด,-13-pdf (1).pdf,crop_suitability_by_province,ยางพารา,พิษณุโลก,ไร่,21,table,s3,11592,พืช ยางพารา จังหวัด พิษณุโลก ระดับความเหมาะสม s3 มีเนื้อที่ 11592 ไร่
พื้นที่ความเหมาะสมพืชรายจังหวัด,-13-pdf (1).pdf,crop_suitability_by_province,ยางพารา,ภูเก็ต,ไร่,22,table,s3,1532,พืช ยางพารา จังหวัด ภูเก็ต ระดับความเหมาะสม s3 มีเนื้อที่ 1532 ไร่
พื้นที่ความเหมาะสมพืชรายจังหวัด,-13-pdf (1).pdf,crop_suitability_by_province,ยางพารา,มหาสารคาม,ไร่,21,table,s3,1091,พืช ยางพารา จังหวัด มหาสารคาม ระดับความเหมาะสม s3 มีเนื้อที่ 1091 ไร่
พื้นที่ความเหมาะสมพืชรายจังหวัด,-13-pdf (1).pdf,crop_suitability_by_province,ยางพารา,มุกดาหาร,ไร่,21,table,s3,7424,พืช ยางพารา จังหวัด มุกดาหาร ระดับความเหมาะสม s3 มีเนื้อที่ 7424 ไร่
พื้นที่ความเหมาะสมพืชรายจังหวัด,-13-pdf (1).pdf,crop_suitability_by_province,ยางพารา,ยะลา,ไร่,22,table,s3,103764,พืช ยางพารา จังหวัด ยะลา ระดับความเหมาะสม s3 มีเนื้อที่ 103764 ไร่
พื้นที่ความเหมาะสมพืชรายจังหวัด,-13-pdf (1).pdf,crop_suitability_by_province,ยางพารา,ยโสธร,ไร่,21,table,s3,13722,พืช ยางพารา จังหวัด ยโสธร ระดับความเหมาะสม s3 มีเนื้อที่ 13722 ไร่
พื้นที่ความเหมาะสมพืชรายจังหวัด,-13-pdf (1).pdf,crop_suitability_by_province,ยางพารา,ระนอง,ไร่,22,table,s3,2796,พืช ยางพารา จังหวัด ระนอง ระดับความเหมาะสม s3 มีเนื้อที่ 2796 ไร่
พื้นที่ความเหมาะสมพืชรายจังหวัด,-13-pdf (1).pdf,crop_suitability_by_province,ยางพารา,ระยอง,ไร่,22,table,s3,20951,พืช ยางพารา จังหวัด ระยอง ระดับความเหมาะสม s3 มีเนื้อที่ 20951 ไร่
พื้นที่ความเหมาะสมพืชรายจังหวัด,-13-pdf (1).pdf,crop_suitability_by_province,ยางพารา,ราชบุรี,ไร่,22,table,s3,16713,พืช ยางพารา จังหวัด ราชบุรี ระดับความเหมาะสม s3 มีเนื้อที่ 16713 ไร่
พื้นที่ความเหมาะสมพืชรายจังหวัด,-13-pdf (1).pdf,crop_suitability_by_province,ยางพารา,ลพบุรี,ไร่,22,table,s3,696,พืช ยางพารา จังหวัด ลพบุรี ระดับความเหมาะสม s3 มีเนื้อที่ 696 ไร่
พื้นที่ความเหมาะสมพืชรายจังหวัด,-13-pdf (1).pdf,crop_suitability_by_province,ยางพารา,ลำปาง,ไร่,21,table,s3,27632,พืช ยางพารา จังหวัด ลำปาง ระดับความเหมาะสม s3 มีเนื้อที่ 27632 ไร่
พื้นที่ความเหมาะสมพืชรายจังหวัด,-13-pdf (1).pdf,crop_suitability_by_province,ยางพารา,ลำพูน,ไร่,21,table,s3,3354,พืช ยางพารา จังหวัด ลำพูน ระดับความเหมาะสม s3 มีเนื้อที่ 3354 ไร่
พื้นที่ความเหมาะสมพืชรายจังหวัด,-13-pdf (1).pdf,crop_suitability_by_province,ยางพารา,ศรีสะเกษ,ไร่,21,table,s3,34131,พืช ยางพารา จังหวัด ศรีสะเกษ ระดับความเหมาะสม s3 มีเนื้อที่ 34131 ไร่
พื้นที่ความเหมาะสมพืชรายจังหวัด,-13-pdf (1).pdf,crop_suitability_by_province,ยางพารา,สกลนคร,ไร่,21,table,s3,12631,พืช ยางพารา จังหวัด สกลนคร ระดับความเหมาะสม s3 มีเนื้อที่ 12631 ไร่
พื้นที่ความเหมาะสมพืชรายจังหวัด,-13-pdf (1).pdf,crop_suitability_by_province,ยางพารา,สงขลา,ไร่,22,table,s3,235392,พืช ยางพารา จังหวัด สงขลา ระดับความเหมาะสม s3 มีเนื้อที่ 235392 ไร่
พื้นที่ความเหมาะสมพืชรายจังหวัด,-13-pdf (1).pdf,crop_suitability_by_province,ยางพารา,สตูล,ไร่,22,table,s3,103943,พืช ยางพารา จังหวัด สตูล ระดับความเหมาะสม s3 มีเนื้อที่ 103943 ไร่
พื้นที่ความเหมาะสมพืชรายจังหวัด,-13-pdf (1).pdf,crop_suitability_by_province,ยางพารา,สระบุรี,ไร่,22,table,s3,942,พืช ยางพารา จังหวัด สระบุรี ระดับความเหมาะสม s3 มีเนื้อที่ 942 ไร่
พื้นที่ความเหมาะสมพืชรายจังหวัด,-13-pdf (1).pdf,crop_suitability_by_province,ยางพารา,สระแก้ว,ไร่,22,table,s3,33331,พืช ยางพารา จังหวัด สระแก้ว ระดับความเหมาะสม s3 มีเนื้อที่ 33331 ไร่
พื้นที่ความเหมาะสมพืชรายจังหวัด,-13-pdf (1).pdf,crop_suitability_by_province,ยางพารา,สุพรรณบุรี,ไร่,22,table,s3,2836,พืช ยางพารา จังหวัด สุพรรณบุรี ระดับความเหมาะสม s3 มีเนื้อที่ 2836 ไร่
พื้นที่ความเหมาะสมพืชรายจังหวัด,-13-pdf (1).pdf,crop_suitability_by_province,ยางพารา,สุราษฎร์ธานี,ไร่,22,table,s3,164342,พืช ยางพารา จังหวัด สุราษฎร์ธานี ระดับความเหมาะสม s3 มีเนื้อที่ 164342 ไร่
พื้นที่ความเหมาะสมพืชรายจังหวัด,-13-pdf (1).pdf,crop_suitability_by_province,ยางพารา,สุรินทร์,ไร่,21,table,s3,27680,พืช ยางพารา จังหวัด สุรินทร์ ระดับความเหมาะสม s3 มีเนื้อที่ 27680 ไร่
พื้นที่ความเหมาะสมพืชรายจังหวัด,-13-pdf (1).pdf,crop_suitability_by_province,ยางพารา,สุโขทัย,ไร่,21,table,s3,13496,พืช ยางพารา จังหวัด สุโขทัย ระดับความเหมาะสม s3 มีเนื้อที่ 13496 ไร่
พื้นที่ความเหมาะสมพืชรายจังหวัด,-13-pdf (1).pdf,crop_suitability_by_province,ยางพารา,หนองคาย,ไร่,21,table,s3,95986,พืช ยางพารา จังหวัด หนองคาย ระดับความเหมาะสม s3 มีเนื้อที่ 95986 ไร่
พื้นที่ความเหมาะสมพืชรายจังหวัด,-13-pdf (1).pdf,crop_suitability_by_province,ยางพารา,หนองบัวลำภู,ไร่,21,table,s3,38949,พืช ยางพารา จังหวัด หนองบัวลำภู ระดับความเหมาะสม s3 มีเนื้อที่ 38949 ไร่
พื้นที่ความเหมาะสมพืชรายจังหวัด,-13-pdf (1).pdf,crop_suitability_by_province,ยางพารา,อำนาจเจริญ,ไร่,21,table,s3,2127,พืช ยางพารา จังหวัด อำนาจเจริญ ระดับความเหมาะสม s3 มีเนื้อที่ 2127 ไร่
พื้นที่ความเหมาะสมพืชรายจังหวัด,-13-pdf (1).pdf,crop_suitability_by_province,ยางพารา,อุดรธานี,ไร่,21,table,s3,91832,พืช ยางพารา จังหวัด อุดรธานี ระดับความเหมาะสม s3 มีเนื้อที่ 91832 ไร่
พื้นที่ความเหมาะสมพืชรายจังหวัด,-13-pdf (1).pdf,crop_suitability_by_province,ยางพารา,อุตรดิตถ์,ไร่,21,table,s3,3552,พืช ยางพารา จังหวัด อุตรดิตถ์ ระดับความเหมาะสม s3 มีเนื้อที่ 3552 ไร่
พื้นที่ความเหมาะสมพืชรายจังหวัด,-13-pdf (1).pdf,crop_suitability_by_province,ยางพารา,อุทัยธานี,ไร่,21,table,s3,19447,พืช ยางพารา จังหวัด อุทัยธานี ระดับความเหมาะสม s3 มีเนื้อที่ 19447 ไร่
พื้นที่ความเหมาะสมพืชรายจังหวัด,-13-pdf (1).pdf,crop_suitability_by_province,ยางพารา,อุบลราชธานี,ไร่,21,table,s3,71005,พืช ยางพารา จังหวัด อุบลราชธานี ระดับความเหมาะสม s3 มีเนื้อที่ 71005 ไร่
พื้นที่ความเหมาะสมพืชรายจังหวัด,-13-pdf (1).pdf,crop_suitability_by_province,ยางพารา,เชียงราย,ไร่,21,table,s3,70373,พืช ยางพารา จังหวัด เชียงราย ระดับความเหมาะสม s3 มีเนื้อที่ 70373 ไร่
พื้นที่ความเหมาะสมพืชรายจังหวัด,-13-pdf (1).pdf,crop_suitability_by_province,ยางพารา,เชียงใหม่,ไร่,21,table,s3,4177,พืช ยางพารา จังหวัด เชียงใหม่ ระดับความเหมาะสม s3 มีเนื้อที่ 4177 ไร่
พื้นที่ความเหมาะสมพืชรายจังหวัด,-13-pdf (1).pdf,crop_suitability_by_province,ยางพารา,เพชรบุรี,ไร่,21,table,s3,911,พืช ยางพารา จังหวัด เพชรบุรี ระดับความเหมาะสม s3 มีเนื้อที่ 911 ไร่
พื้นที่ความเหมาะสมพืชรายจังหวัด,-13-pdf (1).pdf,crop_suitability_by_province,ยางพารา,เพชรบูรณ์,ไร่,21,table,s3,29569,พืช ยางพารา จังหวัด เพชรบูรณ์ ระดับความเหมาะสม s3 มีเนื้อที่ 29569 ไร่
พื้นที่ความเหมาะสมพืชรายจังหวัด,-13-pdf (1).pdf,crop_suitability_by_province,ยางพารา,เลย,ไร่,21,table,s3,167862,พืช ยางพารา จังหวัด เลย ระดับความเหมาะสม s3 มีเนื้อที่ 167862 ไร่
พื้นที่ความเหมาะสมพืชรายจังหวัด,-13-pdf (1).pdf,crop_suitability_by_province,ยางพารา,แพร่,ไร่,21,table,s3,15304,พืช ยางพารา จังหวัด แพร่ ระดับความเหมาะสม s3 มีเนื้อที่ 15304 ไร่
พื้นที่ความเหมาะสมพืชรายจังหวัด,-13-pdf (1).pdf,crop_suitability_by_province,ยางพารา,แม่ฮ่องสอน,ไร่,21,table,s3,197,พืช ยางพารา จังหวัด แม่ฮ่องสอน ระดับความเหมาะสม s3 มีเนื้อที่ 197 ไร่
พื้นที่ความเหมาะสมพืชรายจังหวัด,-13-pdf (1).pdf,crop_suitability_by_province,ลำไย,กาญจนบุรี,ไร่,12,table,s3,20,พืช ลำไย จังหวัด กาญจนบุรี ระดับความเหมาะสม s3 มีเนื้อที่ 20 ไร่
พื้นที่ความเหมาะสมพืชรายจังหวัด,-13-pdf (1).pdf,crop_suitability_by_province,ลำไย,ขอนแก่น,ไร่,12,table,s3,25,พืช ลำไย จังหวัด ขอนแก่น ระดับความเหมาะสม s3 มีเนื้อที่ 25 ไร่
พื้นที่ความเหมาะสมพืชรายจังหวัด,-13-pdf (1).pdf,crop_suitability_by_province,ลำไย,จันทบุรี,ไร่,13,table,s3,298,พืช ลำไย จังหวัด จันทบุรี ระดับความเหมาะสม s3 มีเนื้อที่ 298 ไร่
พื้นที่ความเหมาะสมพืชรายจังหวัด,-13-pdf (1).pdf,crop_suitability_by_province,ลำไย,ฉะเชิงเทรา,ไร่,13,table,s3,78,พืช ลำไย จังหวัด ฉะเชิงเทรา ระดับความเหมาะสม s3 มีเนื้อที่ 78 ไร่
พื้นที่ความเหมาะสมพืชรายจังหวัด,-13-pdf (1).pdf,crop_suitability_by_province,ลำไย,ชลบุรี,ไร่,13,table,s3,45,พืช ลำไย จังหวัด ชลบุรี ระดับความเหมาะสม s3 มีเนื้อที่ 45 ไร่
พื้นที่ความเหมาะสมพืชรายจังหวัด,-13-pdf (1).pdf,crop_suitability_by_province,ลำไย,ชัยภูมิ,ไร่,12,table,s3,42,พืช ลำไย จังหวัด ชัยภูมิ ระดับความเหมาะสม s3 มีเนื้อที่ 42 ไร่
พื้นที่ความเหมาะสมพืชรายจังหวัด,-13-pdf (1).pdf,crop_suitability_by_province,ลำไย,ตราด,ไร่,13,table,s3,30,พืช ลำไย จังหวัด ตราด ระดับความเหมาะสม s3 มีเนื้อที่ 30 ไร่
พื้นที่ความเหมาะสมพืชรายจังหวัด,-13-pdf (1).pdf,crop_suitability_by_province,ลำไย,ตาก,ไร่,12,table,s3,33,พืช ลำไย จังหวัด ตาก ระดับความเหมาะสม s3 มีเนื้อที่ 33 ไร่
พื้นที่ความเหมาะสมพืชรายจังหวัด,-13-pdf (1).pdf,crop_suitability_by_province,ลำไย,นครพนม,ไร่,12,table,s3,14,พืช ลำไย จังหวัด นครพนม ระดับความเหมาะสม s3 มีเนื้อที่ 14 ไร่
พื้นที่ความเหมาะสมพืชรายจังหวัด,-13-pdf (1).pdf,crop_suitability_by_province,ลำไย,นครราชสีมา,ไร่,12,table,s3,119,พืช ลำไย จังหวัด นครราชสีมา ระดับความเหมาะสม s3 มีเนื้อที่ 119 ไร่
พื้นที่ความเหมาะสมพืชรายจังหวัด,-13-pdf (1).pdf,crop_suitability_by_province,ลำไย,น่าน,ไร่,12,table,s3,672,พืช ลำไย จังหวัด น่าน ระดับความเหมาะสม s3 มีเนื้อที่ 672 ไร่
พื้นที่ความเหมาะสมพืชรายจังหวัด,-13-pdf (1).pdf,crop_suitability_by_province,ลำไย,บุรีรัมย์,ไร่,12,table,s3,16,พืช ลำไย จังหวัด บุรีรัมย์ ระดับความเหมาะสม s3 มีเนื้อที่ 16 ไร่
พื้นที่ความเหมาะสมพืชรายจังหวัด,-13-pdf (1).pdf,crop_suitability_by_province,ลำไย,พะเยา,ไร่,12,table,s3,423,พืช ลำไย จังหวัด พะเยา ระดับความเหมาะสม s3 มีเนื้อที่ 423 ไร่
พื้นที่ความเหมาะสมพืชรายจังหวัด,-13-pdf (1).pdf,crop_suitability_by_province,ลำไย,ระยอง,ไร่,13,table,s3,28,พืช ลำไย จังหวัด ระยอง ระดับความเหมาะสม s3 มีเนื้อที่ 28 ไร่
พื้นที่ความเหมาะสมพืชรายจังหวัด,-13-pdf (1).pdf,crop_suitability_by_province,ลำไย,ราชบุรี,ไร่,12,table,s3,349,พืช ลำไย จังหวัด ราชบุรี ระดับความเหมาะสม s3 มีเนื้อที่ 349 ไร่
พื้นที่ความเหมาะสมพืชรายจังหวัด,-13-pdf (1).pdf,crop_suitability_by_province,ลำไย,ลำปาง,ไร่,12,table,s3,860,พืช ลำไย จังหวัด ลำปาง ระดับความเหมาะสม s3 มีเนื้อที่ 860 ไร่
พื้นที่ความเหมาะสมพืชรายจังหวัด,-13-pdf (1).pdf,crop_suitability_by_province,ลำไย,ลำพูน,ไร่,12,table,s3,2357,พืช ลำไย จังหวัด ลำพูน ระดับความเหมาะสม s3 มีเนื้อที่ 2357 ไร่
พื้นที่ความเหมาะสมพืชรายจังหวัด,-13-pdf (1).pdf,crop_suitability_by_province,ลำไย,สกลนคร,ไร่,12,table,s3,70,พืช ลำไย จังหวัด สกลนคร ระดับความเหมาะสม s3 มีเนื้อที่ 70 ไร่
พื้นที่ความเหมาะสมพืชรายจังหวัด,-13-pdf (1).pdf,crop_suitability_by_province,ลำไย,สระแก้ว,ไร่,13,table,s3,24,พืช ลำไย จังหวัด สระแก้ว ระดับความเหมาะสม s3 มีเนื้อที่ 24 ไร่
พื้นที่ความเหมาะสมพืชรายจังหวัด,-13-pdf (1).pdf,crop_suitability_by_province,ลำไย,สุโขทัย,ไร่,12,table,s3,102,พืช ลำไย จังหวัด สุโขทัย ระดับความเหมาะสม s3 มีเนื้อที่ 102 ไร่
พื้นที่ความเหมาะสมพืชรายจังหวัด,-13-pdf (1).pdf,crop_suitability_by_province,ลำไย,หนองบัวลำภู,ไร่,12,table,s3,50,พืช ลำไย จังหวัด หนองบัวลำภู ระดับความเหมาะสม s3 มีเนื้อที่ 50 ไร่
พื้นที่ความเหมาะสมพืชรายจังหวัด,-13-pdf (1).pdf,crop_suitability_by_province,ลำไย,อำนาจเจริญ,ไร่,12,table,s3,11,พืช ลำไย จังหวัด อำนาจเจริญ ระดับความเหมาะสม s3 มีเนื้อที่ 11 ไร่
พื้นที่ความเหมาะสมพืชรายจังหวัด,-13-pdf (1).pdf,crop_suitability_by_province,ลำไย,อุตรดิตถ์,ไร่,12,table,s3,30,พืช ลำไย จังหวัด อุตรดิตถ์ ระดับความเหมาะสม s3 มีเนื้อที่ 30 ไร่
พื้นที่ความเหมาะสมพืชรายจังหวัด,-13-pdf (1).pdf,crop_suitability_by_province,ลำไย,อุบลราชธานี,ไร่,12,table,s3,25,พืช ลำไย จังหวัด อุบลราชธานี ระดับความเหมาะสม s3 มีเนื้อที่ 25 ไร่
พื้นที่ความเหมาะสมพืชรายจังหวัด,-13-pdf (1).pdf,crop_suitability_by_province,ลำไย,เชียงราย,ไร่,12,table,s3,6471,พืช ลำไย จังหวัด เชียงราย ระดับความเหมาะสม s3 มีเนื้อที่ 6471 ไร่
พื้นที่ความเหมาะสมพืชรายจังหวัด,-13-pdf (1).pdf,crop_suitability_by_province,ลำไย,เชียงใหม่,ไร่,12,table,s3,10473,พืช ลำไย จังหวัด เชียงใหม่ ระดับความเหมาะสม s3 มีเนื้อที่ 10473 ไร่
พื้นที่ความเหมาะสมพืชรายจังหวัด,-13-pdf (1).pdf,crop_suitability_by_province,ลำไย,เพชรบูรณ์,ไร่,12,table,s3,48,พืช ลำไย จังหวัด เพชรบูรณ์ ระดับความเหมาะสม s3 มีเนื้อที่ 48 ไร่
พื้นที่ความเหมาะสมพืชรายจังหวัด,-13-pdf (1).pdf,crop_suitability_by_province,ลำไย,เลย,ไร่,12,table,s3,230,พืช ลำไย จังหวัด เลย ระดับความเหมาะสม s3 มีเนื้อที่ 230 ไร่
พื้นที่ความเหมาะสมพืชรายจังหวัด,-13-pdf (1).pdf,crop_suitability_by_province,ลำไย,แพร่,ไร่,12,table,s3,25,พืช ลำไย จังหวัด แพร่ ระดับความเหมาะสม s3 มีเนื้อที่ 25 ไร่
พื้นที่ความเหมาะสมพืชรายจังหวัด,-13-pdf (1).pdf,crop_suitability_by_province,สับปะรด,กาญจนบุรี,ไร่,11,table,s3,88,พืช สับปะรด จังหวัด กาญจนบุรี ระดับความเหมาะสม s3 มีเนื้อที่ 88 ไร่
พื้นที่ความเหมาะสมพืชรายจังหวัด,-13-pdf (1).pdf,crop_suitability_by_province,สับปะรด,จันทบุรี,ไร่,11,table,s3,285,พืช สับปะรด จังหวัด จันทบุรี ระดับความเหมาะสม s3 มีเนื้อที่ 285 ไร่
พื้นที่ความเหมาะสมพืชรายจังหวัด,-13-pdf (1).pdf,crop_suitability_by_province,สับปะรด,ฉะเชิงเทรา,ไร่,11,table,s3,277,พืช สับปะรด จังหวัด ฉะเชิงเทรา ระดับความเหมาะสม s3 มีเนื้อที่ 277 ไร่
พื้นที่ความเหมาะสมพืชรายจังหวัด,-13-pdf (1).pdf,crop_suitability_by_province,สับปะรด,ชลบุรี,ไร่,11,table,s3,823,พืช สับปะรด จังหวัด ชลบุรี ระดับความเหมาะสม s3 มีเนื้อที่ 823 ไร่
พื้นที่ความเหมาะสมพืชรายจังหวัด,-13-pdf (1).pdf,crop_suitability_by_province,สับปะรด,ชัยภูมิ,ไร่,11,table,s3,265,พืช สับปะรด จังหวัด ชัยภูมิ ระดับความเหมาะสม s3 มีเนื้อที่ 265 ไร่
พื้นที่ความเหมาะสมพืชรายจังหวัด,-13-pdf (1).pdf,crop_suitability_by_province,สับปะรด,ชุมพร,ไร่,11,table,s3,363,พืช สับปะรด จังหวัด ชุมพร ระดับความเหมาะสม s3 มีเนื้อที่ 363 ไร่
พื้นที่ความเหมาะสมพืชรายจังหวัด,-13-pdf (1).pdf,crop_suitability_by_province,สับปะรด,ตราด,ไร่,11,table,s3,3416,พืช สับปะรด จังหวัด ตราด ระดับความเหมาะสม s3 มีเนื้อที่ 3416 ไร่
พื้นที่ความเหมาะสมพืชรายจังหวัด,-13-pdf (1).pdf,crop_suitability_by_province,สับปะรด,ประจวบคีรีขันธ์,ไร่,11,table,s3,15739,พืช สับปะรด จังหวัด ประจวบคีรีขันธ์ ระดับความเหมาะสม s3 มีเนื้อที่ 15739 ไร่
พื้นที่ความเหมาะสมพืชรายจังหวัด,-13-pdf (1).pdf,crop_suitability_by_province,สับปะรด,พะเยา,ไร่,11,table,s3,60,พืช สับปะรด จังหวัด พะเยา ระดับความเหมาะสม s3 มีเนื้อที่ 60 ไร่
พื้นที่ความเหมาะสมพืชรายจังหวัด,-13-pdf (1).pdf,crop_suitability_by_province,สับปะรด,พัทลุง,ไร่,11,table,s3,1,พืช สับปะรด จังหวัด พัทลุง ระดับความเหมาะสม s3 มีเนื้อที่ 1 ไร่
พื้นที่ความเหมาะสมพืชรายจังหวัด,-13-pdf (1).pdf,crop_suitability_by_province,สับปะรด,พิษณุโลก,ไร่,11,table,s3,628,พืช สับปะรด จังหวัด พิษณุโลก ระดับความเหมาะสม s3 มีเนื้อที่ 628 ไร่
พื้นที่ความเหมาะสมพืชรายจังหวัด,-13-pdf (1).pdf,crop_suitability_by_province,สับปะรด,ระยอง,ไร่,11,table,s3,307,พืช สับปะรด จังหวัด ระยอง ระดับความเหมาะสม s3 มีเนื้อที่ 307 ไร่
พื้นที่ความเหมาะสมพืชรายจังหวัด,-13-pdf (1).pdf,crop_suitability_by_province,สับปะรด,ราชบุรี,ไร่,11,table,s3,2364,พืช สับปะรด จังหวัด ราชบุรี ระดับความเหมาะสม s3 มีเนื้อที่ 2364 ไร่
พื้นที่ความเหมาะสมพืชรายจังหวัด,-13-pdf (1).pdf,crop_suitability_by_province,สับปะรด,ลำปาง,ไร่,11,table,s3,5510,พืช สับปะรด จังหวัด ลำปาง ระดับความเหมาะสม s3 มีเนื้อที่ 5510 ไร่
พื้นที่ความเหมาะสมพืชรายจังหวัด,-13-pdf (1).pdf,crop_suitability_by_province,สับปะรด,สุพรรณบุรี,ไร่,11,table,s3,152,พืช สับปะรด จังหวัด สุพรรณบุรี ระดับความเหมาะสม s3 มีเนื้อที่ 152 ไร่
พื้นที่ความเหมาะสมพืชรายจังหวัด,-13-pdf (1).pdf,crop_suitability_by_province,สับปะรด,หนองคาย,ไร่,11,table,s3,42,พืช สับปะรด จังหวัด หนองคาย ระดับความเหมาะสม s3 มีเนื้อที่ 42 ไร่
พื้นที่ความเหมาะสมพืชรายจังหวัด,-13-pdf (1).pdf,crop_suitability_by_province,สับปะรด,อุตรดิตถ์,ไร่,11,table,s3,696,พืช สับปะรด จังหวัด อุตรดิตถ์ ระดับความเหมาะสม s3 มีเนื้อที่ 696 ไร่
พื้นที่ความเหมาะสมพืชรายจังหวัด,-13-pdf (1).pdf,crop_suitability_by_province,สับปะรด,อุทัยธานี,ไร่,11,table,s3,2783,พืช สับปะรด จังหวัด อุทัยธานี ระดับความเหมาะสม s3 มีเนื้อที่ 2783 ไร่
พื้นที่ความเหมาะสมพืชรายจังหวัด,-13-pdf (1).pdf,crop_suitability_by_province,สับปะรด,เชียงราย,ไร่,11,table,s3,8849,พืช สับปะรด จังหวัด เชียงราย ระดับความเหมาะสม s3 มีเนื้อที่ 8849 ไร่
พื้นที่ความเหมาะสมพืชรายจังหวัด,-13-pdf (1).pdf,crop_suitability_by_province,สับปะรด,เพชรบุรี,ไร่,11,table,s3,2656,พืช สับปะรด จังหวัด เพชรบุรี ระดับความเหมาะสม s3 มีเนื้อที่ 2656 ไร่
พื้นที่ความเหมาะสมพืชรายจังหวัด,-13-pdf (1).pdf,crop_suitability_by_province,สับปะรด,เลย,ไร่,11,table,s3,321,พืช สับปะรด จังหวัด เลย ระดับความเหมาะสม s3 มีเนื้อที่ 321 ไร่
พื้นที่ความเหมาะสมพืชรายจังหวัด,-13-pdf (1).pdf,crop_suitability_by_province,อ้อยโรงงาน,กาญจนบุรี,ไร่,7,table,s3,618408,พืช อ้อยโรงงาน จังหวัด กาญจนบุรี ระดับความเหมาะสม s3 มีเนื้อที่ 618408 ไร่
พื้นที่ความเหมาะสมพืชรายจังหวัด,-13-pdf (1).pdf,crop_suitability_by_province,อ้อยโรงงาน,กาฬสินธุ์,ไร่,7,table,s3,14129,พืช อ้อยโรงงาน จังหวัด กาฬสินธุ์ ระดับความเหมาะสม s3 มีเนื้อที่ 14129 ไร่
พื้นที่ความเหมาะสมพืชรายจังหวัด,-13-pdf (1).pdf,crop_suitability_by_province,อ้อยโรงงาน,กำแพงเพชร,ไร่,7,table,s3,182611,พืช อ้อยโรงงาน จังหวัด กำแพงเพชร ระดับความเหมาะสม s3 มีเนื้อที่ 182611 ไร่
พื้นที่ความเหมาะสมพืชรายจังหวัด,-13-pdf (1).pdf,crop_suitability_by_province,อ้อยโรงงาน,ขอนแก่น,ไร่,7,table,s3,192135,พืช อ้อยโรงงาน จังหวัด ขอนแก่น ระดับความเหมาะสม s3 มีเนื้อที่ 192135 ไร่
พื้นที่ความเหมาะสมพืชรายจังหวัด,-13-pdf (1).pdf,crop_suitability_by_province,อ้อยโรงงาน,จันทบุรี,ไร่,7,table,s3,946,พืช อ้อยโรงงาน จังหวัด จันทบุรี ระดับความเหมาะสม s3 มีเนื้อที่ 946 ไร่
พื้นที่ความเหมาะสมพืชรายจังหวัด,-13-pdf (1).pdf,crop_suitability_by_province,อ้อยโรงงาน,ฉะเชิงเทรา,ไร่,7,table,s3,11490,พืช อ้อยโรงงาน จังหวัด ฉะเชิงเทรา ระดับความเหมาะสม s3 มีเนื้อที่ 11490 ไร่
พื้นที่ความเหมาะสมพืชรายจังหวัด,-13-pdf (1).pdf,crop_suitability_by_province,อ้อยโรงงาน,ชลบุรี,ไร่,7,table,s3,44390,พืช อ้อยโรงงาน จังหวัด ชลบุรี ระดับความเหมาะสม s3 มีเนื้อที่ 44390 ไร่
พื้นที่ความเหมาะสมพืชรายจังหวัด,-13-pdf (1).pdf,crop_suitability_by_province,อ้อยโรงงาน,ชัยนาท,ไร่,7,table,s3,170188,พืช อ้อยโรงงาน จังหวัด ชัยนาท ระดับความเหมาะสม s3 มีเนื้อที่ 170188 ไร่
พื้นที่ความเหมาะสมพืชรายจังหวัด,-13-pdf (1).pdf,crop_suitability_by_province,อ้อยโรงงาน,ชัยภูมิ,ไร่,7,table,s3,162555,พืช อ้อยโรงงาน จังหวัด ชัยภูมิ ระดับความเหมาะสม s3 มีเนื้อที่ 162555 ไร่
พื้นที่ความเหมาะสมพืชรายจังหวัด,-13-pdf (1).pdf,crop_suitability_by_province,อ้อยโรงงาน,ตาก,ไร่,7,table,s3,10498,พืช อ้อยโรงงาน จังหวัด ตาก ระดับความเหมาะสม s3 มีเนื้อที่ 10498 ไร่
พื้นที่ความเหมาะสมพืชรายจังหวัด,-13-pdf (1).pdf,crop_suitability_by_province,อ้อยโรงงาน,นครนายก,ไร่,7,table,s3,21,พืช อ้อยโรงงาน จังหวัด นครนายก ระดับความเหมาะสม s3 มีเนื้อที่ 21 ไร่
พื้นที่ความเหมาะสมพืชรายจังหวัด,-13-pdf (1).pdf,crop_suitability_by_province,อ้อยโรงงาน,นครปฐม,ไร่,7,table,s3,3215,พืช อ้อยโรงงาน จังหวัด นครปฐม ระดับความเหมาะสม s3 มีเนื้อที่ 3215 ไร่
พื้นที่ความเหมาะสมพืชรายจังหวัด,-13-pdf (1).pdf,crop_suitability_by_province,อ้อยโรงงาน,นครพนม,ไร่,8,table,s3,3067,พืช อ้อยโรงงาน จังหวัด นครพนม ระดับความเหมาะสม s3 มีเนื้อที่ 3067 ไร่
พื้นที่ความเหมาะสมพืชรายจังหวัด,-13-pdf (1).pdf,crop_suitability_by_province,อ้อยโรงงาน,นครราชสีมา,ไร่,7,table,s3,177972,พืช อ้อยโรงงาน จังหวัด นครราชสีมา ระดับความเหมาะสม s3 มีเนื้อที่ 177972 ไร่
พื้นที่ความเหมาะสมพืชรายจังหวัด,-13-pdf (1).pdf,crop_suitability_by_province,อ้อยโรงงาน,นครศรีธรรมราช,ไร่,8,table,s3,166,พืช อ้อยโรงงาน จังหวัด นครศรีธรรมราช ระดับความเหมาะสม s3 มีเนื้อที่ 166 ไร่
พื้นที่ความเหมาะสมพืชรายจังหวัด,-13-pdf (1).pdf,crop_suitability_by_province,อ้อยโรงงาน,นครสวรรค์,ไร่,7,table,s3,262782,พืช อ้อยโรงงาน จังหวัด นครสวรรค์ ระดับความเหมาะสม s3 มีเนื้อที่ 262782 ไร่
พื้นที่ความเหมาะสมพืชรายจังหวัด,-13-pdf (1).pdf,crop_suitability_by_province,อ้อยโรงงาน,บึงกาฬ,ไร่,8,table,s3,674,พืช อ้อยโรงงาน จังหวัด บึงกาฬ ระดับความเหมาะสม s3 มีเนื้อที่ 674 ไร่
พื้นที่ความเหมาะสมพืชรายจังหวัด,-13-pdf (1).pdf,crop_suitability_by_province,อ้อยโรงงาน,บุรีรัมย์,ไร่,7,table,s3,38390,พืช อ้อยโรงงาน จังหวัด บุรีรัมย์ ระดับความเหมาะสม s3 มีเนื้อที่ 38390 ไร่
พื้นที่ความเหมาะสมพืชรายจังหวัด,-13-pdf (1).pdf,crop_suitability_by_province,อ้อยโรงงาน,ปทุมธานี,ไร่,7,table,s3,90,พืช อ้อยโรงงาน จังหวัด ปทุมธานี ระดับความเหมาะสม s3 มีเนื้อที่ 90 ไร่
พื้นที่ความเหมาะสมพืชรายจังหวัด,-13-pdf (1).pdf,crop_suitability_by_province,อ้อยโรงงาน,ประจวบคีรีขันธ์,ไร่,7,table,s3,30717,พืช อ้อยโรงงาน จังหวัด ประจวบคีรีขันธ์ ระดับความเหมาะสม s3 มีเนื้อที่ 30717 ไร่
พื้นที่ความเหมาะสมพืชรายจังหวัด,-13-pdf (1).pdf,crop_suitability_by_province,อ้อยโรงงาน,ปราจีนบุรี,ไร่,7,table,s3,58321,พืช อ้อยโรงงาน จังหวัด ปราจีนบุรี ระดับความเหมาะสม s3 มีเนื้อที่ 58321 ไร่
พื้นที่ความเหมาะสมพืชรายจังหวัด,-13-pdf (1).pdf,crop_suitability_by_province,อ้อยโรงงาน,พระนครศรีอยุธยา,ไร่,7,table,s3,127,พืช อ้อยโรงงาน จังหวัด พระนครศรีอยุธยา ระดับความเหมาะสม s3 มีเนื้อที่ 127 ไร่
พื้นที่ความเหมาะสมพืชรายจังหวัด,-13-pdf (1).pdf,crop_suitability_by_province,อ้อยโรงงาน,พะเยา,ไร่,7,table,s3,194,พืช อ้อยโรงงาน จังหวัด พะเยา ระดับความเหมาะสม s3 มีเนื้อที่ 194 ไร่
พื้นที่ความเหมาะสมพืชรายจังหวัด,-13-pdf (1).pdf,crop_suitability_by_province,อ้อยโรงงาน,พังงา,ไร่,8,table,s3,31,พืช อ้อยโรงงาน จังหวัด พังงา ระดับความเหมาะสม s3 มีเนื้อที่ 31 ไร่
พื้นที่ความเหมาะสมพืชรายจังหวัด,-13-pdf (1).pdf,crop_suitability_by_province,อ้อยโรงงาน,พัทลุง,ไร่,8,table,s3,3,พืช อ้อยโรงงาน จังหวัด พัทลุง ระดับความเหมาะสม s3 มีเนื้อที่ 3 ไร่
พื้นที่ความเหมาะสมพืชรายจังหวัด,-13-pdf (1).pdf,crop_suitability_by_province,อ้อยโรงงาน,พิจิตร,ไร่,7,table,s3,41829,พืช อ้อยโรงงาน จังหวัด พิจิตร ระดับความเหมาะสม s3 มีเนื้อที่ 41829 ไร่
พื้นที่ความเหมาะสมพืชรายจังหวัด,-13-pdf (1).pdf,crop_suitability_by_province,อ้อยโรงงาน,พิษณุโลก,ไร่,7,table,s3,94696,พืช อ้อยโรงงาน จังหวัด พิษณุโลก ระดับความเหมาะสม s3 มีเนื้อที่ 94696 ไร่
พื้นที่ความเหมาะสมพืชรายจังหวัด,-13-pdf (1).pdf,crop_suitability_by_province,อ้อยโรงงาน,ภูเก็ต,ไร่,8,table,s3,28,พืช อ้อยโรงงาน จังหวัด ภูเก็ต ระดับความเหมาะสม s3 มีเนื้อที่ 28 ไร่
พื้นที่ความเหมาะสมพืชรายจังหวัด,-13-pdf (1).pdf,crop_suitability_by_province,อ้อยโรงงาน,มหาสารคาม,ไร่,8,table,s3,49784,พืช อ้อยโรงงาน จังหวัด มหาสารคาม ระดับความเหมาะสม s3 มีเนื้อที่ 49784 ไร่
พื้นที่ความเหมาะสมพืชรายจังหวัด,-13-pdf (1).pdf,crop_suitability_by_province,อ้อยโรงงาน,มุกดาหาร,ไร่,7,table,s3,6115,พืช อ้อยโรงงาน จังหวัด มุกดาหาร ระดับความเหมาะสม s3 มีเนื้อที่ 6115 ไร่
พื้นที่ความเหมาะสมพืชรายจังหวัด,-13-pdf (1).pdf,crop_suitability_by_province,อ้อยโรงงาน,ยโสธร,ไร่,8,table,s3,2274,พืช อ้อยโรงงาน จังหวัด ยโสธร ระดับความเหมาะสม s3 มีเนื้อที่ 2274 ไร่
พื้นที่ความเหมาะสมพืชรายจังหวัด,-13-pdf (1).pdf,crop_suitability_by_province,อ้อยโรงงาน,ระยอง,ไร่,7,table,s3,266,พืช อ้อยโรงงาน จังหวัด ระยอง ระดับความเหมาะสม s3 มีเนื้อที่ 266 ไร่
พื้นที่ความเหมาะสมพืชรายจังหวัด,-13-pdf (1).pdf,crop_suitability_by_province,อ้อยโรงงาน,ราชบุรี,ไร่,7,table,s3,239119,พืช อ้อยโรงงาน จังหวัด ราชบุรี ระดับความเหมาะสม s3 มีเนื้อที่ 239119 ไร่
พื้นที่ความเหมาะสมพืชรายจังหวัด,-13-pdf (1).pdf,crop_suitability_by_province,อ้อยโรงงาน,ร้อยเอ็ด,ไร่,7,table,s3,7962,พืช อ้อยโรงงาน จังหวัด ร้อยเอ็ด ระดับความเหมาะสม s3 มีเนื้อที่ 7962 ไร่
พื้นที่ความเหมาะสมพืชรายจังหวัด,-13-pdf (1).pdf,crop_suitability_by_province,อ้อยโรงงาน,ลพบุรี,ไร่,7,table,s3,352426,พืช อ้อยโรงงาน จังหวัด ลพบุรี ระดับความเหมาะสม s3 มีเนื้อที่ 352426 ไร่
พื้นที่ความเหมาะสมพืชรายจังหวัด,-13-pdf (1).pdf,crop_suitability_by_province,อ้อยโรงงาน,ลำปาง,ไร่,7,table,s3,13447,พืช อ้อยโรงงาน จังหวัด ลำปาง ระดับความเหมาะสม s3 มีเนื้อที่ 13447 ไร่
พื้นที่ความเหมาะสมพืชรายจังหวัด,-13-pdf (1).pdf,crop_suitability_by_province,อ้อยโรงงาน,ศรีสะเกษ,ไร่,8,table,s3,1527,พืช อ้อยโรงงาน จังหวัด ศรีสะเกษ ระดับความเหมาะสม s3 มีเนื้อที่ 1527 ไร่
พื้นที่ความเหมาะสมพืชรายจังหวัด,-13-pdf (1).pdf,crop_suitability_by_province,อ้อยโรงงาน,สกลนคร,ไร่,8,table,s3,33564,พืช อ้อยโรงงาน จังหวัด สกลนคร ระดับความเหมาะสม s3 มีเนื้อที่ 33564 ไร่
พื้นที่ความเหมาะสมพืชรายจังหวัด,-13-pdf (1).pdf,crop_suitability_by_province,อ้อยโรงงาน,สงขลา,ไร่,8,table,s3,2,พืช อ้อยโรงงาน จังหวัด สงขลา ระดับความเหมาะสม s3 มีเนื้อที่ 2 ไร่
พื้นที่ความเหมาะสมพืชรายจังหวัด,-13-pdf (1).pdf,crop_suitability_by_province,อ้อยโรงงาน,สตูล,ไร่,8,table,s3,27,พืช อ้อยโรงงาน จังหวัด สตูล ระดับความเหมาะสม s3 มีเนื้อที่ 27 ไร่
พื้นที่ความเหมาะสมพืชรายจังหวัด,-13-pdf (1).pdf,crop_suitability_by_province,อ้อยโรงงาน,สระบุรี,ไร่,7,table,s3,43526,พืช อ้อยโรงงาน จังหวัด สระบุรี ระดับความเหมาะสม s3 มีเนื้อที่ 43526 ไร่
พื้นที่ความเหมาะสมพืชรายจังหวัด,-13-pdf (1).pdf,crop_suitability_by_province,อ้อยโรงงาน,สระแก้ว,ไร่,7,table,s3,201505,พืช อ้อยโรงงาน จังหวัด สระแก้ว ระดับความเหมาะสม s3 มีเนื้อที่ 201505 ไร่
พื้นที่ความเหมาะสมพืชรายจังหวัด,-13-pdf (1).pdf,crop_suitability_by_province,อ้อยโรงงาน,สิงห์บุรี,ไร่,7,table,s3,28368,พืช อ้อยโรงงาน จังหวัด สิงห์บุรี ระดับความเหมาะสม s3 มีเนื้อที่ 28368 ไร่
พื้นที่ความเหมาะสมพืชรายจังหวัด,-13-pdf (1).pdf,crop_suitability_by_province,อ้อยโรงงาน,สุพรรณบุรี,ไร่,7,table,s3,441617,พืช อ้อยโรงงาน จังหวัด สุพรรณบุรี ระดับความเหมาะสม s3 มีเนื้อที่ 441617 ไร่
พื้นที่ความเหมาะสมพืชรายจังหวัด,-13-pdf (1).pdf,crop_suitability_by_province,อ้อยโรงงาน,สุรินทร์,ไร่,8,table,s3,36515,พืช อ้อยโรงงาน จังหวัด สุรินทร์ ระดับความเหมาะสม s3 มีเนื้อที่ 36515 ไร่
พื้นที่ความเหมาะสมพืชรายจังหวัด,-13-pdf (1).pdf,crop_suitability_by_province,อ้อยโรงงาน,สุโขทัย,ไร่,7,table,s3,77914,พืช อ้อยโรงงาน จังหวัด สุโขทัย ระดับความเหมาะสม s3 มีเนื้อที่ 77914 ไร่
พื้นที่ความเหมาะสมพืชรายจังหวัด,-13-pdf (1).pdf,crop_suitability_by_province,อ้อยโรงงาน,หนองคาย,ไร่,8,table,s3,15091,พืช อ้อยโรงงาน จังหวัด หนองคาย ระดับความเหมาะสม s3 มีเนื้อที่ 15091 ไร่
พื้นที่ความเหมาะสมพืชรายจังหวัด,-13-pdf (1).pdf,crop_suitability_by_province,อ้อยโรงงาน,หนองบัวลำภู,ไร่,7,table,s3,121312,พืช อ้อยโรงงาน จังหวัด หนองบัวลำภู ระดับความเหมาะสม s3 มีเนื้อที่ 121312 ไร่
พื้นที่ความเหมาะสมพืชรายจังหวัด,-13-pdf (1).pdf,crop_suitability_by_province,อ้อยโรงงาน,อำนาจเจริญ,ไร่,8,table,s3,4656,พืช อ้อยโรงงาน จังหวัด อำนาจเจริญ ระดับความเหมาะสม s3 มีเนื้อที่ 4656 ไร่
พื้นที่ความเหมาะสมพืชรายจังหวัด,-13-pdf (1).pdf,crop_suitability_by_province,อ้อยโรงงาน,อุดรธานี,ไร่,7,table,s3,25891,พืช อ้อยโรงงาน จังหวัด อุดรธานี ระดับความเหมาะสม s3 มีเนื้อที่ 25891 ไร่
พื้นที่ความเหมาะสมพืชรายจังหวัด,-13-pdf (1).pdf,crop_suitability_by_province,อ้อยโรงงาน,อุตรดิตถ์,ไร่,7,table,s3,63777,พืช อ้อยโรงงาน จังหวัด อุตรดิตถ์ ระดับความเหมาะสม s3 มีเนื้อที่ 63777 ไร่
พื้นที่ความเหมาะสมพืชรายจังหวัด,-13-pdf (1).pdf,crop_suitability_by_province,อ้อยโรงงาน,อุทัยธานี,ไร่,7,table,s3,172724,พืช อ้อยโรงงาน จังหวัด อุทัยธานี ระดับความเหมาะสม s3 มีเนื้อที่ 172724 ไร่
พื้นที่ความเหมาะสมพืชรายจังหวัด,-13-pdf (1).pdf,crop_suitability_by_province,อ้อยโรงงาน,อุบลราชธานี,ไร่,8,table,s3,1206,พืช อ้อยโรงงาน จังหวัด อุบลราชธานี ระดับความเหมาะสม s3 มีเนื้อที่ 1206 ไร่
พื้นที่ความเหมาะสมพืชรายจังหวัด,-13-pdf (1).pdf,crop_suitability_by_province,อ้อยโรงงาน,อ่างทอง,ไร่,7,table,s3,13755,พืช อ้อยโรงงาน จังหวัด อ่างทอง ระดับความเหมาะสม s3 มีเนื้อที่ 13755 ไร่
พื้นที่ความเหมาะสมพืชรายจังหวัด,-13-pdf (1).pdf,crop_suitability_by_province,อ้อยโรงงาน,เชียงราย,ไร่,7,table,s3,59,พืช อ้อยโรงงาน จังหวัด เชียงราย ระดับความเหมาะสม s3 มีเนื้อที่ 59 ไร่
พื้นที่ความเหมาะสมพืชรายจังหวัด,-13-pdf (1).pdf,crop_suitability_by_province,อ้อยโรงงาน,เชียงใหม่,ไร่,7,table,s3,41,พืช อ้อยโรงงาน จังหวัด เชียงใหม่ ระดับความเหมาะสม s3 มีเนื้อที่ 41 ไร่
พื้นที่ความเหมาะสมพืชรายจังหวัด,-13-pdf (1).pdf,crop_suitability_by_province,อ้อยโรงงาน,เพชรบุรี,ไร่,7,table,s3,61118,พืช อ้อยโรงงาน จังหวัด เพชรบุรี ระดับความเหมาะสม s3 มีเนื้อที่ 61118 ไร่
พื้นที่ความเหมาะสมพืชรายจังหวัด,-13-pdf (1).pdf,crop_suitability_by_province,อ้อยโรงงาน,เพชรบูรณ์,ไร่,7,table,s3,201296,พืช อ้อยโรงงาน จังหวัด เพชรบูรณ์ ระดับความเหมาะสม s3 มีเนื้อที่ 201296 ไร่
พื้นที่ความเหมาะสมพืชรายจังหวัด,-13-pdf (1).pdf,crop_suitability_by_province,อ้อยโรงงาน,เลย,ไร่,7,table,s3,97187,พืช อ้อยโรงงาน จังหวัด เลย ระดับความเหมาะสม s3 มีเนื้อที่ 97187 ไร่
พื้นที่ความเหมาะสมพืชรายจังหวัด,-13-pdf (1).pdf,crop_suitability_by_province,อ้อยโรงงาน,แพร่,ไร่,7,table,s3,761,พืช อ้อยโรงงาน จังหวัด แพร่ ระดับความเหมาะสม s3 มีเนื้อที่ 761 ไร่
พื้นที่ความเหมาะสมพืชรายจังหวัด,-13-pdf (1).pdf,crop_suitability_by_province,อ้อยโรงงาน,แม่ฮ่องสอน,ไร่,7,table,s3,4,พืช อ้อยโรงงาน จังหวัด แม่ฮ่องสอน ระดับความเหมาะสม s3 มีเนื้อที่ 4 ไร่
พื้นที่ความเหมาะสมพืชรายจังหวัด,-13-pdf (1).pdf,crop_suitability_by_province,เงาะ,กาญจนบุรี,ไร่,14,table,s3,672,พืช เงาะ จังหวัด กาญจนบุรี ระดับความเหมาะสม s3 มีเนื้อที่ 672 ไร่
พื้นที่ความเหมาะสมพืชรายจังหวัด,-13-pdf (1).pdf,crop_suitability_by_province,เงาะ,จันทบุรี,ไร่,14,table,s3,25708,พืช เงาะ จังหวัด จันทบุรี ระดับความเหมาะสม s3 มีเนื้อที่ 25708 ไร่
พื้นที่ความเหมาะสมพืชรายจังหวัด,-13-pdf (1).pdf,crop_suitability_by_province,เงาะ,ชลบุรี,ไร่,14,table,s3,55,พืช เงาะ จังหวัด ชลบุรี ระดับความเหมาะสม s3 มีเนื้อที่ 55 ไร่
พื้นที่ความเหมาะสมพืชรายจังหวัด,-13-pdf (1).pdf,crop_suitability_by_province,เงาะ,ชัยภูมิ,ไร่,14,table,s3,11,พืช เงาะ จังหวัด ชัยภูมิ ระดับความเหมาะสม s3 มีเนื้อที่ 11 ไร่
พื้นที่ความเหมาะสมพืชรายจังหวัด,-13-pdf (1).pdf,crop_suitability_by_province,เงาะ,ชุมพร,ไร่,14,table,s3,842,พืช เงาะ จังหวัด ชุมพร ระดับความเหมาะสม s3 มีเนื้อที่ 842 ไร่
พื้นที่ความเหมาะสมพืชรายจังหวัด,-13-pdf (1).pdf,crop_suitability_by_province,เงาะ,ตรัง,ไร่,14,table,s3,50,พืช เงาะ จังหวัด ตรัง ระดับความเหมาะสม s3 มีเนื้อที่ 50 ไร่
พื้นที่ความเหมาะสมพืชรายจังหวัด,-13-pdf (1).pdf,crop_suitability_by_province,เงาะ,ตราด,ไร่,14,table,s3,91994,พืช เงาะ จังหวัด ตราด ระดับความเหมาะสม s3 มีเนื้อที่ 91994 ไร่
พื้นที่ความเหมาะสมพืชรายจังหวัด,-13-pdf (1).pdf,crop_suitability_by_province,เงาะ,นครศรีธรรมราช,ไร่,14,table,s3,325,พืช เงาะ จังหวัด นครศรีธรรมราช ระดับความเหมาะสม s3 มีเนื้อที่ 325 ไร่
พื้นที่ความเหมาะสมพืชรายจังหวัด,-13-pdf (1).pdf,crop_suitability_by_province,เงาะ,นราธิวาส,ไร่,14,table,s3,55,พืช เงาะ จังหวัด นราธิวาส ระดับความเหมาะสม s3 มีเนื้อที่ 55 ไร่
พื้นที่ความเหมาะสมพืชรายจังหวัด,-13-pdf (1).pdf,crop_suitability_by_province,เงาะ,น่าน,ไร่,14,table,s3,170,พืช เงาะ จังหวัด น่าน ระดับความเหมาะสม s3 มีเนื้อที่ 170 ไร่
พื้นที่ความเหมาะสมพืชรายจังหวัด,-13-pdf (1).pdf,crop_suitability_by_province,เงาะ,พังงา,ไร่,14,table,s3,12704,พืช เงาะ จังหวัด พังงา ระดับความเหมาะสม s3 มีเนื้อที่ 12704 ไร่
พื้นที่ความเหมาะสมพืชรายจังหวัด,-13-pdf (1).pdf,crop_suitability_by_province,เงาะ,ระนอง,ไร่,15,table,s3,5478,พืช เงาะ จังหวัด ระนอง ระดับความเหมาะสม s3 มีเนื้อที่ 5478 ไร่
พื้นที่ความเหมาะสมพืชรายจังหวัด,-13-pdf (1).pdf,crop_suitability_by_province,เงาะ,ระยอง,ไร่,14,table,s3,26,พืช เงาะ จังหวัด ระยอง ระดับความเหมาะสม s3 มีเนื้อที่ 26 ไร่
พื้นที่ความเหมาะสมพืชรายจังหวัด,-13-pdf (1).pdf,crop_suitability_by_province,เงาะ,สงขลา,ไร่,15,table,s3,252,พืช เงาะ จังหวัด สงขลา ระดับความเหมาะสม s3 มีเนื้อที่ 252 ไร่
พื้นที่ความเหมาะสมพืชรายจังหวัด,-13-pdf (1).pdf,crop_suitability_by_province,เงาะ,สตูล,ไร่,15,table,s3,1,พืช เงาะ จังหวัด สตูล ระดับความเหมาะสม s3 มีเนื้อที่ 1 ไร่
พื้นที่ความเหมาะสมพืชรายจังหวัด,-13-pdf (1).pdf,crop_suitability_by_province,เงาะ,สุราษฎร์ธานี,ไร่,15,table,s3,624,พืช เงาะ จังหวัด สุราษฎร์ธานี ระดับความเหมาะสม s3 มีเนื้อที่ 624 ไร่
พื้นที่ความเหมาะสมพืชรายจังหวัด,-13-pdf (1).pdf,crop_suitability_by_province,เงาะ,อุบลราชธานี,ไร่,14,table,s3,33,พืช เงาะ จังหวัด อุบลราชธานี ระดับความเหมาะสม s3 มีเนื้อที่ 33 ไร่
พื้นที่ความเหมาะสมพืชรายจังหวัด,-13-pdf (1).pdf,crop_suitability_by_province,เงาะ,เชียงราย,ไร่,14,table,s3,381,พืช เงาะ จังหวัด เชียงราย ระดับความเหมาะสม s3 มีเนื้อที่ 381 ไร่
พื้นที่ความเหมาะสมพืชรายจังหวัด,-13-pdf (1).pdf,crop_suitability_by_province,กาแฟ(โรบัสต้า),ชุมพร,ไร่,20,table,n,36,พืช กาแฟ(โรบัสต้า) จังหวัด ชุมพร ระดับความเหมาะสม n มีเนื้อที่ 36 ไร่
พื้นที่ความเหมาะสมพืชรายจังหวัด,-13-pdf (1).pdf,crop_suitability_by_province,กาแฟ(โรบัสต้า),สุโขทัย,ไร่,20,table,n,1,พืช กาแฟ(โรบัสต้า) จังหวัด สุโขทัย ระดับความเหมาะสม n มีเนื้อที่ 1 ไร่
พื้นที่ความเหมาะสมพืชรายจังหวัด,-13-pdf (1).pdf,crop_suitability_by_province,กาแฟ(โรบัสต้า),เชียงราย,ไร่,20,table,n,4,พืช กาแฟ(โรบัสต้า) จังหวัด เชียงราย ระดับความเหมาะสม n มีเนื้อที่ 4 ไร่
พื้นที่ความเหมาะสมพืชรายจังหวัด,-13-pdf (1).pdf,crop_suitability_by_province,กาแฟ(โรบัสต้า),เชียงใหม่,ไร่,20,table,n,30,พืช กาแฟ(โรบัสต้า) จังหวัด เชียงใหม่ ระดับความเหมาะสม n มีเนื้อที่ 30 ไร่
พื้นที่ความเหมาะสมพืชรายจังหวัด,-13-pdf (1).pdf,crop_suitability_by_province,กาแฟ(โรบัสต้า),เลย,ไร่,20,table,n,10,พืช กาแฟ(โรบัสต้า) จังหวัด เลย ระดับความเหมาะสม n มีเนื้อที่ 10 ไร่
พื้นที่ความเหมาะสมพืชรายจังหวัด,-13-pdf (1).pdf,crop_suitability_by_province,ข้าว,กระบี่,ไร่,2,table,n,1146,พืช ข้าว จังหวัด กระบี่ ระดับความเหมาะสม n มีเนื้อที่ 1146 ไร่
พื้นที่ความเหมาะสมพืชรายจังหวัด,-13-pdf (1).pdf,crop_suitability_by_province,ข้าว,กาญจนบุรี,ไร่,1,table,n,13178,พืช ข้าว จังหวัด กาญจนบุรี ระดับความเหมาะสม n มีเนื้อที่ 13178 ไร่
พื้นที่ความเหมาะสมพืชรายจังหวัด,-13-pdf (1).pdf,crop_suitability_by_province,ข้าว,กาญจนบุรี,ไร่,9,table,n,6600,พืช ข้าว จังหวัด กาญจนบุรี ระดับความเหมาะสม n มีเนื้อที่ 6600 ไร่
พื้นที่ความเหมาะสมพืชรายจังหวัด,-13-pdf (1).pdf,crop_suitability_by_province,ข้าว,กาฬสินธุ์,ไร่,1,table,n,208751,พืช ข้าว จังหวัด กาฬสินธุ์ ระดับความเหมาะสม n มีเนื้อที่ 208751 ไร่
พื้นที่ความเหมาะสมพืชรายจังหวัด,-13-pdf (1).pdf,crop_suitability_by_province,ข้าว,กาฬสินธุ์,ไร่,9,table,n,102,พืช ข้าว จังหวัด กาฬสินธุ์ ระดับความเหมาะสม n มีเนื้อที่ 102 ไร่
พื้นที่ความเหมาะสมพืชรายจังหวัด,-13-pdf (1).pdf,crop_suitability_by_province,ข้าว,กำแพงเพชร,ไร่,1,table,n,22677,พืช ข้าว จังหวัด กำแพงเพชร ระดับความเหมาะสม n มีเนื้อที่ 22677 ไร่
พื้นที่ความเหมาะสมพืชรายจังหวัด,-13-pdf (1).pdf,crop_suitability_by_province,ข้าว,กำแพงเพชร,ไร่,9,table,n,4129,พืช ข้าว จังหวัด กำแพงเพชร ระดับความเหมาะสม n มีเนื้อที่ 4129 ไร่
พื้นที่ความเหมาะสมพืชรายจังหวัด,-13-pdf (1).pdf,crop_suitability_by_province,ข้าว,ขอนแก่น,ไร่,1,table,n,318280,พืช ข้าว จังหวัด ขอนแก่น ระดับความเหมาะสม n มีเนื้อที่ 318280 ไร่
พื้นที่ความเหมาะสมพืชรายจังหวัด,-13-pdf (1).pdf,crop_suitability_by_province,ข้าว,ขอนแก่น,ไร่,9,table,n,531,พืช ข้าว จังหวัด ขอนแก่น ระดับความเหมาะสม n มีเนื้อที่ 531 ไร่
พื้นที่ความเหมาะสมพืชรายจังหวัด,-13-pdf (1).pdf,crop_suitability_by_province,ข้าว,จันทบุรี,ไร่,2,table,n,4405,พืช ข้าว จังหวัด จันทบุรี ระดับความเหมาะสม n มีเนื้อที่ 4405 ไร่
พื้นที่ความเหมาะสมพืชรายจังหวัด,-13-pdf (1).pdf,crop_suitability_by_province,ข้าว,จันทบุรี,ไร่,10,table,n,489,พืช ข้าว จังหวัด จันทบุรี ระดับความเหมาะสม n มีเนื้อที่ 489 ไร่
พื้นที่ความเหมาะสมพืชรายจังหวัด,-13-pdf (1).pdf,crop_suitability_by_province,ข้าว,ฉะเชิงเทรา,ไร่,2,table,n,31495,พืช ข้าว จังหวัด ฉะเชิงเทรา ระดับความเหมาะสม n มีเนื้อที่ 31495 ไร่
พื้นที่ความเหมาะสมพืชรายจังหวัด,-13-pdf (1).pdf,crop_suitability_by_province,ข้าว,ฉะเชิงเทรา,ไร่,10,table,n,352,พืช ข้าว จังหวัด ฉะเชิงเทรา ระดับความเหมาะสม n มีเนื้อที่ 352 ไร่
พื้นที่ความเหมาะสมพืชรายจังหวัด,-13-pdf (1).pdf,crop_suitability_by_province,ข้าว,ชลบุรี,ไร่,2,table,n,7309,พืช ข้าว จังหวัด ชลบุรี ระดับความเหมาะสม n มีเนื้อที่ 7309 ไร่
พื้นที่ความเหมาะสมพืชรายจังหวัด,-13-pdf (1).pdf,crop_suitability_by_province,ข้าว,ชลบุรี,ไร่,10,table,n,172,พืช ข้าว จังหวัด ชลบุรี ระดับความเหมาะสม n มีเนื้อที่ 172 ไร่
พื้นที่ความเหมาะสมพืชรายจังหวัด,-13-pdf (1).pdf,crop_suitability_by_province,ข้าว,ชัยนาท,ไร่,1,table,n,5573,พืช ข้าว จังหวัด ชัยนาท ระดับความเหมาะสม n มีเนื้อที่ 5573 ไร่
พื้นที่ความเหมาะสมพืชรายจังหวัด,-13-pdf (1).pdf,crop_suitability_by_province,ข้าว,ชัยนาท,ไร่,9,table,n,221,พืช ข้าว จังหวัด ชัยนาท ระดับความเหมาะสม n มีเนื้อที่ 221 ไร่
พื้นที่ความเหมาะสมพืชรายจังหวัด,-13-pdf (1).pdf,crop_suitability_by_province,ข้าว,ชัยภูมิ,ไร่,1,table,n,72409,พืช ข้าว จังหวัด ชัยภูมิ ระดับความเหมาะสม n มีเนื้อที่ 72409 ไร่
พื้นที่ความเหมาะสมพืชรายจังหวัด,-13-pdf (1).pdf,crop_suitability_by_province,ข้าว,ชัยภูมิ,ไร่,9,table,n,1968,พืช ข้าว จังหวัด ชัยภูมิ ระดับความเหมาะสม n มีเนื้อที่ 1968 ไร่
พื้นที่ความเหมาะสมพืชรายจังหวัด,-13-pdf (1).pdf,crop_suitability_by_province,ข้าว,ชุมพร,ไร่,2,table,n,127,พืช ข้าว จังหวัด ชุมพร ระดับความเหมาะสม n มีเนื้อที่ 127 ไร่
พื้นที่ความเหมาะสมพืชรายจังหวัด,-13-pdf (1).pdf,crop_suitability_by_province,ข้าว,ตรัง,ไร่,2,table,n,895,พืช ข้าว จังหวัด ตรัง ระดับความเหมาะสม n มีเนื้อที่ 895 ไร่
พื้นที่ความเหมาะสมพืชรายจังหวัด,-13-pdf (1).pdf,crop_suitability_by_province,ข้าว,ตราด,ไร่,2,table,n,1193,พืช ข้าว จังหวัด ตราด ระดับความเหมาะสม n มีเนื้อที่ 1193 ไร่
พื้นที่ความเหมาะสมพืชรายจังหวัด,-13-pdf (1).pdf,crop_suitability_by_province,ข้าว,ตราด,ไร่,10,table,n,8,พืช ข้าว จังหวัด ตราด ระดับความเหมาะสม n มีเนื้อที่ 8 ไร่
พื้นที่ความเหมาะสมพืชรายจังหวัด,-13-pdf (1).pdf,crop_suitability_by_province,ข้าว,ตาก,ไร่,1,table,n,23402,พืช ข้าว จังหวัด ตาก ระดับความเหมาะสม n มีเนื้อที่ 23402 ไร่
พื้นที่ความเหมาะสมพืชรายจังหวัด,-13-pdf (1).pdf,crop_suitability_by_province,ข้าว,ตาก,ไร่,9,table,n,55191,พืช ข้าว จังหวัด ตาก ระดับความเหมาะสม n มีเนื้อที่ 55191 ไร่
พื้นที่ความเหมาะสมพืชรายจังหวัด,-13-pdf (1).pdf,crop_suitability_by_province,ข้าว,นครนายก,ไร่,1,table,n,1314,พืช ข้าว จังหวัด นครนายก ระดับความเหมาะสม n มีเนื้อที่ 1314 ไร่
พื้นที่ความเหมาะสมพืชรายจังหวัด,-13-pdf (1).pdf,crop_suitability_by_province,ข้าว,นครนายก,ไร่,9,table,n,5,พืช ข้าว จังหวัด นครนายก ระดับความเหมาะสม n มีเนื้อที่ 5 ไร่
พื้นที่ความเหมาะสมพืชรายจังหวัด,-13-pdf (1).pdf,crop_suitability_by_province,ข้าว,นครปฐม,ไร่,9,table,n,133,พืช ข้าว จังหวัด นครปฐม ระดับความเหมาะสม n มีเนื้อที่ 133 ไร่
พื้นที่ความเหมาะสมพืชรายจังหวัด,-13-pdf (1).pdf,crop_suitability_by_province,ข้าว,นครพนม,ไร่,1,table,n,364014,พืช ข้าว จังหวัด นครพนม ระดับความเหมาะสม n มีเนื้อที่ 364014 ไร่
พื้นที่ความเหมาะสมพืชรายจังหวัด,-13-pdf (1).pdf,crop_suitability_by_province,ข้าว,นครพนม,ไร่,9,table,n,6,พืช ข้าว จังหวัด นครพนม ระดับความเหมาะสม n มีเนื้อที่ 6 ไร่
พื้นที่ความเหมาะสมพืชรายจังหวัด,-13-pdf (1).pdf,crop_suitability_by_province,ข้าว,นครราชสีมา,ไร่,1,table,n,154320,พืช ข้าว จังหวัด นครราชสีมา ระดับความเหมาะสม n มีเนื้อที่ 154320 ไร่
พื้นที่ความเหมาะสมพืชรายจังหวัด,-13-pdf (1).pdf,crop_suitability_by_province,ข้าว,นครราชสีมา,ไร่,9,table,n,37018,พืช ข้าว จังหวัด นครราชสีมา ระดับความเหมาะสม n มีเนื้อที่ 37018 ไร่
พื้นที่ความเหมาะสมพืชรายจังหวัด,-13-pdf (1).pdf,crop_suitability_by_province,ข้าว,นครศรีธรรมราช,ไร่,2,table,n,758,พืช ข้าว จังหวัด นครศรีธรรมราช ระดับความเหมาะสม n มีเนื้อที่ 758 ไร่
พื้นที่ความเหมาะสมพืชรายจังหวัด,-13-pdf (1).pdf,crop_suitability_by_province,ข้าว,นครสวรรค์,ไร่,1,table,n,120955,พืช ข้าว จังหวัด นครสวรรค์ ระดับความเหมาะสม n มีเนื้อที่ 120955 ไร่
พื้นที่ความเหมาะสมพืชรายจังหวัด,-13-pdf (1).pdf,crop_suitability_by_province,ข้าว,นครสวรรค์,ไร่,9,table,n,24603,พืช ข้าว จังหวัด นครสวรรค์ ระดับความเหมาะสม n มีเนื้อที่ 24603 ไร่
พื้นที่ความเหมาะสมพืชรายจังหวัด,-13-pdf (1).pdf,crop_suitability_by_province,ข้าว,นราธิวาส,ไร่,2,table,n,3264,พืช ข้าว จังหวัด นราธิวาส ระดับความเหมาะสม n มีเนื้อที่ 3264 ไร่
พื้นที่ความเหมาะสมพืชรายจังหวัด,-13-pdf (1).pdf,crop_suitability_by_province,ข้าว,น่าน,ไร่,1,table,n,29205,พืช ข้าว จังหวัด น่าน ระดับความเหมาะสม n มีเนื้อที่ 29205 ไร่
พื้นที่ความเหมาะสมพืชรายจังหวัด,-13-pdf (1).pdf,crop_suitability_by_province,ข้าว,น่าน,ไร่,9,table,n,84340,พืช ข้าว จังหวัด น่าน ระดับความเหมาะสม n มีเนื้อที่ 84340 ไร่
พื้นที่ความเหมาะสมพืชรายจังหวัด,-13-pdf (1).pdf,crop_suitability_by_province,ข้าว,บึงกาฬ,ไร่,1,table,n,118150,พืช ข้าว จังหวัด บึงกาฬ ระดับความเหมาะสม n มีเนื้อที่ 118150 ไร่
พื้นที่ความเหมาะสมพืชรายจังหวัด,-13-pdf (1).pdf,crop_suitability_by_province,ข้าว,บึงกาฬ,ไร่,9,table,n,25,พืช ข้าว จังหวัด บึงกาฬ ระดับความเหมาะสม n มีเนื้อที่ 25 ไร่
พื้นที่ความเหมาะสมพืชรายจังหวัด,-13-pdf (1).pdf,crop_suitability_by_province,ข้าว,บุรีรัมย์,ไร่,1,table,n,130394,พืช ข้าว จังหวัด บุรีรัมย์ ระดับความเหมาะสม n มีเนื้อที่ 130394 ไร่
พื้นที่ความเหมาะสมพืชรายจังหวัด,-13-pdf (1).pdf,crop_suitability_by_province,ข้าว,บุรีรัมย์,ไร่,9,table,n,439,พืช ข้าว จังหวัด บุรีรัมย์ ระดับความเหมาะสม n มีเนื้อที่ 439 ไร่
พื้นที่ความเหมาะสมพืชรายจังหวัด,-13-pdf (1).pdf,crop_suitability_by_province,ข้าว,ปทุมธานี,ไร่,9,table,n,1062,พืช ข้าว จังหวัด ปทุมธานี ระดับความเหมาะสม n มีเนื้อที่ 1062 ไร่
พื้นที่ความเหมาะสมพืชรายจังหวัด,-13-pdf (1).pdf,crop_suitability_by_province,ข้าว,ประจวบคีรีขันธ์,ไร่,1,table,n,2454,พืช ข้าว จังหวัด ประจวบคีรีขันธ์ ระดับความเหมาะสม n มีเนื้อที่ 2454 ไร่
พื้นที่ความเหมาะสมพืชรายจังหวัด,-13-pdf (1).pdf,crop_suitability_by_province,ข้าว,ประจวบคีรีขันธ์,ไร่,9,table,n,32,พืช ข้าว จังหวัด ประจวบคีรีขันธ์ ระดับความเหมาะสม n มีเนื้อที่ 32 ไร่
พื้นที่ความเหมาะสมพืชรายจังหวัด,-13-pdf (1).pdf,crop_suitability_by_province,ข้าว,ปราจีนบุรี,ไร่,2,table,n,34692,พืช ข้าว จังหวัด ปราจีนบุรี ระดับความเหมาะสม n มีเนื้อที่ 34692 ไร่
พื้นที่ความเหมาะสมพืชรายจังหวัด,-13-pdf (1).pdf,crop_suitability_by_province,ข้าว,ปราจีนบุรี,ไร่,10,table,n,462,พืช ข้าว จังหวัด ปราจีนบุรี ระดับความเหมาะสม n มีเนื้อที่ 462 ไร่
พื้นที่ความเหมาะสมพืชรายจังหวัด,-13-pdf (1).pdf,crop_suitability_by_province,ข้าว,ปัตตานี,ไร่,2,table,n,5513,พืช ข้าว จังหวัด ปัตตานี ระดับความเหมาะสม n มีเนื้อที่ 5513 ไร่
พื้นที่ความเหมาะสมพืชรายจังหวัด,-13-pdf (1).pdf,crop_suitability_by_province,ข้าว,พระนครศรีอยุธยา,ไร่,9,table,n,420,พืช ข้าว จังหวัด พระนครศรีอยุธยา ระดับความเหมาะสม n มีเนื้อที่ 420 ไร่
พื้นที่ความเหมาะสมพืชรายจังหวัด,-13-pdf (1).pdf,crop_suitability_by_province,ข้าว,พะเยา,ไร่,1,table,n,21241,พืช ข้าว จังหวัด พะเยา ระดับความเหมาะสม n มีเนื้อที่ 21241 ไร่
พื้นที่ความเหมาะสมพืชรายจังหวัด,-13-pdf (1).pdf,crop_suitability_by_province,ข้าว,พะเยา,ไร่,9,table,n,35749,พืช ข้าว จังหวัด พะเยา ระดับความเหมาะสม n มีเนื้อที่ 35749 ไร่
พื้นที่ความเหมาะสมพืชรายจังหวัด,-13-pdf (1).pdf,crop_suitability_by_province,ข้าว,พังงา,ไร่,2,table,n,602,พืช ข้าว จังหวัด พังงา ระดับความเหมาะสม n มีเนื้อที่ 602 ไร่
พื้นที่ความเหมาะสมพืชรายจังหวัด,-13-pdf (1).pdf,crop_suitability_by_province,ข้าว,พัทลุง,ไร่,2,table,n,3659,พืช ข้าว จังหวัด พัทลุง ระดับความเหมาะสม n มีเนื้อที่ 3659 ไร่
พื้นที่ความเหมาะสมพืชรายจังหวัด,-13-pdf (1).pdf,crop_suitability_by_province,ข้าว,พิจิตร,ไร่,1,table,n,10267,พืช ข้าว จังหวัด พิจิตร ระดับความเหมาะสม n มีเนื้อที่ 10267 ไร่
พื้นที่ความเหมาะสมพืชรายจังหวัด,-13-pdf (1).pdf,crop_suitability_by_province,ข้าว,พิจิตร,ไร่,9,table,n,6340,พืช ข้าว จังหวัด พิจิตร ระดับความเหมาะสม n มีเนื้อที่ 6340 ไร่
พื้นที่ความเหมาะสมพืชรายจังหวัด,-13-pdf (1).pdf,crop_suitability_by_province,ข้าว,พิษณุโลก,ไร่,1,table,n,30267,พืช ข้าว จังหวัด พิษณุโลก ระดับความเหมาะสม n มีเนื้อที่ 30267 ไร่
พื้นที่ความเหมาะสมพืชรายจังหวัด,-13-pdf (1).pdf,crop_suitability_by_province,ข้าว,พิษณุโลก,ไร่,9,table,n,38732,พืช ข้าว จังหวัด พิษณุโลก ระดับความเหมาะสม n มีเนื้อที่ 38732 ไร่
พื้นที่ความเหมาะสมพืชรายจังหวัด,-13-pdf (1).pdf,crop_suitability_by_province,ข้าว,มหาสารคาม,ไร่,1,table,n,478888,พืช ข้าว จังหวัด มหาสารคาม ระดับความเหมาะสม n มีเนื้อที่ 478888 ไร่
พื้นที่ความเหมาะสมพืชรายจังหวัด,-13-pdf (1).pdf,crop_suitability_by_province,ข้าว,มหาสารคาม,ไร่,9,table,n,68,พืช ข้าว จังหวัด มหาสารคาม ระดับความเหมาะสม n มีเนื้อที่ 68 ไร่
พื้นที่ความเหมาะสมพืชรายจังหวัด,-13-pdf (1).pdf,crop_suitability_by_province,ข้าว,มุกดาหาร,ไร่,1,table,n,14913,พืช ข้าว จังหวัด มุกดาหาร ระดับความเหมาะสม n มีเนื้อที่ 14913 ไร่
พื้นที่ความเหมาะสมพืชรายจังหวัด,-13-pdf (1).pdf,crop_suitability_by_province,ข้าว,ยะลา,ไร่,2,table,n,910,พืช ข้าว จังหวัด ยะลา ระดับความเหมาะสม n มีเนื้อที่ 910 ไร่
พื้นที่ความเหมาะสมพืชรายจังหวัด,-13-pdf (1).pdf,crop_suitability_by_province,ข้าว,ยโสธร,ไร่,1,table,n,327106,พืช ข้าว จังหวัด ยโสธร ระดับความเหมาะสม n มีเนื้อที่ 327106 ไร่
พื้นที่ความเหมาะสมพืชรายจังหวัด,-13-pdf (1).pdf,crop_suitability_by_province,ข้าว,ระนอง,ไร่,2,table,n,199,พืช ข้าว จังหวัด ระนอง ระดับความเหมาะสม n มีเนื้อที่ 199 ไร่
พื้นที่ความเหมาะสมพืชรายจังหวัด,-13-pdf (1).pdf,crop_suitability_by_province,ข้าว,ระยอง,ไร่,2,table,n,1171,พืช ข้าว จังหวัด ระยอง ระดับความเหมาะสม n มีเนื้อที่ 1171 ไร่
พื้นที่ความเหมาะสมพืชรายจังหวัด,-13-pdf (1).pdf,crop_suitability_by_province,ข้าว,ราชบุรี,ไร่,1,table,n,5821,พืช ข้าว จังหวัด ราชบุรี ระดับความเหมาะสม n มีเนื้อที่ 5821 ไร่
พื้นที่ความเหมาะสมพืชรายจังหวัด,-13-pdf (1).pdf,crop_suitability_by_province,ข้าว,ราชบุรี,ไร่,9,table,n,333,พืช ข้าว จังหวัด ราชบุรี ระดับความเหมาะสม n มีเนื้อที่ 333 ไร่
พื้นที่ความเหมาะสมพืชรายจังหวัด,-13-pdf (1).pdf,crop_suitability_by_province,ข้าว,ร้อยเอ็ด,ไร่,1,table,n,618024,พืช ข้าว จังหวัด ร้อยเอ็ด ระดับความเหมาะสม n มีเนื้อที่ 618024 ไร่
พื้นที่ความเหมาะสมพืชรายจังหวัด,-13-pdf (1).pdf,crop_suitability_by_province,ข้าว,ร้อยเอ็ด,ไร่,9,table,n,16,พืช ข้าว จังหวัด ร้อยเอ็ด ระดับความเหมาะสม n มีเนื้อที่ 16 ไร่
พื้นที่ความเหมาะสมพืชรายจังหวัด,-13-pdf (1).pdf,crop_suitability_by_province,ข้าว,ลพบุรี,ไร่,2,table,n,25981,พืช ข้าว จังหวัด ลพบุรี ระดับความเหมาะสม n มีเนื้อที่ 25981 ไร่
พื้นที่ความเหมาะสมพืชรายจังหวัด,-13-pdf (1).pdf,crop_suitability_by_province,ข้าว,ลพบุรี,ไร่,9,table,n,9102,พืช ข้าว จังหวัด ลพบุรี ระดับความเหมาะสม n มีเนื้อที่ 9102 ไร่
พื้นที่ความเหมาะสมพืชรายจังหวัด,-13-pdf (1).pdf,crop_suitability_by_province,ข้าว,ลำปาง,ไร่,1,table,n,122393,พืช ข้าว จังหวัด ลำปาง ระดับความเหมาะสม n มีเนื้อที่ 122393 ไร่
พื้นที่ความเหมาะสมพืชรายจังหวัด,-13-pdf (1).pdf,crop_suitability_by_province,ข้าว,ลำปาง,ไร่,9,table,n,30666,พืช ข้าว จังหวัด ลำปาง ระดับความเหมาะสม n มีเนื้อที่ 30666 ไร่
พื้นที่ความเหมาะสมพืชรายจังหวัด,-13-pdf (1).pdf,crop_suitability_by_province,ข้าว,ลำพูน,ไร่,1,table,n,4990,พืช ข้าว จังหวัด ลำพูน ระดับความเหมาะสม n มีเนื้อที่ 4990 ไร่
พื้นที่ความเหมาะสมพืชรายจังหวัด,-13-pdf (1).pdf,crop_suitability_by_province,ข้าว,ลำพูน,ไร่,9,table,n,10341,พืช ข้าว จังหวัด ลำพูน ระดับความเหมาะสม n มีเนื้อที่ 10341 ไร่
พื้นที่ความเหมาะสมพืชรายจังหวัด,-13-pdf (1).pdf,crop_suitability_by_province,ข้าว,ศรีสะเกษ,ไร่,1,table,n,298745,พืช ข้าว จังหวัด ศรีสะเกษ ระดับความเหมาะสม n มีเนื้อที่ 298745 ไร่
พื้นที่ความเหมาะสมพืชรายจังหวัด,-13-pdf (1).pdf,crop_suitability_by_province,ข้าว,ศรีสะเกษ,ไร่,9,table,n,1879,พืช ข้าว จังหวัด ศรีสะเกษ ระดับความเหมาะสม n มีเนื้อที่ 1879 ไร่
พื้นที่ความเหมาะสมพืชรายจังหวัด,-13-pdf (1).pdf,crop_suitability_by_province,ข้าว,สกลนคร,ไร่,1,table,n,701454,พืช ข้าว จังหวัด สกลนคร ระดับความเหมาะสม n มีเนื้อที่ 701454 ไร่
พื้นที่ความเหมาะสมพืชรายจังหวัด,-13-pdf (1).pdf,crop_suitability_by_province,ข้าว,สกลนคร,ไร่,9,table,n,8,พืช ข้าว จังหวัด สกลนคร ระดับความเหมาะสม n มีเนื้อที่ 8 ไร่
พื้นที่ความเหมาะสมพืชรายจังหวัด,-13-pdf (1).pdf,crop_suitability_by_province,ข้าว,สงขลา,ไร่,2,table,n,7524,พืช ข้าว จังหวัด สงขลา ระดับความเหมาะสม n มีเนื้อที่ 7524 ไร่
พื้นที่ความเหมาะสมพืชรายจังหวัด,-13-pdf (1).pdf,crop_suitability_by_province,ข้าว,สตูล,ไร่,2,table,n,2744,พืช ข้าว จังหวัด สตูล ระดับความเหมาะสม n มีเนื้อที่ 2744 ไร่
พื้นที่ความเหมาะสมพืชรายจังหวัด,-13-pdf (1).pdf,crop_suitability_by_province,ข้าว,สระบุรี,ไร่,2,table,n,1927,พืช ข้าว จังหวัด สระบุรี ระดับความเหมาะสม n มีเนื้อที่ 1927 ไร่
พื้นที่ความเหมาะสมพืชรายจังหวัด,-13-pdf (1).pdf,crop_suitability_by_province,ข้าว,สระบุรี,ไร่,9,table,n,7631,พืช ข้าว จังหวัด สระบุรี ระดับความเหมาะสม n มีเนื้อที่ 7631 ไร่
พื้นที่ความเหมาะสมพืชรายจังหวัด,-13-pdf (1).pdf,crop_suitability_by_province,ข้าว,สระแก้ว,ไร่,2,table,n,173895,พืช ข้าว จังหวัด สระแก้ว ระดับความเหมาะสม n มีเนื้อที่ 173895 ไร่
พื้นที่ความเหมาะสมพืชรายจังหวัด,-13-pdf (1).pdf,crop_suitability_by_province,ข้าว,สระแก้ว,ไร่,10,table,n,3270,พืช ข้าว จังหวัด สระแก้ว ระดับความเหมาะสม n มีเนื้อที่ 3270 ไร่
พื้นที่ความเหมาะสมพืชรายจังหวัด,-13-pdf (1).pdf,crop_suitability_by_province,ข้าว,สิงห์บุรี,ไร่,9,table,n,60,พืช ข้าว จังหวัด สิงห์บุรี ระดับความเหมาะสม n มีเนื้อที่ 60 ไร่
พื้นที่ความเหมาะสมพืชรายจังหวัด,-13-pdf (1).pdf,crop_suitability_by_province,ข้าว,สุพรรณบุรี,ไร่,2,table,n,2902,พืช ข้าว จังหวัด สุพรรณบุรี ระดับความเหมาะสม n มีเนื้อที่ 2902 ไร่
พื้นที่ความเหมาะสมพืชรายจังหวัด,-13-pdf (1).pdf,crop_suitability_by_province,ข้าว,สุพรรณบุรี,ไร่,10,table,n,1109,พืช ข้าว จังหวัด สุพรรณบุรี ระดับความเหมาะสม n มีเนื้อที่ 1109 ไร่
พื้นที่ความเหมาะสมพืชรายจังหวัด,-13-pdf (1).pdf,crop_suitability_by_province,ข้าว,สุราษฎร์ธานี,ไร่,2,table,n,89,พืช ข้าว จังหวัด สุราษฎร์ธานี ระดับความเหมาะสม n มีเนื้อที่ 89 ไร่
พื้นที่ความเหมาะสมพืชรายจังหวัด,-13-pdf (1).pdf,crop_suitability_by_province,ข้าว,สุรินทร์,ไร่,1,table,n,276102,พืช ข้าว จังหวัด สุรินทร์ ระดับความเหมาะสม n มีเนื้อที่ 276102 ไร่
พื้นที่ความเหมาะสมพืชรายจังหวัด,-13-pdf (1).pdf,crop_suitability_by_province,ข้าว,สุรินทร์,ไร่,9,table,n,31,พืช ข้าว จังหวัด สุรินทร์ ระดับความเหมาะสม n มีเนื้อที่ 31 ไร่
พื้นที่ความเหมาะสมพืชรายจังหวัด,-13-pdf (1).pdf,crop_suitability_by_province,ข้าว,สุโขทัย,ไร่,1,table,n,8444,พืช ข้าว จังหวัด สุโขทัย ระดับความเหมาะสม n มีเนื้อที่ 8444 ไร่
พื้นที่ความเหมาะสมพืชรายจังหวัด,-13-pdf (1).pdf,crop_suitability_by_province,ข้าว,สุโขทัย,ไร่,9,table,n,6867,พืช ข้าว จังหวัด สุโขทัย ระดับความเหมาะสม n มีเนื้อที่ 6867 ไร่
พื้นที่ความเหมาะสมพืชรายจังหวัด,-13-pdf (1).pdf,crop_suitability_by_province,ข้าว,หนองคาย,ไร่,1,table,n,86726,พืช ข้าว จังหวัด หนองคาย ระดับความเหมาะสม n มีเนื้อที่ 86726 ไร่
พื้นที่ความเหมาะสมพืชรายจังหวัด,-13-pdf (1).pdf,crop_suitability_by_province,ข้าว,หนองคาย,ไร่,9,table,n,1111,พืช ข้าว จังหวัด หนองคาย ระดับความเหมาะสม n มีเนื้อที่ 1111 ไร่
พื้นที่ความเหมาะสมพืชรายจังหวัด,-13-pdf (1).pdf,crop_suitability_by_province,ข้าว,หนองบัวลำภู,ไร่,1,table,n,54701,พืช ข้าว จังหวัด หนองบัวลำภู ระดับความเหมาะสม n มีเนื้อที่ 54701 ไร่
พื้นที่ความเหมาะสมพืชรายจังหวัด,-13-pdf (1).pdf,crop_suitability_by_province,ข้าว,หนองบัวลำภู,ไร่,9,table,n,7889,พืช ข้าว จังหวัด หนองบัวลำภู ระดับความเหมาะสม n มีเนื้อที่ 7889 ไร่
พื้นที่ความเหมาะสมพืชรายจังหวัด,-13-pdf (1).pdf,crop_suitability_by_province,ข้าว,อำนาจเจริญ,ไร่,1,table,n,255098,พืช ข้าว จังหวัด อำนาจเจริญ ระดับความเหมาะสม n มีเนื้อที่ 255098 ไร่
พื้นที่ความเหมาะสมพืชรายจังหวัด,-13-pdf (1).pdf,crop_suitability_by_province,ข้าว,อำนาจเจริญ,ไร่,9,table,n,28,พืช ข้าว จังหวัด อำนาจเจริญ ระดับความเหมาะสม n มีเนื้อที่ 28 ไร่
พื้นที่ความเหมาะสมพืชรายจังหวัด,-13-pdf (1).pdf,crop_suitability_by_province,ข้าว,อุดรธานี,ไร่,1,table,n,46980,พืช ข้าว จังหวัด อุดรธานี ระดับความเหมาะสม n มีเนื้อที่ 46980 ไร่
พื้นที่ความเหมาะสมพืชรายจังหวัด,-13-pdf (1).pdf,crop_suitability_by_province,ข้าว,อุดรธานี,ไร่,9,table,n,405,พืช ข้าว จังหวัด อุดรธานี ระดับความเหมาะสม n มีเนื้อที่ 405 ไร่
พื้นที่ความเหมาะสมพืชรายจังหวัด,-13-pdf (1).pdf,crop_suitability_by_province,ข้าว,อุตรดิตถ์,ไร่,1,table,n,56875,พืช ข้าว จังหวัด อุตรดิตถ์ ระดับความเหมาะสม n มีเนื้อที่ 56875 ไร่
พื้นที่ความเหมาะสมพืชรายจังหวัด,-13-pdf (1).pdf,crop_suitability_by_province,ข้าว,อุตรดิตถ์,ไร่,9,table,n,23617,พืช ข้าว จังหวัด อุตรดิตถ์ ระดับความเหมาะสม n มีเนื้อที่ 23617 ไร่
พื้นที่ความเหมาะสมพืชรายจังหวัด,-13-pdf (1).pdf,crop_suitability_by_province,ข้าว,อุทัยธานี,ไร่,1,table,n,19191,พืช ข้าว จังหวัด อุทัยธานี ระดับความเหมาะสม n มีเนื้อที่ 19191 ไร่
พื้นที่ความเหมาะสมพืชรายจังหวัด,-13-pdf (1).pdf,crop_suitability_by_province,ข้าว,อุทัยธานี,ไร่,9,table,n,7606,พืช ข้าว จังหวัด อุทัยธานี ระดับความเหมาะสม n มีเนื้อที่ 7606 ไร่
พื้นที่ความเหมาะสมพืชรายจังหวัด,-13-pdf (1).pdf,crop_suitability_by_province,ข้าว,อุบลราชธานี,ไร่,1,table,n,833682,พืช ข้าว จังหวัด อุบลราชธานี ระดับความเหมาะสม n มีเนื้อที่ 833682 ไร่
พื้นที่ความเหมาะสมพืชรายจังหวัด,-13-pdf (1).pdf,crop_suitability_by_province,ข้าว,อุบลราชธานี,ไร่,9,table,n,166,พืช ข้าว จังหวัด อุบลราชธานี ระดับความเหมาะสม n มีเนื้อที่ 166 ไร่
พื้นที่ความเหมาะสมพืชรายจังหวัด,-13-pdf (1).pdf,crop_suitability_by_province,ข้าว,อ่างทอง,ไร่,10,table,n,41,พืช ข้าว จังหวัด อ่างทอง ระดับความเหมาะสม n มีเนื้อที่ 41 ไร่
พื้นที่ความเหมาะสมพืชรายจังหวัด,-13-pdf (1).pdf,crop_suitability_by_province,ข้าว,เชียงราย,ไร่,1,table,n,110309,พืช ข้าว จังหวัด เชียงราย ระดับความเหมาะสม n มีเนื้อที่ 110309 ไร่
พื้นที่ความเหมาะสมพืชรายจังหวัด,-13-pdf (1).pdf,crop_suitability_by_province,ข้าว,เชียงราย,ไร่,9,table,n,85548,พืช ข้าว จังหวัด เชียงราย ระดับความเหมาะสม n มีเนื้อที่ 85548 ไร่
พื้นที่ความเหมาะสมพืชรายจังหวัด,-13-pdf (1).pdf,crop_suitability_by_province,ข้าว,เชียงใหม่,ไร่,1,table,n,34235,พืช ข้าว จังหวัด เชียงใหม่ ระดับความเหมาะสม n มีเนื้อที่ 34235 ไร่
พื้นที่ความเหมาะสมพืชรายจังหวัด,-13-pdf (1).pdf,crop_suitability_by_province,ข้าว,เชียงใหม่,ไร่,9,table,n,27127,พืช ข้าว จังหวัด เชียงใหม่ ระดับความเหมาะสม n มีเนื้อที่ 27127 ไร่
พื้นที่ความเหมาะสมพืชรายจังหวัด,-13-pdf (1).pdf,crop_suitability_by_province,ข้าว,เพชรบุรี,ไร่,1,table,n,3957,พืช ข้าว จังหวัด เพชรบุรี ระดับความเหมาะสม n มีเนื้อที่ 3957 ไร่
พื้นที่ความเหมาะสมพืชรายจังหวัด,-13-pdf (1).pdf,crop_suitability_by_province,ข้าว,เพชรบุรี,ไร่,9,table,n,435,พืช ข้าว จังหวัด เพชรบุรี ระดับความเหมาะสม n มีเนื้อที่ 435 ไร่
พื้นที่ความเหมาะสมพืชรายจังหวัด,-13-pdf (1).pdf,crop_suitability_by_province,ข้าว,เพชรบูรณ์,ไร่,1,table,n,99189,พืช ข้าว จังหวัด เพชรบูรณ์ ระดับความเหมาะสม n มีเนื้อที่ 99189 ไร่
พื้นที่ความเหมาะสมพืชรายจังหวัด,-13-pdf (1).pdf,crop_suitability_by_province,ข้าว,เพชรบูรณ์,ไร่,9,table,n,122976,พืช ข้าว จังหวัด เพชรบูรณ์ ระดับความเหมาะสม n มีเนื้อที่ 122976 ไร่
พื้นที่ความเหมาะสมพืชรายจังหวัด,-13-pdf (1).pdf,crop_suitability_by_province,ข้าว,เลย,ไร่,1,table,n,53628,พืช ข้าว จังหวัด เลย ระดับความเหมาะสม n มีเนื้อที่ 53628 ไร่
พื้นที่ความเหมาะสมพืชรายจังหวัด,-13-pdf (1).pdf,crop_suitability_by_province,ข้าว,เลย,ไร่,9,table,n,79784,พืช ข้าว จังหวัด เลย ระดับความเหมาะสม n มีเนื้อที่ 79784 ไร่
พื้นที่ความเหมาะสมพืชรายจังหวัด,-13-pdf (1).pdf,crop_suitability_by_province,ข้าว,แพร่,ไร่,1,table,n,35315,พืช ข้าว จังหวัด แพร่ ระดับความเหมาะสม n มีเนื้อที่ 35315 ไร่
พื้นที่ความเหมาะสมพืชรายจังหวัด,-13-pdf (1).pdf,crop_suitability_by_province,ข้าว,แพร่,ไร่,9,table,n,29912,พืช ข้าว จังหวัด แพร่ ระดับความเหมาะสม n มีเนื้อที่ 29912 ไร่
พื้นที่ความเหมาะสมพืชรายจังหวัด,-13-pdf (1).pdf,crop_suitability_by_province,ข้าว,แม่ฮ่องสอน,ไร่,1,table,n,5280,พืช ข้าว จังหวัด แม่ฮ่องสอน ระดับความเหมาะสม n มีเนื้อที่ 5280 ไร่
พื้นที่ความเหมาะสมพืชรายจังหวัด,-13-pdf (1).pdf,crop_suitability_by_province,ข้าว,แม่ฮ่องสอน,ไร่,9,table,n,2549,พืช ข้าว จังหวัด แม่ฮ่องสอน ระดับความเหมาะสม n มีเนื้อที่ 2549 ไร่
พื้นที่ความเหมาะสมพืชรายจังหวัด,-13-pdf (1).pdf,crop_suitability_by_province,ทุเรียน,กระบี่,ไร่,16,table,n,3,พืช ทุเรียน จังหวัด กระบี่ ระดับความเหมาะสม n มีเนื้อที่ 3 ไร่
พื้นที่ความเหมาะสมพืชรายจังหวัด,-13-pdf (1).pdf,crop_suitability_by_province,ทุเรียน,กาญจนบุรี,ไร่,16,table,n,22,พืช ทุเรียน จังหวัด กาญจนบุรี ระดับความเหมาะสม n มีเนื้อที่ 22 ไร่
พื้นที่ความเหมาะสมพืชรายจังหวัด,-13-pdf (1).pdf,crop_suitability_by_province,ทุเรียน,กำแพงเพชร,ไร่,16,table,n,154,พืช ทุเรียน จังหวัด กำแพงเพชร ระดับความเหมาะสม n มีเนื้อที่ 154 ไร่
พื้นที่ความเหมาะสมพืชรายจังหวัด,-13-pdf (1).pdf,crop_suitability_by_province,ทุเรียน,จันทบุรี,ไร่,16,table,n,15719,พืช ทุเรียน จังหวัด จันทบุรี ระดับความเหมาะสม n มีเนื้อที่ 15719 ไร่
พื้นที่ความเหมาะสมพืชรายจังหวัด,-13-pdf (1).pdf,crop_suitability_by_province,ทุเรียน,ชลบุรี,ไร่,16,table,n,916,พืช ทุเรียน จังหวัด ชลบุรี ระดับความเหมาะสม n มีเนื้อที่ 916 ไร่
พื้นที่ความเหมาะสมพืชรายจังหวัด,-13-pdf (1).pdf,crop_suitability_by_province,ทุเรียน,ชัยภูมิ,ไร่,16,table,n,18,พืช ทุเรียน จังหวัด ชัยภูมิ ระดับความเหมาะสม n มีเนื้อที่ 18 ไร่
พื้นที่ความเหมาะสมพืชรายจังหวัด,-13-pdf (1).pdf,crop_suitability_by_province,ทุเรียน,ชุมพร,ไร่,16,table,n,15756,พืช ทุเรียน จังหวัด ชุมพร ระดับความเหมาะสม n มีเนื้อที่ 15756 ไร่
พื้นที่ความเหมาะสมพืชรายจังหวัด,-13-pdf (1).pdf,crop_suitability_by_province,ทุเรียน,ตรัง,ไร่,16,table,n,171,พืช ทุเรียน จังหวัด ตรัง ระดับความเหมาะสม n มีเนื้อที่ 171 ไร่
พื้นที่ความเหมาะสมพืชรายจังหวัด,-13-pdf (1).pdf,crop_suitability_by_province,ทุเรียน,ตราด,ไร่,16,table,n,4692,พืช ทุเรียน จังหวัด ตราด ระดับความเหมาะสม n มีเนื้อที่ 4692 ไร่
พื้นที่ความเหมาะสมพืชรายจังหวัด,-13-pdf (1).pdf,crop_suitability_by_province,ทุเรียน,ตาก,ไร่,16,table,n,247,พืช ทุเรียน จังหวัด ตาก ระดับความเหมาะสม n มีเนื้อที่ 247 ไร่
พื้นที่ความเหมาะสมพืชรายจังหวัด,-13-pdf (1).pdf,crop_suitability_by_province,ทุเรียน,นครราชสีมา,ไร่,16,table,n,183,พืช ทุเรียน จังหวัด นครราชสีมา ระดับความเหมาะสม n มีเนื้อที่ 183 ไร่
พื้นที่ความเหมาะสมพืชรายจังหวัด,-13-pdf (1).pdf,crop_suitability_by_province,ทุเรียน,นครศรีธรรมราช,ไร่,16,table,n,25196,พืช ทุเรียน จังหวัด นครศรีธรรมราช ระดับความเหมาะสม n มีเนื้อที่ 25196 ไร่
พื้นที่ความเหมาะสมพืชรายจังหวัด,-13-pdf (1).pdf,crop_suitability_by_province,ทุเรียน,นครสวรรค์,ไร่,16,table,n,4,พืช ทุเรียน จังหวัด นครสวรรค์ ระดับความเหมาะสม n มีเนื้อที่ 4 ไร่
พื้นที่ความเหมาะสมพืชรายจังหวัด,-13-pdf (1).pdf,crop_suitability_by_province,ทุเรียน,นราธิวาส,ไร่,16,table,n,2083,พืช ทุเรียน จังหวัด นราธิวาส ระดับความเหมาะสม n มีเนื้อที่ 2083 ไร่
พื้นที่ความเหมาะสมพืชรายจังหวัด,-13-pdf (1).pdf,crop_suitability_by_province,ทุเรียน,บุรีรัมย์,ไร่,16,table,n,55,พืช ทุเรียน จังหวัด บุรีรัมย์ ระดับความเหมาะสม n มีเนื้อที่ 55 ไร่
พื้นที่ความเหมาะสมพืชรายจังหวัด,-13-pdf (1).pdf,crop_suitability_by_province,ทุเรียน,ปทุมธานี,ไร่,16,table,n,56,พืช ทุเรียน จังหวัด ปทุมธานี ระดับความเหมาะสม n มีเนื้อที่ 56 ไร่
พื้นที่ความเหมาะสมพืชรายจังหวัด,-13-pdf (1).pdf,crop_suitability_by_province,ทุเรียน,ประจวบคีรีขันธ์,ไร่,16,table,n,290,พืช ทุเรียน จังหวัด ประจวบคีรีขันธ์ ระดับความเหมาะสม n มีเนื้อที่ 290 ไร่
พื้นที่ความเหมาะสมพืชรายจังหวัด,-13-pdf (1).pdf,crop_suitability_by_province,ทุเรียน,ปัตตานี,ไร่,16,table,n,15010,พืช ทุเรียน จังหวัด ปัตตานี ระดับความเหมาะสม n มีเนื้อที่ 15010 ไร่
พื้นที่ความเหมาะสมพืชรายจังหวัด,-13-pdf (1).pdf,crop_suitability_by_province,ทุเรียน,พังงา,ไร่,16,table,n,695,พืช ทุเรียน จังหวัด พังงา ระดับความเหมาะสม n มีเนื้อที่ 695 ไร่
พื้นที่ความเหมาะสมพืชรายจังหวัด,-13-pdf (1).pdf,crop_suitability_by_province,ทุเรียน,พัทลุง,ไร่,16,table,n,5344,พืช ทุเรียน จังหวัด พัทลุง ระดับความเหมาะสม n มีเนื้อที่ 5344 ไร่
พื้นที่ความเหมาะสมพืชรายจังหวัด,-13-pdf (1).pdf,crop_suitability_by_province,ทุเรียน,พิจิตร,ไร่,16,table,n,277,พืช ทุเรียน จังหวัด พิจิตร ระดับความเหมาะสม n มีเนื้อที่ 277 ไร่
พื้นที่ความเหมาะสมพืชรายจังหวัด,-13-pdf (1).pdf,crop_suitability_by_province,ทุเรียน,พิษณุโลก,ไร่,16,table,n,136,พืช ทุเรียน จังหวัด พิษณุโลก ระดับความเหมาะสม n มีเนื้อที่ 136 ไร่
พื้นที่ความเหมาะสมพืชรายจังหวัด,-13-pdf (1).pdf,crop_suitability_by_province,ทุเรียน,ยะลา,ไร่,16,table,n,320,พืช ทุเรียน จังหวัด ยะลา ระดับความเหมาะสม n มีเนื้อที่ 320 ไร่
พื้นที่ความเหมาะสมพืชรายจังหวัด,-13-pdf (1).pdf,crop_suitability_by_province,ทุเรียน,ระนอง,ไร่,16,table,n,3741,พืช ทุเรียน จังหวัด ระนอง ระดับความเหมาะสม n มีเนื้อที่ 3741 ไร่
พื้นที่ความเหมาะสมพืชรายจังหวัด,-13-pdf (1).pdf,crop_suitability_by_province,ทุเรียน,ระยอง,ไร่,16,table,n,9285,พืช ทุเรียน จังหวัด ระยอง ระดับความเหมาะสม n มีเนื้อที่ 9285 ไร่
พื้นที่ความเหมาะสมพืชรายจังหวัด,-13-pdf (1).pdf,crop_suitability_by_province,ทุเรียน,ราชบุรี,ไร่,16,table,n,382,พืช ทุเรียน จังหวัด ราชบุรี ระดับความเหมาะสม n มีเนื้อที่ 382 ไร่
พื้นที่ความเหมาะสมพืชรายจังหวัด,-13-pdf (1).pdf,crop_suitability_by_province,ทุเรียน,ลำปาง,ไร่,16,table,n,7,พืช ทุเรียน จังหวัด ลำปาง ระดับความเหมาะสม n มีเนื้อที่ 7 ไร่
พื้นที่ความเหมาะสมพืชรายจังหวัด,-13-pdf (1).pdf,crop_suitability_by_province,ทุเรียน,ศรีสะเกษ,ไร่,16,table,n,414,พืช ทุเรียน จังหวัด ศรีสะเกษ ระดับความเหมาะสม n มีเนื้อที่ 414 ไร่
พื้นที่ความเหมาะสมพืชรายจังหวัด,-13-pdf (1).pdf,crop_suitability_by_province,ทุเรียน,สงขลา,ไร่,16,table,n,2,พืช ทุเรียน จังหวัด สงขลา ระดับความเหมาะสม n มีเนื้อที่ 2 ไร่
พื้นที่ความเหมาะสมพืชรายจังหวัด,-13-pdf (1).pdf,crop_suitability_by_province,ทุเรียน,สตูล,ไร่,16,table,n,10,พืช ทุเรียน จังหวัด สตูล ระดับความเหมาะสม n มีเนื้อที่ 10 ไร่
พื้นที่ความเหมาะสมพืชรายจังหวัด,-13-pdf (1).pdf,crop_suitability_by_province,ทุเรียน,สระบุรี,ไร่,16,table,n,78,พืช ทุเรียน จังหวัด สระบุรี ระดับความเหมาะสม n มีเนื้อที่ 78 ไร่
พื้นที่ความเหมาะสมพืชรายจังหวัด,-13-pdf (1).pdf,crop_suitability_by_province,ทุเรียน,สุราษฎร์ธานี,ไร่,16,table,n,12840,พืช ทุเรียน จังหวัด สุราษฎร์ธานี ระดับความเหมาะสม n มีเนื้อที่ 12840 ไร่
พื้นที่ความเหมาะสมพืชรายจังหวัด,-13-pdf (1).pdf,crop_suitability_by_province,ทุเรียน,สุโขทัย,ไร่,16,table,n,3,พืช ทุเรียน จังหวัด สุโขทัย ระดับความเหมาะสม n มีเนื้อที่ 3 ไร่
พื้นที่ความเหมาะสมพืชรายจังหวัด,-13-pdf (1).pdf,crop_suitability_by_province,ทุเรียน,หนองบัวลำภู,ไร่,16,table,n,2,พืช ทุเรียน จังหวัด หนองบัวลำภู ระดับความเหมาะสม n มีเนื้อที่ 2 ไร่
พื้นที่ความเหมาะสมพืชรายจังหวัด,-13-pdf (1).pdf,crop_suitability_by_province,ทุเรียน,อุตรดิตถ์,ไร่,16,table,n,6776,พืช ทุเรียน จังหวัด อุตรดิตถ์ ระดับความเหมาะสม n มีเนื้อที่ 6776 ไร่
พื้นที่ความเหมาะสมพืชรายจังหวัด,-13-pdf (1).pdf,crop_suitability_by_province,ทุเรียน,อุทัยธานี,ไร่,16,table,n,21,พืช ทุเรียน จังหวัด อุทัยธานี ระดับความเหมาะสม n มีเนื้อที่ 21 ไร่
พื้นที่ความเหมาะสมพืชรายจังหวัด,-13-pdf (1).pdf,crop_suitability_by_province,ทุเรียน,อุบลราชธานี,ไร่,16,table,n,79,พืช ทุเรียน จังหวัด อุบลราชธานี ระดับความเหมาะสม n มีเนื้อที่ 79 ไร่
พื้นที่ความเหมาะสมพืชรายจังหวัด,-13-pdf (1).pdf,crop_suitability_by_province,ทุเรียน,อ่างทอง,ไร่,16,table,n,62,พืช ทุเรียน จังหวัด อ่างทอง ระดับความเหมาะสม n มีเนื้อที่ 62 ไร่
พื้นที่ความเหมาะสมพืชรายจังหวัด,-13-pdf (1).pdf,crop_suitability_by_province,ทุเรียน,เชียงราย,ไร่,16,table,n,5,พืช ทุเรียน จังหวัด เชียงราย ระดับความเหมาะสม n มีเนื้อที่ 5 ไร่
พื้นที่ความเหมาะสมพืชรายจังหวัด,-13-pdf (1).pdf,crop_suitability_by_province,ทุเรียน,เพชรบุรี,ไร่,16,table,n,436,พืช ทุเรียน จังหวัด เพชรบุรี ระดับความเหมาะสม n มีเนื้อที่ 436 ไร่
พื้นที่ความเหมาะสมพืชรายจังหวัด,-13-pdf (1).pdf,crop_suitability_by_province,ทุเรียน,แพร่,ไร่,16,table,n,225,พืช ทุเรียน จังหวัด แพร่ ระดับความเหมาะสม n มีเนื้อที่ 225 ไร่
พื้นที่ความเหมาะสมพืชรายจังหวัด,-13-pdf (1).pdf,crop_suitability_by_province,ปาล์มน้ำมัน,กระบี่,ไร่,6,table,n,75525,พืช ปาล์มน้ำมัน จังหวัด กระบี่ ระดับความเหมาะสม n มีเนื้อที่ 75525 ไร่
พื้นที่ความเหมาะสมพืชรายจังหวัด,-13-pdf (1).pdf,crop_suitability_by_province,ปาล์มน้ำมัน,กรุงเทพมหานคร,ไร่,5,table,n,52,พืช ปาล์มน้ำมัน จังหวัด กรุงเทพมหานคร ระดับความเหมาะสม n มีเนื้อที่ 52 ไร่
พื้นที่ความเหมาะสมพืชรายจังหวัด,-13-pdf (1).pdf,crop_suitability_by_province,ปาล์มน้ำมัน,กาญจนบุรี,ไร่,5,table,n,17583,พืช ปาล์มน้ำมัน จังหวัด กาญจนบุรี ระดับความเหมาะสม n มีเนื้อที่ 17583 ไร่
พื้นที่ความเหมาะสมพืชรายจังหวัด,-13-pdf (1).pdf,crop_suitability_by_province,ปาล์มน้ำมัน,กาฬสินธุ์,ไร่,5,table,n,6077,พืช ปาล์มน้ำมัน จังหวัด กาฬสินธุ์ ระดับความเหมาะสม n มีเนื้อที่ 6077 ไร่
พื้นที่ความเหมาะสมพืชรายจังหวัด,-13-pdf (1).pdf,crop_suitability_by_province,ปาล์มน้ำมัน,กำแพงเพชร,ไร่,5,table,n,9736,พืช ปาล์มน้ำมัน จังหวัด กำแพงเพชร ระดับความเหมาะสม n มีเนื้อที่ 9736 ไร่
พื้นที่ความเหมาะสมพืชรายจังหวัด,-13-pdf (1).pdf,crop_suitability_by_province,ปาล์มน้ำมัน,ขอนแก่น,ไร่,5,table,n,850,พืช ปาล์มน้ำมัน จังหวัด ขอนแก่น ระดับความเหมาะสม n มีเนื้อที่ 850 ไร่
พื้นที่ความเหมาะสมพืชรายจังหวัด,-13-pdf (1).pdf,crop_suitability_by_province,ปาล์มน้ำมัน,จันทบุรี,ไร่,5,table,n,2369,พืช ปาล์มน้ำมัน จังหวัด จันทบุรี ระดับความเหมาะสม n มีเนื้อที่ 2369 ไร่
พื้นที่ความเหมาะสมพืชรายจังหวัด,-13-pdf (1).pdf,crop_suitability_by_province,ปาล์มน้ำมัน,ฉะเชิงเทรา,ไร่,5,table,n,38009,พืช ปาล์มน้ำมัน จังหวัด ฉะเชิงเทรา ระดับความเหมาะสม n มีเนื้อที่ 38009 ไร่
พื้นที่ความเหมาะสมพืชรายจังหวัด,-13-pdf (1).pdf,crop_suitability_by_province,ปาล์มน้ำมัน,ชลบุรี,ไร่,5,table,n,124630,พืช ปาล์มน้ำมัน จังหวัด ชลบุรี ระดับความเหมาะสม n มีเนื้อที่ 124630 ไร่
พื้นที่ความเหมาะสมพืชรายจังหวัด,-13-pdf (1).pdf,crop_suitability_by_province,ปาล์มน้ำมัน,ชัยนาท,ไร่,5,table,n,3293,พืช ปาล์มน้ำมัน จังหวัด ชัยนาท ระดับความเหมาะสม n มีเนื้อที่ 3293 ไร่
พื้นที่ความเหมาะสมพืชรายจังหวัด,-13-pdf (1).pdf,crop_suitability_by_province,ปาล์มน้ำมัน,ชัยภูมิ,ไร่,5,table,n,970,พืช ปาล์มน้ำมัน จังหวัด ชัยภูมิ ระดับความเหมาะสม n มีเนื้อที่ 970 ไร่
พื้นที่ความเหมาะสมพืชรายจังหวัด,-13-pdf (1).pdf,crop_suitability_by_province,ปาล์มน้ำมัน,ชุมพร,ไร่,6,table,n,98881,พืช ปาล์มน้ำมัน จังหวัด ชุมพร ระดับความเหมาะสม n มีเนื้อที่ 98881 ไร่
พื้นที่ความเหมาะสมพืชรายจังหวัด,-13-pdf (1).pdf,crop_suitability_by_province,ปาล์มน้ำมัน,ตรัง,ไร่,6,table,n,6465,พืช ปาล์มน้ำมัน จังหวัด ตรัง ระดับความเหมาะสม n มีเนื้อที่ 6465 ไร่
พื้นที่ความเหมาะสมพืชรายจังหวัด,-13-pdf (1).pdf,crop_suitability_by_province,ปาล์มน้ำมัน,ตราด,ไร่,5,table,n,5895,พืช ปาล์มน้ำมัน จังหวัด ตราด ระดับความเหมาะสม n มีเนื้อที่ 5895 ไร่
พื้นที่ความเหมาะสมพืชรายจังหวัด,-13-pdf (1).pdf,crop_suitability_by_province,ปาล์มน้ำมัน,ตาก,ไร่,5,table,n,1628,พืช ปาล์มน้ำมัน จังหวัด ตาก ระดับความเหมาะสม n มีเนื้อที่ 1628 ไร่
พื้นที่ความเหมาะสมพืชรายจังหวัด,-13-pdf (1).pdf,crop_suitability_by_province,ปาล์มน้ำมัน,นครนายก,ไร่,5,table,n,3587,พืช ปาล์มน้ำมัน จังหวัด นครนายก ระดับความเหมาะสม n มีเนื้อที่ 3587 ไร่
พื้นที่ความเหมาะสมพืชรายจังหวัด,-13-pdf (1).pdf,crop_suitability_by_province,ปาล์มน้ำมัน,นครปฐม,ไร่,5,table,n,415,พืช ปาล์มน้ำมัน จังหวัด นครปฐม ระดับความเหมาะสม n มีเนื้อที่ 415 ไร่
พื้นที่ความเหมาะสมพืชรายจังหวัด,-13-pdf (1).pdf,crop_suitability_by_province,ปาล์มน้ำมัน,นครพนม,ไร่,5,table,n,1092,พืช ปาล์มน้ำมัน จังหวัด นครพนม ระดับความเหมาะสม n มีเนื้อที่ 1092 ไร่
พื้นที่ความเหมาะสมพืชรายจังหวัด,-13-pdf (1).pdf,crop_suitability_by_province,ปาล์มน้ำมัน,นครราชสีมา,ไร่,5,table,n,4834,พืช ปาล์มน้ำมัน จังหวัด นครราชสีมา ระดับความเหมาะสม n มีเนื้อที่ 4834 ไร่
พื้นที่ความเหมาะสมพืชรายจังหวัด,-13-pdf (1).pdf,crop_suitability_by_province,ปาล์มน้ำมัน,นครศรีธรรมราช,ไร่,6,table,n,18110,พืช ปาล์มน้ำมัน จังหวัด นครศรีธรรมราช ระดับความเหมาะสม n มีเนื้อที่ 18110 ไร่
พื้นที่ความเหมาะสมพืชรายจังหวัด,-13-pdf (1).pdf,crop_suitability_by_province,ปาล์มน้ำมัน,นครสวรรค์,ไร่,5,table,n,2459,พืช ปาล์มน้ำมัน จังหวัด นครสวรรค์ ระดับความเหมาะสม n มีเนื้อที่ 2459 ไร่
พื้นที่ความเหมาะสมพืชรายจังหวัด,-13-pdf (1).pdf,crop_suitability_by_province,ปาล์มน้ำมัน,นราธิวาส,ไร่,6,table,n,23010,พืช ปาล์มน้ำมัน จังหวัด นราธิวาส ระดับความเหมาะสม n มีเนื้อที่ 23010 ไร่
พื้นที่ความเหมาะสมพืชรายจังหวัด,-13-pdf (1).pdf,crop_suitability_by_province,ปาล์มน้ำมัน,น่าน,ไร่,5,table,n,107,พืช ปาล์มน้ำมัน จังหวัด น่าน ระดับความเหมาะสม n มีเนื้อที่ 107 ไร่
พื้นที่ความเหมาะสมพืชรายจังหวัด,-13-pdf (1).pdf,crop_suitability_by_province,ปาล์มน้ำมัน,บึงกาฬ,ไร่,5,table,n,4521,พืช ปาล์มน้ำมัน จังหวัด บึงกาฬ ระดับความเหมาะสม n มีเนื้อที่ 4521 ไร่
พื้นที่ความเหมาะสมพืชรายจังหวัด,-13-pdf (1).pdf,crop_suitability_by_province,ปาล์มน้ำมัน,บุรีรัมย์,ไร่,6,table,n,5726,พืช ปาล์มน้ำมัน จังหวัด บุรีรัมย์ ระดับความเหมาะสม n มีเนื้อที่ 5726 ไร่
พื้นที่ความเหมาะสมพืชรายจังหวัด,-13-pdf (1).pdf,crop_suitability_by_province,ปาล์มน้ำมัน,ปทุมธานี,ไร่,5,table,n,9612,พืช ปาล์มน้ำมัน จังหวัด ปทุมธานี ระดับความเหมาะสม n มีเนื้อที่ 9612 ไร่
พื้นที่ความเหมาะสมพืชรายจังหวัด,-13-pdf (1).pdf,crop_suitability_by_province,ปาล์มน้ำมัน,ประจวบคีรีขันธ์,ไร่,5,table,n,118360,พืช ปาล์มน้ำมัน จังหวัด ประจวบคีรีขันธ์ ระดับความเหมาะสม n มีเนื้อที่ 118360 ไร่
พื้นที่ความเหมาะสมพืชรายจังหวัด,-13-pdf (1).pdf,crop_suitability_by_province,ปาล์มน้ำมัน,ปราจีนบุรี,ไร่,5,table,n,19223,พืช ปาล์มน้ำมัน จังหวัด ปราจีนบุรี ระดับความเหมาะสม n มีเนื้อที่ 19223 ไร่
พื้นที่ความเหมาะสมพืชรายจังหวัด,-13-pdf (1).pdf,crop_suitability_by_province,ปาล์มน้ำมัน,ปัตตานี,ไร่,6,table,n,772,พืช ปาล์มน้ำมัน จังหวัด ปัตตานี ระดับความเหมาะสม n มีเนื้อที่ 772 ไร่
พื้นที่ความเหมาะสมพืชรายจังหวัด,-13-pdf (1).pdf,crop_suitability_by_province,ปาล์มน้ำมัน,พระนครศรีอยุธยา,ไร่,5,table,n,226,พืช ปาล์มน้ำมัน จังหวัด พระนครศรีอยุธยา ระดับความเหมาะสม n มีเนื้อที่ 226 ไร่
พื้นที่ความเหมาะสมพืชรายจังหวัด,-13-pdf (1).pdf,crop_suitability_by_province,ปาล์มน้ำมัน,พะเยา,ไร่,5,table,n,1781,พืช ปาล์มน้ำมัน จังหวัด พะเยา ระดับความเหมาะสม n มีเนื้อที่ 1781 ไร่
พื้นที่ความเหมาะสมพืชรายจังหวัด,-13-pdf (1).pdf,crop_suitability_by_province,ปาล์มน้ำมัน,พังงา,ไร่,6,table,n,23555,พืช ปาล์มน้ำมัน จังหวัด พังงา ระดับความเหมาะสม n มีเนื้อที่ 23555 ไร่
พื้นที่ความเหมาะสมพืชรายจังหวัด,-13-pdf (1).pdf,crop_suitability_by_province,ปาล์มน้ำมัน,พัทลุง,ไร่,6,table,n,588,พืช ปาล์มน้ำมัน จังหวัด พัทลุง ระดับความเหมาะสม n มีเนื้อที่ 588 ไร่
พื้นที่ความเหมาะสมพืชรายจังหวัด,-13-pdf (1).pdf,crop_suitability_by_province,ปาล์มน้ำมัน,พิจิตร,ไร่,5,table,n,330,พืช ปาล์มน้ำมัน จังหวัด พิจิตร ระดับความเหมาะสม n มีเนื้อที่ 330 ไร่
พื้นที่ความเหมาะสมพืชรายจังหวัด,-13-pdf (1).pdf,crop_suitability_by_province,ปาล์มน้ำมัน,พิษณุโลก,ไร่,5,table,n,10013,พืช ปาล์มน้ำมัน จังหวัด พิษณุโลก ระดับความเหมาะสม n มีเนื้อที่ 10013 ไร่
พื้นที่ความเหมาะสมพืชรายจังหวัด,-13-pdf (1).pdf,crop_suitability_by_province,ปาล์มน้ำมัน,ภูเก็ต,ไร่,6,table,n,230,พืช ปาล์มน้ำมัน จังหวัด ภูเก็ต ระดับความเหมาะสม n มีเนื้อที่ 230 ไร่
พื้นที่ความเหมาะสมพืชรายจังหวัด,-13-pdf (1).pdf,crop_suitability_by_province,ปาล์มน้ำมัน,มหาสารคาม,ไร่,6,table,n,48,พืช ปาล์มน้ำมัน จังหวัด มหาสารคาม ระดับความเหมาะสม n มีเนื้อที่ 48 ไร่
พื้นที่ความเหมาะสมพืชรายจังหวัด,-13-pdf (1).pdf,crop_suitability_by_province,ปาล์มน้ำมัน,มุกดาหาร,ไร่,6,table,n,2430,พืช ปาล์มน้ำมัน จังหวัด มุกดาหาร ระดับความเหมาะสม n มีเนื้อที่ 2430 ไร่
พื้นที่ความเหมาะสมพืชรายจังหวัด,-13-pdf (1).pdf,crop_suitability_by_province,ปาล์มน้ำมัน,ยะลา,ไร่,6,table,n,117,พืช ปาล์มน้ำมัน จังหวัด ยะลา ระดับความเหมาะสม n มีเนื้อที่ 117 ไร่
พื้นที่ความเหมาะสมพืชรายจังหวัด,-13-pdf (1).pdf,crop_suitability_by_province,ปาล์มน้ำมัน,ยโสธร,ไร่,6,table,n,3397,พืช ปาล์มน้ำมัน จังหวัด ยโสธร ระดับความเหมาะสม n มีเนื้อที่ 3397 ไร่
พื้นที่ความเหมาะสมพืชรายจังหวัด,-13-pdf (1).pdf,crop_suitability_by_province,ปาล์มน้ำมัน,ระนอง,ไร่,6,table,n,26993,พืช ปาล์มน้ำมัน จังหวัด ระนอง ระดับความเหมาะสม n มีเนื้อที่ 26993 ไร่
พื้นที่ความเหมาะสมพืชรายจังหวัด,-13-pdf (1).pdf,crop_suitability_by_province,ปาล์มน้ำมัน,ระยอง,ไร่,5,table,n,32797,พืช ปาล์มน้ำมัน จังหวัด ระยอง ระดับความเหมาะสม n มีเนื้อที่ 32797 ไร่
พื้นที่ความเหมาะสมพืชรายจังหวัด,-13-pdf (1).pdf,crop_suitability_by_province,ปาล์มน้ำมัน,ราชบุรี,ไร่,5,table,n,18601,พืช ปาล์มน้ำมัน จังหวัด ราชบุรี ระดับความเหมาะสม n มีเนื้อที่ 18601 ไร่
พื้นที่ความเหมาะสมพืชรายจังหวัด,-13-pdf (1).pdf,crop_suitability_by_province,ปาล์มน้ำมัน,ร้อยเอ็ด,ไร่,6,table,n,1891,พืช ปาล์มน้ำมัน จังหวัด ร้อยเอ็ด ระดับความเหมาะสม n มีเนื้อที่ 1891 ไร่
พื้นที่ความเหมาะสมพืชรายจังหวัด,-13-pdf (1).pdf,crop_suitability_by_province,ปาล์มน้ำมัน,ลพบุรี,ไร่,5,table,n,3045,พืช ปาล์มน้ำมัน จังหวัด ลพบุรี ระดับความเหมาะสม n มีเนื้อที่ 3045 ไร่
พื้นที่ความเหมาะสมพืชรายจังหวัด,-13-pdf (1).pdf,crop_suitability_by_province,ปาล์มน้ำมัน,ลำปาง,ไร่,5,table,n,1694,พืช ปาล์มน้ำมัน จังหวัด ลำปาง ระดับความเหมาะสม n มีเนื้อที่ 1694 ไร่
พื้นที่ความเหมาะสมพืชรายจังหวัด,-13-pdf (1).pdf,crop_suitability_by_province,ปาล์มน้ำมัน,ลำพูน,ไร่,5,table,n,513,พืช ปาล์มน้ำมัน จังหวัด ลำพูน ระดับความเหมาะสม n มีเนื้อที่ 513 ไร่
พื้นที่ความเหมาะสมพืชรายจังหวัด,-13-pdf (1).pdf,crop_suitability_by_province,ปาล์มน้ำมัน,ศรีสะเกษ,ไร่,6,table,n,4912,พืช ปาล์มน้ำมัน จังหวัด ศรีสะเกษ ระดับความเหมาะสม n มีเนื้อที่ 4912 ไร่
พื้นที่ความเหมาะสมพืชรายจังหวัด,-13-pdf (1).pdf,crop_suitability_by_province,ปาล์มน้ำมัน,สกลนคร,ไร่,6,table,n,5251,พืช ปาล์มน้ำมัน จังหวัด สกลนคร ระดับความเหมาะสม n มีเนื้อที่ 5251 ไร่
พื้นที่ความเหมาะสมพืชรายจังหวัด,-13-pdf (1).pdf,crop_suitability_by_province,ปาล์มน้ำมัน,สงขลา,ไร่,6,table,n,744,พืช ปาล์มน้ำมัน จังหวัด สงขลา ระดับความเหมาะสม n มีเนื้อที่ 744 ไร่
พื้นที่ความเหมาะสมพืชรายจังหวัด,-13-pdf (1).pdf,crop_suitability_by_province,ปาล์มน้ำมัน,สตูล,ไร่,6,table,n,12121,พืช ปาล์มน้ำมัน จังหวัด สตูล ระดับความเหมาะสม n มีเนื้อที่ 12121 ไร่
พื้นที่ความเหมาะสมพืชรายจังหวัด,-13-pdf (1).pdf,crop_suitability_by_province,ปาล์มน้ำมัน,สมุทรปราการ,ไร่,5,table,n,316,พืช ปาล์มน้ำมัน จังหวัด สมุทรปราการ ระดับความเหมาะสม n มีเนื้อที่ 316 ไร่
พื้นที่ความเหมาะสมพืชรายจังหวัด,-13-pdf (1).pdf,crop_suitability_by_province,ปาล์มน้ำมัน,สมุทรสงคราม,ไร่,5,table,n,3,พืช ปาล์มน้ำมัน จังหวัด สมุทรสงคราม ระดับความเหมาะสม n มีเนื้อที่ 3 ไร่
พื้นที่ความเหมาะสมพืชรายจังหวัด,-13-pdf (1).pdf,crop_suitability_by_province,ปาล์มน้ำมัน,สมุทรสาคร,ไร่,5,table,n,8,พืช ปาล์มน้ำมัน จังหวัด สมุทรสาคร ระดับความเหมาะสม n มีเนื้อที่ 8 ไร่
พื้นที่ความเหมาะสมพืชรายจังหวัด,-13-pdf (1).pdf,crop_suitability_by_province,ปาล์มน้ำมัน,สระบุรี,ไร่,5,table,n,6065,พืช ปาล์มน้ำมัน จังหวัด สระบุรี ระดับความเหมาะสม n มีเนื้อที่ 6065 ไร่
พื้นที่ความเหมาะสมพืชรายจังหวัด,-13-pdf (1).pdf,crop_suitability_by_province,ปาล์มน้ำมัน,สระแก้ว,ไร่,5,table,n,29091,พืช ปาล์มน้ำมัน จังหวัด สระแก้ว ระดับความเหมาะสม n มีเนื้อที่ 29091 ไร่
พื้นที่ความเหมาะสมพืชรายจังหวัด,-13-pdf (1).pdf,crop_suitability_by_province,ปาล์มน้ำมัน,สิงห์บุรี,ไร่,5,table,n,26,พืช ปาล์มน้ำมัน จังหวัด สิงห์บุรี ระดับความเหมาะสม n มีเนื้อที่ 26 ไร่
พื้นที่ความเหมาะสมพืชรายจังหวัด,-13-pdf (1).pdf,crop_suitability_by_province,ปาล์มน้ำมัน,สุพรรณบุรี,ไร่,5,table,n,4883,พืช ปาล์มน้ำมัน จังหวัด สุพรรณบุรี ระดับความเหมาะสม n มีเนื้อที่ 4883 ไร่
พื้นที่ความเหมาะสมพืชรายจังหวัด,-13-pdf (1).pdf,crop_suitability_by_province,ปาล์มน้ำมัน,สุราษฎร์ธานี,ไร่,6,table,n,52297,พืช ปาล์มน้ำมัน จังหวัด สุราษฎร์ธานี ระดับความเหมาะสม n มีเนื้อที่ 52297 ไร่
พื้นที่ความเหมาะสมพืชรายจังหวัด,-13-pdf (1).pdf,crop_suitability_by_province,ปาล์มน้ำมัน,สุรินทร์,ไร่,6,table,n,2928,พืช ปาล์มน้ำมัน จังหวัด สุรินทร์ ระดับความเหมาะสม n มีเนื้อที่ 2928 ไร่
พื้นที่ความเหมาะสมพืชรายจังหวัด,-13-pdf (1).pdf,crop_suitability_by_province,ปาล์มน้ำมัน,สุโขทัย,ไร่,5,table,n,4306,พืช ปาล์มน้ำมัน จังหวัด สุโขทัย ระดับความเหมาะสม n มีเนื้อที่ 4306 ไร่
พื้นที่ความเหมาะสมพืชรายจังหวัด,-13-pdf (1).pdf,crop_suitability_by_province,ปาล์มน้ำมัน,หนองคาย,ไร่,6,table,n,10743,พืช ปาล์มน้ำมัน จังหวัด หนองคาย ระดับความเหมาะสม n มีเนื้อที่ 10743 ไร่
พื้นที่ความเหมาะสมพืชรายจังหวัด,-13-pdf (1).pdf,crop_suitability_by_province,ปาล์มน้ำมัน,หนองบัวลำภู,ไร่,6,table,n,4131,พืช ปาล์มน้ำมัน จังหวัด หนองบัวลำภู ระดับความเหมาะสม n มีเนื้อที่ 4131 ไร่
พื้นที่ความเหมาะสมพืชรายจังหวัด,-13-pdf (1).pdf,crop_suitability_by_province,ปาล์มน้ำมัน,อำนาจเจริญ,ไร่,6,table,n,6332,พืช ปาล์มน้ำมัน จังหวัด อำนาจเจริญ ระดับความเหมาะสม n มีเนื้อที่ 6332 ไร่
พื้นที่ความเหมาะสมพืชรายจังหวัด,-13-pdf (1).pdf,crop_suitability_by_province,ปาล์มน้ำมัน,อุดรธานี,ไร่,6,table,n,21515,พืช ปาล์มน้ำมัน จังหวัด อุดรธานี ระดับความเหมาะสม n มีเนื้อที่ 21515 ไร่
พื้นที่ความเหมาะสมพืชรายจังหวัด,-13-pdf (1).pdf,crop_suitability_by_province,ปาล์มน้ำมัน,อุตรดิตถ์,ไร่,5,table,n,3572,พืช ปาล์มน้ำมัน จังหวัด อุตรดิตถ์ ระดับความเหมาะสม n มีเนื้อที่ 3572 ไร่
พื้นที่ความเหมาะสมพืชรายจังหวัด,-13-pdf (1).pdf,crop_suitability_by_province,ปาล์มน้ำมัน,อุทัยธานี,ไร่,5,table,n,7464,พืช ปาล์มน้ำมัน จังหวัด อุทัยธานี ระดับความเหมาะสม n มีเนื้อที่ 7464 ไร่
พื้นที่ความเหมาะสมพืชรายจังหวัด,-13-pdf (1).pdf,crop_suitability_by_province,ปาล์มน้ำมัน,อุบลราชธานี,ไร่,6,table,n,4798,พืช ปาล์มน้ำมัน จังหวัด อุบลราชธานี ระดับความเหมาะสม n มีเนื้อที่ 4798 ไร่
พื้นที่ความเหมาะสมพืชรายจังหวัด,-13-pdf (1).pdf,crop_suitability_by_province,ปาล์มน้ำมัน,เชียงราย,ไร่,5,table,n,2701,พืช ปาล์มน้ำมัน จังหวัด เชียงราย ระดับความเหมาะสม n มีเนื้อที่ 2701 ไร่
พื้นที่ความเหมาะสมพืชรายจังหวัด,-13-pdf (1).pdf,crop_suitability_by_province,ปาล์มน้ำมัน,เชียงใหม่,ไร่,5,table,n,512,พืช ปาล์มน้ำมัน จังหวัด เชียงใหม่ ระดับความเหมาะสม n มีเนื้อที่ 512 ไร่
พื้นที่ความเหมาะสมพืชรายจังหวัด,-13-pdf (1).pdf,crop_suitability_by_province,ปาล์มน้ำมัน,เพชรบุรี,ไร่,5,table,n,12305,พืช ปาล์มน้ำมัน จังหวัด เพชรบุรี ระดับความเหมาะสม n มีเนื้อที่ 12305 ไร่
พื้นที่ความเหมาะสมพืชรายจังหวัด,-13-pdf (1).pdf,crop_suitability_by_province,ปาล์มน้ำมัน,เพชรบูรณ์,ไร่,5,table,n,7232,พืช ปาล์มน้ำมัน จังหวัด เพชรบูรณ์ ระดับความเหมาะสม n มีเนื้อที่ 7232 ไร่
พื้นที่ความเหมาะสมพืชรายจังหวัด,-13-pdf (1).pdf,crop_suitability_by_province,ปาล์มน้ำมัน,เลย,ไร่,6,table,n,16525,พืช ปาล์มน้ำมัน จังหวัด เลย ระดับความเหมาะสม n มีเนื้อที่ 16525 ไร่
พื้นที่ความเหมาะสมพืชรายจังหวัด,-13-pdf (1).pdf,crop_suitability_by_province,ปาล์มน้ำมัน,แพร่,ไร่,5,table,n,461,พืช ปาล์มน้ำมัน จังหวัด แพร่ ระดับความเหมาะสม n มีเนื้อที่ 461 ไร่
พื้นที่ความเหมาะสมพืชรายจังหวัด,-13-pdf (1).pdf,crop_suitability_by_province,ปาล์มน้ำมัน,แม่ฮ่องสอน,ไร่,5,table,n,23,พืช ปาล์มน้ำมัน จังหวัด แม่ฮ่องสอน ระดับความเหมาะสม n มีเนื้อที่ 23 ไร่
พื้นที่ความเหมาะสมพืชรายจังหวัด,-13-pdf (1).pdf,crop_suitability_by_province,มะพร้าว,กระบี่,ไร่,19,table,n,991,พืช มะพร้าว จังหวัด กระบี่ ระดับความเหมาะสม n มีเนื้อที่ 991 ไร่
พื้นที่ความเหมาะสมพืชรายจังหวัด,-13-pdf (1).pdf,crop_suitability_by_province,มะพร้าว,กรุงเทพมหานคร,ไร่,18,table,n,724,พืช มะพร้าว จังหวัด กรุงเทพมหานคร ระดับความเหมาะสม n มีเนื้อที่ 724 ไร่
พื้นที่ความเหมาะสมพืชรายจังหวัด,-13-pdf (1).pdf,crop_suitability_by_province,มะพร้าว,กาญจนบุรี,ไร่,18,table,n,632,พืช มะพร้าว จังหวัด กาญจนบุรี ระดับความเหมาะสม n มีเนื้อที่ 632 ไร่
พื้นที่ความเหมาะสมพืชรายจังหวัด,-13-pdf (1).pdf,crop_suitability_by_province,มะพร้าว,กาฬสินธุ์,ไร่,18,table,n,39,พืช มะพร้าว จังหวัด กาฬสินธุ์ ระดับความเหมาะสม n มีเนื้อที่ 39 ไร่
พื้นที่ความเหมาะสมพืชรายจังหวัด,-13-pdf (1).pdf,crop_suitability_by_province,มะพร้าว,กำแพงเพชร,ไร่,18,table,n,388,พืช มะพร้าว จังหวัด กำแพงเพชร ระดับความเหมาะสม n มีเนื้อที่ 388 ไร่
พื้นที่ความเหมาะสมพืชรายจังหวัด,-13-pdf (1).pdf,crop_suitability_by_province,มะพร้าว,ขอนแก่น,ไร่,18,table,n,21,พืช มะพร้าว จังหวัด ขอนแก่น ระดับความเหมาะสม n มีเนื้อที่ 21 ไร่
พื้นที่ความเหมาะสมพืชรายจังหวัด,-13-pdf (1).pdf,crop_suitability_by_province,มะพร้าว,จันทบุรี,ไร่,19,table,n,1563,พืช มะพร้าว จังหวัด จันทบุรี ระดับความเหมาะสม n มีเนื้อที่ 1563 ไร่
พื้นที่ความเหมาะสมพืชรายจังหวัด,-13-pdf (1).pdf,crop_suitability_by_province,มะพร้าว,ฉะเชิงเทรา,ไร่,19,table,n,18607,พืช มะพร้าว จังหวัด ฉะเชิงเทรา ระดับความเหมาะสม n มีเนื้อที่ 18607 ไร่
พื้นที่ความเหมาะสมพืชรายจังหวัด,-13-pdf (1).pdf,crop_suitability_by_province,มะพร้าว,ชลบุรี,ไร่,19,table,n,7316,พืช มะพร้าว จังหวัด ชลบุรี ระดับความเหมาะสม n มีเนื้อที่ 7316 ไร่
พื้นที่ความเหมาะสมพืชรายจังหวัด,-13-pdf (1).pdf,crop_suitability_by_province,มะพร้าว,ชัยนาท,ไร่,19,table,n,243,พืช มะพร้าว จังหวัด ชัยนาท ระดับความเหมาะสม n มีเนื้อที่ 243 ไร่
พื้นที่ความเหมาะสมพืชรายจังหวัด,-13-pdf (1).pdf,crop_suitability_by_province,มะพร้าว,ชัยภูมิ,ไร่,18,table,n,239,พืช มะพร้าว จังหวัด ชัยภูมิ ระดับความเหมาะสม n มีเนื้อที่ 239 ไร่
พื้นที่ความเหมาะสมพืชรายจังหวัด,-13-pdf (1).pdf,crop_suitability_by_province,มะพร้าว,ชุมพร,ไร่,19,table,n,25873,พืช มะพร้าว จังหวัด ชุมพร ระดับความเหมาะสม n มีเนื้อที่ 25873 ไร่
พื้นที่ความเหมาะสมพืชรายจังหวัด,-13-pdf (1).pdf,crop_suitability_by_province,มะพร้าว,ตรัง,ไร่,19,table,n,403,พืช มะพร้าว จังหวัด ตรัง ระดับความเหมาะสม n มีเนื้อที่ 403 ไร่
พื้นที่ความเหมาะสมพืชรายจังหวัด,-13-pdf (1).pdf,crop_suitability_by_province,มะพร้าว,ตราด,ไร่,19,table,n,7667,พืช มะพร้าว จังหวัด ตราด ระดับความเหมาะสม n มีเนื้อที่ 7667 ไร่
พื้นที่ความเหมาะสมพืชรายจังหวัด,-13-pdf (1).pdf,crop_suitability_by_province,มะพร้าว,ตาก,ไร่,18,table,n,107,พืช มะพร้าว จังหวัด ตาก ระดับความเหมาะสม n มีเนื้อที่ 107 ไร่
พื้นที่ความเหมาะสมพืชรายจังหวัด,-13-pdf (1).pdf,crop_suitability_by_province,มะพร้าว,นครนายก,ไร่,19,table,n,1098,พืช มะพร้าว จังหวัด นครนายก ระดับความเหมาะสม n มีเนื้อที่ 1098 ไร่
พื้นที่ความเหมาะสมพืชรายจังหวัด,-13-pdf (1).pdf,crop_suitability_by_province,มะพร้าว,นครปฐม,ไร่,18,table,n,4117,พืช มะพร้าว จังหวัด นครปฐม ระดับความเหมาะสม n มีเนื้อที่ 4117 ไร่
พื้นที่ความเหมาะสมพืชรายจังหวัด,-13-pdf (1).pdf,crop_suitability_by_province,มะพร้าว,นครพนม,ไร่,18,table,n,2,พืช มะพร้าว จังหวัด นครพนม ระดับความเหมาะสม n มีเนื้อที่ 2 ไร่
พื้นที่ความเหมาะสมพืชรายจังหวัด,-13-pdf (1).pdf,crop_suitability_by_province,มะพร้าว,นครราชสีมา,ไร่,18,table,n,2117,พืช มะพร้าว จังหวัด นครราชสีมา ระดับความเหมาะสม n มีเนื้อที่ 2117 ไร่
พื้นที่ความเหมาะสมพืชรายจังหวัด,-13-pdf (1).pdf,crop_suitability_by_province,มะพร้าว,นครศรีธรรมราช,ไร่,19,table,n,50081,พืช มะพร้าว จังหวัด นครศรีธรรมราช ระดับความเหมาะสม n มีเนื้อที่ 50081 ไร่
พื้นที่ความเหมาะสมพืชรายจังหวัด,-13-pdf (1).pdf,crop_suitability_by_province,มะพร้าว,นครสวรรค์,ไร่,18,table,n,1066,พืช มะพร้าว จังหวัด นครสวรรค์ ระดับความเหมาะสม n มีเนื้อที่ 1066 ไร่
พื้นที่ความเหมาะสมพืชรายจังหวัด,-13-pdf (1).pdf,crop_suitability_by_province,มะพร้าว,นนทบุรี,ไร่,19,table,n,356,พืช มะพร้าว จังหวัด นนทบุรี ระดับความเหมาะสม n มีเนื้อที่ 356 ไร่
พื้นที่ความเหมาะสมพืชรายจังหวัด,-13-pdf (1).pdf,crop_suitability_by_province,มะพร้าว,นราธิวาส,ไร่,19,table,n,4509,พืช มะพร้าว จังหวัด นราธิวาส ระดับความเหมาะสม n มีเนื้อที่ 4509 ไร่
พื้นที่ความเหมาะสมพืชรายจังหวัด,-13-pdf (1).pdf,crop_suitability_by_province,มะพร้าว,น่าน,ไร่,18,table,n,1,พืช มะพร้าว จังหวัด น่าน ระดับความเหมาะสม n มีเนื้อที่ 1 ไร่
พื้นที่ความเหมาะสมพืชรายจังหวัด,-13-pdf (1).pdf,crop_suitability_by_province,มะพร้าว,บุรีรัมย์,ไร่,18,table,n,295,พืช มะพร้าว จังหวัด บุรีรัมย์ ระดับความเหมาะสม n มีเนื้อที่ 295 ไร่
พื้นที่ความเหมาะสมพืชรายจังหวัด,-13-pdf (1).pdf,crop_suitability_by_province,มะพร้าว,ปทุมธานี,ไร่,18,table,n,3887,พืช มะพร้าว จังหวัด ปทุมธานี ระดับความเหมาะสม n มีเนื้อที่ 3887 ไร่
พื้นที่ความเหมาะสมพืชรายจังหวัด,-13-pdf (1).pdf,crop_suitability_by_province,มะพร้าว,ประจวบคีรีขันธ์,ไร่,18,table,n,12787,พืช มะพร้าว จังหวัด ประจวบคีรีขันธ์ ระดับความเหมาะสม n มีเนื้อที่ 12787 ไร่
พื้นที่ความเหมาะสมพืชรายจังหวัด,-13-pdf (1).pdf,crop_suitability_by_province,มะพร้าว,ปราจีนบุรี,ไร่,19,table,n,307,พืช มะพร้าว จังหวัด ปราจีนบุรี ระดับความเหมาะสม n มีเนื้อที่ 307 ไร่
พื้นที่ความเหมาะสมพืชรายจังหวัด,-13-pdf (1).pdf,crop_suitability_by_province,มะพร้าว,ปัตตานี,ไร่,19,table,n,14757,พืช มะพร้าว จังหวัด ปัตตานี ระดับความเหมาะสม n มีเนื้อที่ 14757 ไร่
พื้นที่ความเหมาะสมพืชรายจังหวัด,-13-pdf (1).pdf,crop_suitability_by_province,มะพร้าว,พระนครศรีอยุธยา,ไร่,19,table,n,502,พืช มะพร้าว จังหวัด พระนครศรีอยุธยา ระดับความเหมาะสม n มีเนื้อที่ 502 ไร่
พื้นที่ความเหมาะสมพืชรายจังหวัด,-13-pdf (1).pdf,crop_suitability_by_province,มะพร้าว,พะเยา,ไร่,18,table,n,45,พืช มะพร้าว จังหวัด พะเยา ระดับความเหมาะสม n มีเนื้อที่ 45 ไร่
พื้นที่ความเหมาะสมพืชรายจังหวัด,-13-pdf (1).pdf,crop_suitability_by_province,มะพร้าว,พังงา,ไร่,19,table,n,2022,พืช มะพร้าว จังหวัด พังงา ระดับความเหมาะสม n มีเนื้อที่ 2022 ไร่
พื้นที่ความเหมาะสมพืชรายจังหวัด,-13-pdf (1).pdf,crop_suitability_by_province,มะพร้าว,พัทลุง,ไร่,19,table,n,887,พืช มะพร้าว จังหวัด พัทลุง ระดับความเหมาะสม n มีเนื้อที่ 887 ไร่
พื้นที่ความเหมาะสมพืชรายจังหวัด,-13-pdf (1).pdf,crop_suitability_by_province,มะพร้าว,พิจิตร,ไร่,18,table,n,499,พืช มะพร้าว จังหวัด พิจิตร ระดับความเหมาะสม n มีเนื้อที่ 499 ไร่
พื้นที่ความเหมาะสมพืชรายจังหวัด,-13-pdf (1).pdf,crop_suitability_by_province,มะพร้าว,พิษณุโลก,ไร่,18,table,n,542,พืช มะพร้าว จังหวัด พิษณุโลก ระดับความเหมาะสม n มีเนื้อที่ 542 ไร่
พื้นที่ความเหมาะสมพืชรายจังหวัด,-13-pdf (1).pdf,crop_suitability_by_province,มะพร้าว,ภูเก็ต,ไร่,19,table,n,2167,พืช มะพร้าว จังหวัด ภูเก็ต ระดับความเหมาะสม n มีเนื้อที่ 2167 ไร่
พื้นที่ความเหมาะสมพืชรายจังหวัด,-13-pdf (1).pdf,crop_suitability_by_province,มะพร้าว,มหาสารคาม,ไร่,18,table,n,73,พืช มะพร้าว จังหวัด มหาสารคาม ระดับความเหมาะสม n มีเนื้อที่ 73 ไร่
พื้นที่ความเหมาะสมพืชรายจังหวัด,-13-pdf (1).pdf,crop_suitability_by_province,มะพร้าว,มุกดาหาร,ไร่,18,table,n,1,พืช มะพร้าว จังหวัด มุกดาหาร ระดับความเหมาะสม n มีเนื้อที่ 1 ไร่
พื้นที่ความเหมาะสมพืชรายจังหวัด,-13-pdf (1).pdf,crop_suitability_by_province,มะพร้าว,ยะลา,ไร่,19,table,n,223,พืช มะพร้าว จังหวัด ยะลา ระดับความเหมาะสม n มีเนื้อที่ 223 ไร่
พื้นที่ความเหมาะสมพืชรายจังหวัด,-13-pdf (1).pdf,crop_suitability_by_province,มะพร้าว,ระนอง,ไร่,19,table,n,512,พืช มะพร้าว จังหวัด ระนอง ระดับความเหมาะสม n มีเนื้อที่ 512 ไร่
พื้นที่ความเหมาะสมพืชรายจังหวัด,-13-pdf (1).pdf,crop_suitability_by_province,มะพร้าว,ระยอง,ไร่,19,table,n,1568,พืช มะพร้าว จังหวัด ระยอง ระดับความเหมาะสม n มีเนื้อที่ 1568 ไร่
พื้นที่ความเหมาะสมพืชรายจังหวัด,-13-pdf (1).pdf,crop_suitability_by_province,มะพร้าว,ราชบุรี,ไร่,18,table,n,24439,พืช มะพร้าว จังหวัด ราชบุรี ระดับความเหมาะสม n มีเนื้อที่ 24439 ไร่
พื้นที่ความเหมาะสมพืชรายจังหวัด,-13-pdf (1).pdf,crop_suitability_by_province,มะพร้าว,ร้อยเอ็ด,ไร่,18,table,n,6,พืช มะพร้าว จังหวัด ร้อยเอ็ด ระดับความเหมาะสม n มีเนื้อที่ 6 ไร่
พื้นที่ความเหมาะสมพืชรายจังหวัด,-13-pdf (1).pdf,crop_suitability_by_province,มะพร้าว,ลพบุรี,ไร่,19,table,n,94,พืช มะพร้าว จังหวัด ลพบุรี ระดับความเหมาะสม n มีเนื้อที่ 94 ไร่
พื้นที่ความเหมาะสมพืชรายจังหวัด,-13-pdf (1).pdf,crop_suitability_by_province,มะพร้าว,ลำปาง,ไร่,18,table,n,23,พืช มะพร้าว จังหวัด ลำปาง ระดับความเหมาะสม n มีเนื้อที่ 23 ไร่
พื้นที่ความเหมาะสมพืชรายจังหวัด,-13-pdf (1).pdf,crop_suitability_by_province,มะพร้าว,ลำพูน,ไร่,18,table,n,3,พืช มะพร้าว จังหวัด ลำพูน ระดับความเหมาะสม n มีเนื้อที่ 3 ไร่
พื้นที่ความเหมาะสมพืชรายจังหวัด,-13-pdf (1).pdf,crop_suitability_by_province,มะพร้าว,ศรีสะเกษ,ไร่,18,table,n,221,พืช มะพร้าว จังหวัด ศรีสะเกษ ระดับความเหมาะสม n มีเนื้อที่ 221 ไร่
พื้นที่ความเหมาะสมพืชรายจังหวัด,-13-pdf (1).pdf,crop_suitability_by_province,มะพร้าว,สกลนคร,ไร่,18,table,n,61,พืช มะพร้าว จังหวัด สกลนคร ระดับความเหมาะสม n มีเนื้อที่ 61 ไร่
พื้นที่ความเหมาะสมพืชรายจังหวัด,-13-pdf (1).pdf,crop_suitability_by_province,มะพร้าว,สงขลา,ไร่,19,table,n,2880,พืช มะพร้าว จังหวัด สงขลา ระดับความเหมาะสม n มีเนื้อที่ 2880 ไร่
พื้นที่ความเหมาะสมพืชรายจังหวัด,-13-pdf (1).pdf,crop_suitability_by_province,มะพร้าว,สตูล,ไร่,19,table,n,1310,พืช มะพร้าว จังหวัด สตูล ระดับความเหมาะสม n มีเนื้อที่ 1310 ไร่
พื้นที่ความเหมาะสมพืชรายจังหวัด,-13-pdf (1).pdf,crop_suitability_by_province,มะพร้าว,สมุทรปราการ,ไร่,19,table,n,424,พืช มะพร้าว จังหวัด สมุทรปราการ ระดับความเหมาะสม n มีเนื้อที่ 424 ไร่
พื้นที่ความเหมาะสมพืชรายจังหวัด,-13-pdf (1).pdf,crop_suitability_by_province,มะพร้าว,สมุทรสงคราม,ไร่,18,table,n,838,พืช มะพร้าว จังหวัด สมุทรสงคราม ระดับความเหมาะสม n มีเนื้อที่ 838 ไร่
พื้นที่ความเหมาะสมพืชรายจังหวัด,-13-pdf (1).pdf,crop_suitability_by_province,มะพร้าว,สมุทรสาคร,ไร่,18,table,n,2062,พืช มะพร้าว จังหวัด สมุทรสาคร ระดับความเหมาะสม n มีเนื้อที่ 2062 ไร่
พื้นที่ความเหมาะสมพืชรายจังหวัด,-13-pdf (1).pdf,crop_suitability_by_province,มะพร้าว,สระบุรี,ไร่,18,table,n,1715,พืช มะพร้าว จังหวัด สระบุรี ระดับความเหมาะสม n มีเนื้อที่ 1715 ไร่
พื้นที่ความเหมาะสมพืชรายจังหวัด,-13-pdf (1).pdf,crop_suitability_by_province,มะพร้าว,สระแก้ว,ไร่,19,table,n,35,พืช มะพร้าว จังหวัด สระแก้ว ระดับความเหมาะสม n มีเนื้อที่ 35 ไร่
พื้นที่ความเหมาะสมพืชรายจังหวัด,-13-pdf (1).pdf,crop_suitability_by_province,มะพร้าว,สิงห์บุรี,ไร่,19,table,n,487,พืช มะพร้าว จังหวัด สิงห์บุรี ระดับความเหมาะสม n มีเนื้อที่ 487 ไร่
พื้นที่ความเหมาะสมพืชรายจังหวัด,-13-pdf (1).pdf,crop_suitability_by_province,มะพร้าว,สุพรรณบุรี,ไร่,19,table,n,1157,พืช มะพร้าว จังหวัด สุพรรณบุรี ระดับความเหมาะสม n มีเนื้อที่ 1157 ไร่
พื้นที่ความเหมาะสมพืชรายจังหวัด,-13-pdf (1).pdf,crop_suitability_by_province,มะพร้าว,สุราษฎร์ธานี,ไร่,19,table,n,72706,พืช มะพร้าว จังหวัด สุราษฎร์ธานี ระดับความเหมาะสม n มีเนื้อที่ 72706 ไร่
พื้นที่ความเหมาะสมพืชรายจังหวัด,-13-pdf (1).pdf,crop_suitability_by_province,มะพร้าว,สุรินทร์,ไร่,18,table,n,232,พืช มะพร้าว จังหวัด สุรินทร์ ระดับความเหมาะสม n มีเนื้อที่ 232 ไร่
พื้นที่ความเหมาะสมพืชรายจังหวัด,-13-pdf (1).pdf,crop_suitability_by_province,มะพร้าว,สุโขทัย,ไร่,18,table,n,22,พืช มะพร้าว จังหวัด สุโขทัย ระดับความเหมาะสม n มีเนื้อที่ 22 ไร่
พื้นที่ความเหมาะสมพืชรายจังหวัด,-13-pdf (1).pdf,crop_suitability_by_province,มะพร้าว,หนองคาย,ไร่,18,table,n,9,พืช มะพร้าว จังหวัด หนองคาย ระดับความเหมาะสม n มีเนื้อที่ 9 ไร่
พื้นที่ความเหมาะสมพืชรายจังหวัด,-13-pdf (1).pdf,crop_suitability_by_province,มะพร้าว,หนองบัวลำภู,ไร่,18,table,n,56,พืช มะพร้าว จังหวัด หนองบัวลำภู ระดับความเหมาะสม n มีเนื้อที่ 56 ไร่
พื้นที่ความเหมาะสมพืชรายจังหวัด,-13-pdf (1).pdf,crop_suitability_by_province,มะพร้าว,อำนาจเจริญ,ไร่,18,table,n,5,พืช มะพร้าว จังหวัด อำนาจเจริญ ระดับความเหมาะสม n มีเนื้อที่ 5 ไร่
พื้นที่ความเหมาะสมพืชรายจังหวัด,-13-pdf (1).pdf,crop_suitability_by_province,มะพร้าว,อุดรธานี,ไร่,18,table,n,100,พืช มะพร้าว จังหวัด อุดรธานี ระดับความเหมาะสม n มีเนื้อที่ 100 ไร่
พื้นที่ความเหมาะสมพืชรายจังหวัด,-13-pdf (1).pdf,crop_suitability_by_province,มะพร้าว,อุตรดิตถ์,ไร่,18,table,n,140,พืช มะพร้าว จังหวัด อุตรดิตถ์ ระดับความเหมาะสม n มีเนื้อที่ 140 ไร่
พื้นที่ความเหมาะสมพืชรายจังหวัด,-13-pdf (1).pdf,crop_suitability_by_province,มะพร้าว,อุทัยธานี,ไร่,18,table,n,101,พืช มะพร้าว จังหวัด อุทัยธานี ระดับความเหมาะสม n มีเนื้อที่ 101 ไร่
พื้นที่ความเหมาะสมพืชรายจังหวัด,-13-pdf (1).pdf,crop_suitability_by_province,มะพร้าว,อุบลราชธานี,ไร่,18,table,n,73,พืช มะพร้าว จังหวัด อุบลราชธานี ระดับความเหมาะสม n มีเนื้อที่ 73 ไร่
พื้นที่ความเหมาะสมพืชรายจังหวัด,-13-pdf (1).pdf,crop_suitability_by_province,มะพร้าว,อ่างทอง,ไร่,19,table,n,497,พืช มะพร้าว จังหวัด อ่างทอง ระดับความเหมาะสม n มีเนื้อที่ 497 ไร่
พื้นที่ความเหมาะสมพืชรายจังหวัด,-13-pdf (1).pdf,crop_suitability_by_province,มะพร้าว,เชียงราย,ไร่,18,table,n,174,พืช มะพร้าว จังหวัด เชียงราย ระดับความเหมาะสม n มีเนื้อที่ 174 ไร่
พื้นที่ความเหมาะสมพืชรายจังหวัด,-13-pdf (1).pdf,crop_suitability_by_province,มะพร้าว,เชียงใหม่,ไร่,18,table,n,54,พืช มะพร้าว จังหวัด เชียงใหม่ ระดับความเหมาะสม n มีเนื้อที่ 54 ไร่
พื้นที่ความเหมาะสมพืชรายจังหวัด,-13-pdf (1).pdf,crop_suitability_by_province,มะพร้าว,เพชรบุรี,ไร่,18,table,n,15856,พืช มะพร้าว จังหวัด เพชรบุรี ระดับความเหมาะสม n มีเนื้อที่ 15856 ไร่
พื้นที่ความเหมาะสมพืชรายจังหวัด,-13-pdf (1).pdf,crop_suitability_by_province,มะพร้าว,เพชรบูรณ์,ไร่,18,table,n,514,พืช มะพร้าว จังหวัด เพชรบูรณ์ ระดับความเหมาะสม n มีเนื้อที่ 514 ไร่
พื้นที่ความเหมาะสมพืชรายจังหวัด,-13-pdf (1).pdf,crop_suitability_by_province,มะพร้าว,เลย,ไร่,18,table,n,32,พืช มะพร้าว จังหวัด เลย ระดับความเหมาะสม n มีเนื้อที่ 32 ไร่
พื้นที่ความเหมาะสมพืชรายจังหวัด,-13-pdf (1).pdf,crop_suitability_by_province,มะพร้าว,แพร่,ไร่,18,table,n,86,พืช มะพร้าว จังหวัด แพร่ ระดับความเหมาะสม n มีเนื้อที่ 86 ไร่
พื้นที่ความเหมาะสมพืชรายจังหวัด,-13-pdf (1).pdf,crop_suitability_by_province,มะพร้าว,แม่ฮ่องสอน,ไร่,18,table,n,3,พืช มะพร้าว จังหวัด แม่ฮ่องสอน ระดับความเหมาะสม n มีเนื้อที่ 3 ไร่
พื้นที่ความเหมาะสมพืชรายจังหวัด,-13-pdf (1).pdf,crop_suitability_by_province,มังคุด,กาญจนบุรี,ไร่,17,table,n,31,พืช มังคุด จังหวัด กาญจนบุรี ระดับความเหมาะสม n มีเนื้อที่ 31 ไร่
พื้นที่ความเหมาะสมพืชรายจังหวัด,-13-pdf (1).pdf,crop_suitability_by_province,มังคุด,กำแพงเพชร,ไร่,17,table,n,172,พืช มังคุด จังหวัด กำแพงเพชร ระดับความเหมาะสม n มีเนื้อที่ 172 ไร่
พื้นที่ความเหมาะสมพืชรายจังหวัด,-13-pdf (1).pdf,crop_suitability_by_province,มังคุด,จันทบุรี,ไร่,17,table,n,22956,พืช มังคุด จังหวัด จันทบุรี ระดับความเหมาะสม n มีเนื้อที่ 22956 ไร่
พื้นที่ความเหมาะสมพืชรายจังหวัด,-13-pdf (1).pdf,crop_suitability_by_province,มังคุด,ชลบุรี,ไร่,17,table,n,2967,พืช มังคุด จังหวัด ชลบุรี ระดับความเหมาะสม n มีเนื้อที่ 2967 ไร่
พื้นที่ความเหมาะสมพืชรายจังหวัด,-13-pdf (1).pdf,crop_suitability_by_province,มังคุด,ชุมพร,ไร่,17,table,n,6449,พืช มังคุด จังหวัด ชุมพร ระดับความเหมาะสม n มีเนื้อที่ 6449 ไร่
พื้นที่ความเหมาะสมพืชรายจังหวัด,-13-pdf (1).pdf,crop_suitability_by_province,มังคุด,ตรัง,ไร่,17,table,n,267,พืช มังคุด จังหวัด ตรัง ระดับความเหมาะสม n มีเนื้อที่ 267 ไร่
พื้นที่ความเหมาะสมพืชรายจังหวัด,-13-pdf (1).pdf,crop_suitability_by_province,มังคุด,ตราด,ไร่,17,table,n,5987,พืช มังคุด จังหวัด ตราด ระดับความเหมาะสม n มีเนื้อที่ 5987 ไร่
พื้นที่ความเหมาะสมพืชรายจังหวัด,-13-pdf (1).pdf,crop_suitability_by_province,มังคุด,นครนายก,ไร่,17,table,n,94,พืช มังคุด จังหวัด นครนายก ระดับความเหมาะสม n มีเนื้อที่ 94 ไร่
พื้นที่ความเหมาะสมพืชรายจังหวัด,-13-pdf (1).pdf,crop_suitability_by_province,มังคุด,นครศรีธรรมราช,ไร่,17,table,n,31379,พืช มังคุด จังหวัด นครศรีธรรมราช ระดับความเหมาะสม n มีเนื้อที่ 31379 ไร่
พื้นที่ความเหมาะสมพืชรายจังหวัด,-13-pdf (1).pdf,crop_suitability_by_province,มังคุด,นครสวรรค์,ไร่,17,table,n,94,พืช มังคุด จังหวัด นครสวรรค์ ระดับความเหมาะสม n มีเนื้อที่ 94 ไร่
พื้นที่ความเหมาะสมพืชรายจังหวัด,-13-pdf (1).pdf,crop_suitability_by_province,มังคุด,นราธิวาส,ไร่,17,table,n,2007,พืช มังคุด จังหวัด นราธิวาส ระดับความเหมาะสม n มีเนื้อที่ 2007 ไร่
พื้นที่ความเหมาะสมพืชรายจังหวัด,-13-pdf (1).pdf,crop_suitability_by_province,มังคุด,ปทุมธานี,ไร่,17,table,n,245,พืช มังคุด จังหวัด ปทุมธานี ระดับความเหมาะสม n มีเนื้อที่ 245 ไร่
พื้นที่ความเหมาะสมพืชรายจังหวัด,-13-pdf (1).pdf,crop_suitability_by_province,มังคุด,ประจวบคีรีขันธ์,ไร่,17,table,n,32,พืช มังคุด จังหวัด ประจวบคีรีขันธ์ ระดับความเหมาะสม n มีเนื้อที่ 32 ไร่
พื้นที่ความเหมาะสมพืชรายจังหวัด,-13-pdf (1).pdf,crop_suitability_by_province,มังคุด,ปัตตานี,ไร่,17,table,n,76,พืช มังคุด จังหวัด ปัตตานี ระดับความเหมาะสม n มีเนื้อที่ 76 ไร่
พื้นที่ความเหมาะสมพืชรายจังหวัด,-13-pdf (1).pdf,crop_suitability_by_province,มังคุด,พังงา,ไร่,17,table,n,1403,พืช มังคุด จังหวัด พังงา ระดับความเหมาะสม n มีเนื้อที่ 1403 ไร่
พื้นที่ความเหมาะสมพืชรายจังหวัด,-13-pdf (1).pdf,crop_suitability_by_province,มังคุด,พัทลุง,ไร่,17,table,n,16084,พืช มังคุด จังหวัด พัทลุง ระดับความเหมาะสม n มีเนื้อที่ 16084 ไร่
พื้นที่ความเหมาะสมพืชรายจังหวัด,-13-pdf (1).pdf,crop_suitability_by_province,มังคุด,พิจิตร,ไร่,17,table,n,3,พืช มังคุด จังหวัด พิจิตร ระดับความเหมาะสม n มีเนื้อที่ 3 ไร่
พื้นที่ความเหมาะสมพืชรายจังหวัด,-13-pdf (1).pdf,crop_suitability_by_province,มังคุด,พิษณุโลก,ไร่,17,table,n,7,พืช มังคุด จังหวัด พิษณุโลก ระดับความเหมาะสม n มีเนื้อที่ 7 ไร่
พื้นที่ความเหมาะสมพืชรายจังหวัด,-13-pdf (1).pdf,crop_suitability_by_province,มังคุด,ระนอง,ไร่,17,table,n,2155,พืช มังคุด จังหวัด ระนอง ระดับความเหมาะสม n มีเนื้อที่ 2155 ไร่
พื้นที่ความเหมาะสมพืชรายจังหวัด,-13-pdf (1).pdf,crop_suitability_by_province,มังคุด,ระยอง,ไร่,17,table,n,1222,พืช มังคุด จังหวัด ระยอง ระดับความเหมาะสม n มีเนื้อที่ 1222 ไร่
พื้นที่ความเหมาะสมพืชรายจังหวัด,-13-pdf (1).pdf,crop_suitability_by_province,มังคุด,ราชบุรี,ไร่,17,table,n,4,พืช มังคุด จังหวัด ราชบุรี ระดับความเหมาะสม n มีเนื้อที่ 4 ไร่
พื้นที่ความเหมาะสมพืชรายจังหวัด,-13-pdf (1).pdf,crop_suitability_by_province,มังคุด,ศรีสะเกษ,ไร่,17,table,n,62,พืช มังคุด จังหวัด ศรีสะเกษ ระดับความเหมาะสม n มีเนื้อที่ 62 ไร่
พื้นที่ความเหมาะสมพืชรายจังหวัด,-13-pdf (1).pdf,crop_suitability_by_province,มังคุด,สงขลา,ไร่,17,table,n,17081,พืช มังคุด จังหวัด สงขลา ระดับความเหมาะสม n มีเนื้อที่ 17081 ไร่
พื้นที่ความเหมาะสมพืชรายจังหวัด,-13-pdf (1).pdf,crop_suitability_by_province,มังคุด,สตูล,ไร่,17,table,n,10,พืช มังคุด จังหวัด สตูล ระดับความเหมาะสม n มีเนื้อที่ 10 ไร่
พื้นที่ความเหมาะสมพืชรายจังหวัด,-13-pdf (1).pdf,crop_suitability_by_province,มังคุด,สระบุรี,ไร่,17,table,n,4,พืช มังคุด จังหวัด สระบุรี ระดับความเหมาะสม n มีเนื้อที่ 4 ไร่
พื้นที่ความเหมาะสมพืชรายจังหวัด,-13-pdf (1).pdf,crop_suitability_by_province,มังคุด,สิงห์บุรี,ไร่,17,table,n,28,พืช มังคุด จังหวัด สิงห์บุรี ระดับความเหมาะสม n มีเนื้อที่ 28 ไร่
พื้นที่ความเหมาะสมพืชรายจังหวัด,-13-pdf (1).pdf,crop_suitability_by_province,มังคุด,สุราษฎร์ธานี,ไร่,17,table,n,2369,พืช มังคุด จังหวัด สุราษฎร์ธานี ระดับความเหมาะสม n มีเนื้อที่ 2369 ไร่
พื้นที่ความเหมาะสมพืชรายจังหวัด,-13-pdf (1).pdf,crop_suitability_by_province,มังคุด,สุโขทัย,ไร่,17,table,n,4,พืช มังคุด จังหวัด สุโขทัย ระดับความเหมาะสม n มีเนื้อที่ 4 ไร่
พื้นที่ความเหมาะสมพืชรายจังหวัด,-13-pdf (1).pdf,crop_suitability_by_province,มังคุด,อุตรดิตถ์,ไร่,17,table,n,10,พืช มังคุด จังหวัด อุตรดิตถ์ ระดับความเหมาะสม n มีเนื้อที่ 10 ไร่
พื้นที่ความเหมาะสมพืชรายจังหวัด,-13-pdf (1).pdf,crop_suitability_by_province,มังคุด,อุทัยธานี,ไร่,17,table,n,13,พืช มังคุด จังหวัด อุทัยธานี ระดับความเหมาะสม n มีเนื้อที่ 13 ไร่
พื้นที่ความเหมาะสมพืชรายจังหวัด,-13-pdf (1).pdf,crop_suitability_by_province,มังคุด,อ่างทอง,ไร่,17,table,n,52,พืช มังคุด จังหวัด อ่างทอง ระดับความเหมาะสม n มีเนื้อที่ 52 ไร่
พื้นที่ความเหมาะสมพืชรายจังหวัด,-13-pdf (1).pdf,crop_suitability_by_province,มังคุด,เชียงราย,ไร่,17,table,n,14,พืช มังคุด จังหวัด เชียงราย ระดับความเหมาะสม n มีเนื้อที่ 14 ไร่
พื้นที่ความเหมาะสมพืชรายจังหวัด,-13-pdf (1).pdf,crop_suitability_by_province,มังคุด,แพร่,ไร่,17,table,n,83,พืช มังคุด จังหวัด แพร่ ระดับความเหมาะสม n มีเนื้อที่ 83 ไร่
พื้นที่ความเหมาะสมพืชรายจังหวัด,-13-pdf (1).pdf,crop_suitability_by_province,มันสำปะหลัง,กาญจนบุรี,ไร่,3,table,n,12018,พืช มันสำปะหลัง จังหวัด กาญจนบุรี ระดับความเหมาะสม n มีเนื้อที่ 12018 ไร่
พื้นที่ความเหมาะสมพืชรายจังหวัด,-13-pdf (1).pdf,crop_suitability_by_province,มันสำปะหลัง,กาฬสินธุ์,ไร่,3,table,n,169,พืช มันสำปะหลัง จังหวัด กาฬสินธุ์ ระดับความเหมาะสม n มีเนื้อที่ 169 ไร่
พื้นที่ความเหมาะสมพืชรายจังหวัด,-13-pdf (1).pdf,crop_suitability_by_province,มันสำปะหลัง,กำแพงเพชร,ไร่,3,table,n,1266,พืช มันสำปะหลัง จังหวัด กำแพงเพชร ระดับความเหมาะสม n มีเนื้อที่ 1266 ไร่
พื้นที่ความเหมาะสมพืชรายจังหวัด,-13-pdf (1).pdf,crop_suitability_by_province,มันสำปะหลัง,ขอนแก่น,ไร่,3,table,n,849,พืช มันสำปะหลัง จังหวัด ขอนแก่น ระดับความเหมาะสม n มีเนื้อที่ 849 ไร่
พื้นที่ความเหมาะสมพืชรายจังหวัด,-13-pdf (1).pdf,crop_suitability_by_province,มันสำปะหลัง,จันทบุรี,ไร่,4,table,n,1344,พืช มันสำปะหลัง จังหวัด จันทบุรี ระดับความเหมาะสม n มีเนื้อที่ 1344 ไร่
พื้นที่ความเหมาะสมพืชรายจังหวัด,-13-pdf (1).pdf,crop_suitability_by_province,มันสำปะหลัง,ฉะเชิงเทรา,ไร่,4,table,n,9985,พืช มันสำปะหลัง จังหวัด ฉะเชิงเทรา ระดับความเหมาะสม n มีเนื้อที่ 9985 ไร่
พื้นที่ความเหมาะสมพืชรายจังหวัด,-13-pdf (1).pdf,crop_suitability_by_province,มันสำปะหลัง,ชลบุรี,ไร่,4,table,n,1177,พืช มันสำปะหลัง จังหวัด ชลบุรี ระดับความเหมาะสม n มีเนื้อที่ 1177 ไร่
พื้นที่ความเหมาะสมพืชรายจังหวัด,-13-pdf (1).pdf,crop_suitability_by_province,มันสำปะหลัง,ชัยนาท,ไร่,3,table,n,346,พืช มันสำปะหลัง จังหวัด ชัยนาท ระดับความเหมาะสม n มีเนื้อที่ 346 ไร่
พื้นที่ความเหมาะสมพืชรายจังหวัด,-13-pdf (1).pdf,crop_suitability_by_province,มันสำปะหลัง,ชัยภูมิ,ไร่,3,table,n,10928,พืช มันสำปะหลัง จังหวัด ชัยภูมิ ระดับความเหมาะสม n มีเนื้อที่ 10928 ไร่
พื้นที่ความเหมาะสมพืชรายจังหวัด,-13-pdf (1).pdf,crop_suitability_by_province,มันสำปะหลัง,ตราด,ไร่,4,table,n,6,พืช มันสำปะหลัง จังหวัด ตราด ระดับความเหมาะสม n มีเนื้อที่ 6 ไร่
พื้นที่ความเหมาะสมพืชรายจังหวัด,-13-pdf (1).pdf,crop_suitability_by_province,มันสำปะหลัง,ตาก,ไร่,3,table,n,1046,พืช มันสำปะหลัง จังหวัด ตาก ระดับความเหมาะสม n มีเนื้อที่ 1046 ไร่
พื้นที่ความเหมาะสมพืชรายจังหวัด,-13-pdf (1).pdf,crop_suitability_by_province,มันสำปะหลัง,นครนายก,ไร่,3,table,n,77,พืช มันสำปะหลัง จังหวัด นครนายก ระดับความเหมาะสม n มีเนื้อที่ 77 ไร่
พื้นที่ความเหมาะสมพืชรายจังหวัด,-13-pdf (1).pdf,crop_suitability_by_province,มันสำปะหลัง,นครราชสีมา,ไร่,3,table,n,7370,พืช มันสำปะหลัง จังหวัด นครราชสีมา ระดับความเหมาะสม n มีเนื้อที่ 7370 ไร่
พื้นที่ความเหมาะสมพืชรายจังหวัด,-13-pdf (1).pdf,crop_suitability_by_province,มันสำปะหลัง,นครสวรรค์,ไร่,3,table,n,2541,พืช มันสำปะหลัง จังหวัด นครสวรรค์ ระดับความเหมาะสม n มีเนื้อที่ 2541 ไร่
พื้นที่ความเหมาะสมพืชรายจังหวัด,-13-pdf (1).pdf,crop_suitability_by_province,มันสำปะหลัง,น่าน,ไร่,3,table,n,244,พืช มันสำปะหลัง จังหวัด น่าน ระดับความเหมาะสม n มีเนื้อที่ 244 ไร่
พื้นที่ความเหมาะสมพืชรายจังหวัด,-13-pdf (1).pdf,crop_suitability_by_province,มันสำปะหลัง,บุรีรัมย์,ไร่,3,table,n,299,พืช มันสำปะหลัง จังหวัด บุรีรัมย์ ระดับความเหมาะสม n มีเนื้อที่ 299 ไร่
พื้นที่ความเหมาะสมพืชรายจังหวัด,-13-pdf (1).pdf,crop_suitability_by_province,มันสำปะหลัง,ปราจีนบุรี,ไร่,4,table,n,33998,พืช มันสำปะหลัง จังหวัด ปราจีนบุรี ระดับความเหมาะสม n มีเนื้อที่ 33998 ไร่
พื้นที่ความเหมาะสมพืชรายจังหวัด,-13-pdf (1).pdf,crop_suitability_by_province,มันสำปะหลัง,พะเยา,ไร่,3,table,n,350,พืช มันสำปะหลัง จังหวัด พะเยา ระดับความเหมาะสม n มีเนื้อที่ 350 ไร่
พื้นที่ความเหมาะสมพืชรายจังหวัด,-13-pdf (1).pdf,crop_suitability_by_province,มันสำปะหลัง,พัทลุง,ไร่,4,table,n,3,พืช มันสำปะหลัง จังหวัด พัทลุง ระดับความเหมาะสม n มีเนื้อที่ 3 ไร่
พื้นที่ความเหมาะสมพืชรายจังหวัด,-13-pdf (1).pdf,crop_suitability_by_province,มันสำปะหลัง,พิจิตร,ไร่,3,table,n,46,พืช มันสำปะหลัง จังหวัด พิจิตร ระดับความเหมาะสม n มีเนื้อที่ 46 ไร่
พื้นที่ความเหมาะสมพืชรายจังหวัด,-13-pdf (1).pdf,crop_suitability_by_province,มันสำปะหลัง,พิษณุโลก,ไร่,3,table,n,2083,พืช มันสำปะหลัง จังหวัด พิษณุโลก ระดับความเหมาะสม n มีเนื้อที่ 2083 ไร่
พื้นที่ความเหมาะสมพืชรายจังหวัด,-13-pdf (1).pdf,crop_suitability_by_province,มันสำปะหลัง,มุกดาหาร,ไร่,3,table,n,196,พืช มันสำปะหลัง จังหวัด มุกดาหาร ระดับความเหมาะสม n มีเนื้อที่ 196 ไร่
พื้นที่ความเหมาะสมพืชรายจังหวัด,-13-pdf (1).pdf,crop_suitability_by_province,มันสำปะหลัง,ยโสธร,ไร่,3,table,n,158,พืช มันสำปะหลัง จังหวัด ยโสธร ระดับความเหมาะสม n มีเนื้อที่ 158 ไร่
พื้นที่ความเหมาะสมพืชรายจังหวัด,-13-pdf (1).pdf,crop_suitability_by_province,มันสำปะหลัง,ระยอง,ไร่,4,table,n,528,พืช มันสำปะหลัง จังหวัด ระยอง ระดับความเหมาะสม n มีเนื้อที่ 528 ไร่
พื้นที่ความเหมาะสมพืชรายจังหวัด,-13-pdf (1).pdf,crop_suitability_by_province,มันสำปะหลัง,ราชบุรี,ไร่,3,table,n,2077,พืช มันสำปะหลัง จังหวัด ราชบุรี ระดับความเหมาะสม n มีเนื้อที่ 2077 ไร่
พื้นที่ความเหมาะสมพืชรายจังหวัด,-13-pdf (1).pdf,crop_suitability_by_province,มันสำปะหลัง,ร้อยเอ็ด,ไร่,3,table,n,111,พืช มันสำปะหลัง จังหวัด ร้อยเอ็ด ระดับความเหมาะสม n มีเนื้อที่ 111 ไร่
พื้นที่ความเหมาะสมพืชรายจังหวัด,-13-pdf (1).pdf,crop_suitability_by_province,มันสำปะหลัง,ลพบุรี,ไร่,3,table,n,7780,พืช มันสำปะหลัง จังหวัด ลพบุรี ระดับความเหมาะสม n มีเนื้อที่ 7780 ไร่
พื้นที่ความเหมาะสมพืชรายจังหวัด,-13-pdf (1).pdf,crop_suitability_by_province,มันสำปะหลัง,ลำปาง,ไร่,3,table,n,104,พืช มันสำปะหลัง จังหวัด ลำปาง ระดับความเหมาะสม n มีเนื้อที่ 104 ไร่
พื้นที่ความเหมาะสมพืชรายจังหวัด,-13-pdf (1).pdf,crop_suitability_by_province,มันสำปะหลัง,ลำพูน,ไร่,3,table,n,404,พืช มันสำปะหลัง จังหวัด ลำพูน ระดับความเหมาะสม n มีเนื้อที่ 404 ไร่
พื้นที่ความเหมาะสมพืชรายจังหวัด,-13-pdf (1).pdf,crop_suitability_by_province,มันสำปะหลัง,ศรีสะเกษ,ไร่,3,table,n,3,พืช มันสำปะหลัง จังหวัด ศรีสะเกษ ระดับความเหมาะสม n มีเนื้อที่ 3 ไร่
พื้นที่ความเหมาะสมพืชรายจังหวัด,-13-pdf (1).pdf,crop_suitability_by_province,มันสำปะหลัง,สกลนคร,ไร่,3,table,n,278,พืช มันสำปะหลัง จังหวัด สกลนคร ระดับความเหมาะสม n มีเนื้อที่ 278 ไร่
พื้นที่ความเหมาะสมพืชรายจังหวัด,-13-pdf (1).pdf,crop_suitability_by_province,มันสำปะหลัง,สระบุรี,ไร่,3,table,n,1326,พืช มันสำปะหลัง จังหวัด สระบุรี ระดับความเหมาะสม n มีเนื้อที่ 1326 ไร่
พื้นที่ความเหมาะสมพืชรายจังหวัด,-13-pdf (1).pdf,crop_suitability_by_province,มันสำปะหลัง,สระแก้ว,ไร่,4,table,n,174,พืช มันสำปะหลัง จังหวัด สระแก้ว ระดับความเหมาะสม n มีเนื้อที่ 174 ไร่
พื้นที่ความเหมาะสมพืชรายจังหวัด,-13-pdf (1).pdf,crop_suitability_by_province,มันสำปะหลัง,สุพรรณบุรี,ไร่,3,table,n,1315,พืช มันสำปะหลัง จังหวัด สุพรรณบุรี ระดับความเหมาะสม n มีเนื้อที่ 1315 ไร่
พื้นที่ความเหมาะสมพืชรายจังหวัด,-13-pdf (1).pdf,crop_suitability_by_province,มันสำปะหลัง,สุรินทร์,ไร่,3,table,n,2,พืช มันสำปะหลัง จังหวัด สุรินทร์ ระดับความเหมาะสม n มีเนื้อที่ 2 ไร่
พื้นที่ความเหมาะสมพืชรายจังหวัด,-13-pdf (1).pdf,crop_suitability_by_province,มันสำปะหลัง,สุโขทัย,ไร่,3,table,n,480,พืช มันสำปะหลัง จังหวัด สุโขทัย ระดับความเหมาะสม n มีเนื้อที่ 480 ไร่
พื้นที่ความเหมาะสมพืชรายจังหวัด,-13-pdf (1).pdf,crop_suitability_by_province,มันสำปะหลัง,หนองคาย,ไร่,3,table,n,237,พืช มันสำปะหลัง จังหวัด หนองคาย ระดับความเหมาะสม n มีเนื้อที่ 237 ไร่
พื้นที่ความเหมาะสมพืชรายจังหวัด,-13-pdf (1).pdf,crop_suitability_by_province,มันสำปะหลัง,หนองบัวลำภู,ไร่,3,table,n,1477,พืช มันสำปะหลัง จังหวัด หนองบัวลำภู ระดับความเหมาะสม n มีเนื้อที่ 1477 ไร่
พื้นที่ความเหมาะสมพืชรายจังหวัด,-13-pdf (1).pdf,crop_suitability_by_province,มันสำปะหลัง,อำนาจเจริญ,ไร่,3,table,n,329,พืช มันสำปะหลัง จังหวัด อำนาจเจริญ ระดับความเหมาะสม n มีเนื้อที่ 329 ไร่
พื้นที่ความเหมาะสมพืชรายจังหวัด,-13-pdf (1).pdf,crop_suitability_by_province,มันสำปะหลัง,อุดรธานี,ไร่,3,table,n,8621,พืช มันสำปะหลัง จังหวัด อุดรธานี ระดับความเหมาะสม n มีเนื้อที่ 8621 ไร่
พื้นที่ความเหมาะสมพืชรายจังหวัด,-13-pdf (1).pdf,crop_suitability_by_province,มันสำปะหลัง,อุตรดิตถ์,ไร่,3,table,n,325,พืช มันสำปะหลัง จังหวัด อุตรดิตถ์ ระดับความเหมาะสม n มีเนื้อที่ 325 ไร่
พื้นที่ความเหมาะสมพืชรายจังหวัด,-13-pdf (1).pdf,crop_suitability_by_province,มันสำปะหลัง,อุทัยธานี,ไร่,3,table,n,1720,พืช มันสำปะหลัง จังหวัด อุทัยธานี ระดับความเหมาะสม n มีเนื้อที่ 1720 ไร่
พื้นที่ความเหมาะสมพืชรายจังหวัด,-13-pdf (1).pdf,crop_suitability_by_province,มันสำปะหลัง,อุบลราชธานี,ไร่,3,table,n,69,พืช มันสำปะหลัง จังหวัด อุบลราชธานี ระดับความเหมาะสม n มีเนื้อที่ 69 ไร่
พื้นที่ความเหมาะสมพืชรายจังหวัด,-13-pdf (1).pdf,crop_suitability_by_province,มันสำปะหลัง,เชียงราย,ไร่,3,table,n,1041,พืช มันสำปะหลัง จังหวัด เชียงราย ระดับความเหมาะสม n มีเนื้อที่ 1041 ไร่
พื้นที่ความเหมาะสมพืชรายจังหวัด,-13-pdf (1).pdf,crop_suitability_by_province,มันสำปะหลัง,เชียงใหม่,ไร่,3,table,n,12,พืช มันสำปะหลัง จังหวัด เชียงใหม่ ระดับความเหมาะสม n มีเนื้อที่ 12 ไร่
พื้นที่ความเหมาะสมพืชรายจังหวัด,-13-pdf (1).pdf,crop_suitability_by_province,มันสำปะหลัง,เพชรบุรี,ไร่,3,table,n,40,พืช มันสำปะหลัง จังหวัด เพชรบุรี ระดับความเหมาะสม n มีเนื้อที่ 40 ไร่
พื้นที่ความเหมาะสมพืชรายจังหวัด,-13-pdf (1).pdf,crop_suitability_by_province,มันสำปะหลัง,เพชรบูรณ์,ไร่,3,table,n,5815,พืช มันสำปะหลัง จังหวัด เพชรบูรณ์ ระดับความเหมาะสม n มีเนื้อที่ 5815 ไร่
พื้นที่ความเหมาะสมพืชรายจังหวัด,-13-pdf (1).pdf,crop_suitability_by_province,มันสำปะหลัง,เลย,ไร่,3,table,n,17393,พืช มันสำปะหลัง จังหวัด เลย ระดับความเหมาะสม n มีเนื้อที่ 17393 ไร่
พื้นที่ความเหมาะสมพืชรายจังหวัด,-13-pdf (1).pdf,crop_suitability_by_province,มันสำปะหลัง,แพร่,ไร่,3,table,n,1146,พืช มันสำปะหลัง จังหวัด แพร่ ระดับความเหมาะสม n มีเนื้อที่ 1146 ไร่
พื้นที่ความเหมาะสมพืชรายจังหวัด,-13-pdf (1).pdf,crop_suitability_by_province,ยางพารา,กระบี่,ไร่,22,table,n,52322,พืช ยางพารา จังหวัด กระบี่ ระดับความเหมาะสม n มีเนื้อที่ 52322 ไร่
พื้นที่ความเหมาะสมพืชรายจังหวัด,-13-pdf (1).pdf,crop_suitability_by_province,ยางพารา,กาญจนบุรี,ไร่,21,table,n,12886,พืช ยางพารา จังหวัด กาญจนบุรี ระดับความเหมาะสม n มีเนื้อที่ 12886 ไร่
พื้นที่ความเหมาะสมพืชรายจังหวัด,-13-pdf (1).pdf,crop_suitability_by_province,ยางพารา,กาฬสินธุ์,ไร่,21,table,n,227,พืช ยางพารา จังหวัด กาฬสินธุ์ ระดับความเหมาะสม n มีเนื้อที่ 227 ไร่
พื้นที่ความเหมาะสมพืชรายจังหวัด,-13-pdf (1).pdf,crop_suitability_by_province,ยางพารา,ขอนแก่น,ไร่,21,table,n,391,พืช ยางพารา จังหวัด ขอนแก่น ระดับความเหมาะสม n มีเนื้อที่ 391 ไร่
พื้นที่ความเหมาะสมพืชรายจังหวัด,-13-pdf (1).pdf,crop_suitability_by_province,ยางพารา,จันทบุรี,ไร่,22,table,n,31914,พืช ยางพารา จังหวัด จันทบุรี ระดับความเหมาะสม n มีเนื้อที่ 31914 ไร่
พื้นที่ความเหมาะสมพืชรายจังหวัด,-13-pdf (1).pdf,crop_suitability_by_province,ยางพารา,ฉะเชิงเทรา,ไร่,22,table,n,3537,พืช ยางพารา จังหวัด ฉะเชิงเทรา ระดับความเหมาะสม n มีเนื้อที่ 3537 ไร่
พื้นที่ความเหมาะสมพืชรายจังหวัด,-13-pdf (1).pdf,crop_suitability_by_province,ยางพารา,ชลบุรี,ไร่,22,table,n,2099,พืช ยางพารา จังหวัด ชลบุรี ระดับความเหมาะสม n มีเนื้อที่ 2099 ไร่
พื้นที่ความเหมาะสมพืชรายจังหวัด,-13-pdf (1).pdf,crop_suitability_by_province,ยางพารา,ชัยนาท,ไร่,21,table,n,1928,พืช ยางพารา จังหวัด ชัยนาท ระดับความเหมาะสม n มีเนื้อที่ 1928 ไร่
พื้นที่ความเหมาะสมพืชรายจังหวัด,-13-pdf (1).pdf,crop_suitability_by_province,ยางพารา,ชัยภูมิ,ไร่,21,table,n,4268,พืช ยางพารา จังหวัด ชัยภูมิ ระดับความเหมาะสม n มีเนื้อที่ 4268 ไร่
พื้นที่ความเหมาะสมพืชรายจังหวัด,-13-pdf (1).pdf,crop_suitability_by_province,ยางพารา,ชุมพร,ไร่,22,table,n,134006,พืช ยางพารา จังหวัด ชุมพร ระดับความเหมาะสม n มีเนื้อที่ 134006 ไร่
พื้นที่ความเหมาะสมพืชรายจังหวัด,-13-pdf (1).pdf,crop_suitability_by_province,ยางพารา,ตรัง,ไร่,22,table,n,75031,พืช ยางพารา จังหวัด ตรัง ระดับความเหมาะสม n มีเนื้อที่ 75031 ไร่
พื้นที่ความเหมาะสมพืชรายจังหวัด,-13-pdf (1).pdf,crop_suitability_by_province,ยางพารา,ตราด,ไร่,22,table,n,29046,พืช ยางพารา จังหวัด ตราด ระดับความเหมาะสม n มีเนื้อที่ 29046 ไร่
พื้นที่ความเหมาะสมพืชรายจังหวัด,-13-pdf (1).pdf,crop_suitability_by_province,ยางพารา,นครนายก,ไร่,21,table,n,197,พืช ยางพารา จังหวัด นครนายก ระดับความเหมาะสม n มีเนื้อที่ 197 ไร่
พื้นที่ความเหมาะสมพืชรายจังหวัด,-13-pdf (1).pdf,crop_suitability_by_province,ยางพารา,นครราชสีมา,ไร่,21,table,n,22,พืช ยางพารา จังหวัด นครราชสีมา ระดับความเหมาะสม n มีเนื้อที่ 22 ไร่
พื้นที่ความเหมาะสมพืชรายจังหวัด,-13-pdf (1).pdf,crop_suitability_by_province,ยางพารา,นครศรีธรรมราช,ไร่,22,table,n,207984,พืช ยางพารา จังหวัด นครศรีธรรมราช ระดับความเหมาะสม n มีเนื้อที่ 207984 ไร่
พื้นที่ความเหมาะสมพืชรายจังหวัด,-13-pdf (1).pdf,crop_suitability_by_province,ยางพารา,นครสวรรค์,ไร่,21,table,n,546,พืช ยางพารา จังหวัด นครสวรรค์ ระดับความเหมาะสม n มีเนื้อที่ 546 ไร่
พื้นที่ความเหมาะสมพืชรายจังหวัด,-13-pdf (1).pdf,crop_suitability_by_province,ยางพารา,นราธิวาส,ไร่,22,table,n,141847,พืช ยางพารา จังหวัด นราธิวาส ระดับความเหมาะสม n มีเนื้อที่ 141847 ไร่
พื้นที่ความเหมาะสมพืชรายจังหวัด,-13-pdf (1).pdf,crop_suitability_by_province,ยางพารา,น่าน,ไร่,21,table,n,44485,พืช ยางพารา จังหวัด น่าน ระดับความเหมาะสม n มีเนื้อที่ 44485 ไร่
พื้นที่ความเหมาะสมพืชรายจังหวัด,-13-pdf (1).pdf,crop_suitability_by_province,ยางพารา,บึงกาฬ,ไร่,21,table,n,117,พืช ยางพารา จังหวัด บึงกาฬ ระดับความเหมาะสม n มีเนื้อที่ 117 ไร่
พื้นที่ความเหมาะสมพืชรายจังหวัด,-13-pdf (1).pdf,crop_suitability_by_province,ยางพารา,บุรีรัมย์,ไร่,21,table,n,317,พืช ยางพารา จังหวัด บุรีรัมย์ ระดับความเหมาะสม n มีเนื้อที่ 317 ไร่
พื้นที่ความเหมาะสมพืชรายจังหวัด,-13-pdf (1).pdf,crop_suitability_by_province,ยางพารา,ประจวบคีรีขันธ์,ไร่,22,table,n,73990,พืช ยางพารา จังหวัด ประจวบคีรีขันธ์ ระดับความเหมาะสม n มีเนื้อที่ 73990 ไร่
พื้นที่ความเหมาะสมพืชรายจังหวัด,-13-pdf (1).pdf,crop_suitability_by_province,ยางพารา,ปราจีนบุรี,ไร่,22,table,n,5662,พืช ยางพารา จังหวัด ปราจีนบุรี ระดับความเหมาะสม n มีเนื้อที่ 5662 ไร่
พื้นที่ความเหมาะสมพืชรายจังหวัด,-13-pdf (1).pdf,crop_suitability_by_province,ยางพารา,ปัตตานี,ไร่,22,table,n,50143,พืช ยางพารา จังหวัด ปัตตานี ระดับความเหมาะสม n มีเนื้อที่ 50143 ไร่
พื้นที่ความเหมาะสมพืชรายจังหวัด,-13-pdf (1).pdf,crop_suitability_by_province,ยางพารา,พะเยา,ไร่,21,table,n,12829,พืช ยางพารา จังหวัด พะเยา ระดับความเหมาะสม n มีเนื้อที่ 12829 ไร่
พื้นที่ความเหมาะสมพืชรายจังหวัด,-13-pdf (1).pdf,crop_suitability_by_province,ยางพารา,พังงา,ไร่,22,table,n,179374,พืช ยางพารา จังหวัด พังงา ระดับความเหมาะสม n มีเนื้อที่ 179374 ไร่
พื้นที่ความเหมาะสมพืชรายจังหวัด,-13-pdf (1).pdf,crop_suitability_by_province,ยางพารา,พัทลุง,ไร่,22,table,n,32818,พืช ยางพารา จังหวัด พัทลุง ระดับความเหมาะสม n มีเนื้อที่ 32818 ไร่
พื้นที่ความเหมาะสมพืชรายจังหวัด,-13-pdf (1).pdf,crop_suitability_by_province,ยางพารา,พิษณุโลก,ไร่,21,table,n,4577,พืช ยางพารา จังหวัด พิษณุโลก ระดับความเหมาะสม n มีเนื้อที่ 4577 ไร่
พื้นที่ความเหมาะสมพืชรายจังหวัด,-13-pdf (1).pdf,crop_suitability_by_province,ยางพารา,ภูเก็ต,ไร่,22,table,n,18037,พืช ยางพารา จังหวัด ภูเก็ต ระดับความเหมาะสม n มีเนื้อที่ 18037 ไร่
พื้นที่ความเหมาะสมพืชรายจังหวัด,-13-pdf (1).pdf,crop_suitability_by_province,ยางพารา,มุกดาหาร,ไร่,21,table,n,346,พืช ยางพารา จังหวัด มุกดาหาร ระดับความเหมาะสม n มีเนื้อที่ 346 ไร่
พื้นที่ความเหมาะสมพืชรายจังหวัด,-13-pdf (1).pdf,crop_suitability_by_province,ยางพารา,ยะลา,ไร่,22,table,n,534836,พืช ยางพารา จังหวัด ยะลา ระดับความเหมาะสม n มีเนื้อที่ 534836 ไร่
พื้นที่ความเหมาะสมพืชรายจังหวัด,-13-pdf (1).pdf,crop_suitability_by_province,ยางพารา,ยโสธร,ไร่,21,table,n,502,พืช ยางพารา จังหวัด ยโสธร ระดับความเหมาะสม n มีเนื้อที่ 502 ไร่
พื้นที่ความเหมาะสมพืชรายจังหวัด,-13-pdf (1).pdf,crop_suitability_by_province,ยางพารา,ระนอง,ไร่,22,table,n,119796,พืช ยางพารา จังหวัด ระนอง ระดับความเหมาะสม n มีเนื้อที่ 119796 ไร่
พื้นที่ความเหมาะสมพืชรายจังหวัด,-13-pdf (1).pdf,crop_suitability_by_province,ยางพารา,ระยอง,ไร่,22,table,n,82739,พืช ยางพารา จังหวัด ระยอง ระดับความเหมาะสม n มีเนื้อที่ 82739 ไร่
พื้นที่ความเหมาะสมพืชรายจังหวัด,-13-pdf (1).pdf,crop_suitability_by_province,ยางพารา,ราชบุรี,ไร่,22,table,n,22680,พืช ยางพารา จังหวัด ราชบุรี ระดับความเหมาะสม n มีเนื้อที่ 22680 ไร่
พื้นที่ความเหมาะสมพืชรายจังหวัด,-13-pdf (1).pdf,crop_suitability_by_province,ยางพารา,ลพบุรี,ไร่,22,table,n,14,พืช ยางพารา จังหวัด ลพบุรี ระดับความเหมาะสม n มีเนื้อที่ 14 ไร่
พื้นที่ความเหมาะสมพืชรายจังหวัด,-13-pdf (1).pdf,crop_suitability_by_province,ยางพารา,ลำปาง,ไร่,21,table,n,123,พืช ยางพารา จังหวัด ลำปาง ระดับความเหมาะสม n มีเนื้อที่ 123 ไร่
พื้นที่ความเหมาะสมพืชรายจังหวัด,-13-pdf (1).pdf,crop_suitability_by_province,ยางพารา,ลำพูน,ไร่,21,table,n,125,พืช ยางพารา จังหวัด ลำพูน ระดับความเหมาะสม n มีเนื้อที่ 125 ไร่
พื้นที่ความเหมาะสมพืชรายจังหวัด,-13-pdf (1).pdf,crop_suitability_by_province,ยางพารา,สกลนคร,ไร่,21,table,n,829,พืช ยางพารา จังหวัด สกลนคร ระดับความเหมาะสม n มีเนื้อที่ 829 ไร่
พื้นที่ความเหมาะสมพืชรายจังหวัด,-13-pdf (1).pdf,crop_suitability_by_province,ยางพารา,สงขลา,ไร่,22,table,n,278703,พืช ยางพารา จังหวัด สงขลา ระดับความเหมาะสม n มีเนื้อที่ 278703 ไร่
พื้นที่ความเหมาะสมพืชรายจังหวัด,-13-pdf (1).pdf,crop_suitability_by_province,ยางพารา,สตูล,ไร่,22,table,n,36212,พืช ยางพารา จังหวัด สตูล ระดับความเหมาะสม n มีเนื้อที่ 36212 ไร่
พื้นที่ความเหมาะสมพืชรายจังหวัด,-13-pdf (1).pdf,crop_suitability_by_province,ยางพารา,สระบุรี,ไร่,22,table,n,409,พืช ยางพารา จังหวัด สระบุรี ระดับความเหมาะสม n มีเนื้อที่ 409 ไร่
พื้นที่ความเหมาะสมพืชรายจังหวัด,-13-pdf (1).pdf,crop_suitability_by_province,ยางพารา,สระแก้ว,ไร่,22,table,n,121,พืช ยางพารา จังหวัด สระแก้ว ระดับความเหมาะสม n มีเนื้อที่ 121 ไร่
พื้นที่ความเหมาะสมพืชรายจังหวัด,-13-pdf (1).pdf,crop_suitability_by_province,ยางพารา,สุพรรณบุรี,ไร่,22,table,n,958,พืช ยางพารา จังหวัด สุพรรณบุรี ระดับความเหมาะสม n มีเนื้อที่ 958 ไร่
พื้นที่ความเหมาะสมพืชรายจังหวัด,-13-pdf (1).pdf,crop_suitability_by_province,ยางพารา,สุราษฎร์ธานี,ไร่,22,table,n,160508,พืช ยางพารา จังหวัด สุราษฎร์ธานี ระดับความเหมาะสม n มีเนื้อที่ 160508 ไร่
พื้นที่ความเหมาะสมพืชรายจังหวัด,-13-pdf (1).pdf,crop_suitability_by_province,ยางพารา,สุโขทัย,ไร่,21,table,n,5544,พืช ยางพารา จังหวัด สุโขทัย ระดับความเหมาะสม n มีเนื้อที่ 5544 ไร่
พื้นที่ความเหมาะสมพืชรายจังหวัด,-13-pdf (1).pdf,crop_suitability_by_province,ยางพารา,หนองคาย,ไร่,21,table,n,6632,พืช ยางพารา จังหวัด หนองคาย ระดับความเหมาะสม n มีเนื้อที่ 6632 ไร่
พื้นที่ความเหมาะสมพืชรายจังหวัด,-13-pdf (1).pdf,crop_suitability_by_province,ยางพารา,หนองบัวลำภู,ไร่,21,table,n,3203,พืช ยางพารา จังหวัด หนองบัวลำภู ระดับความเหมาะสม n มีเนื้อที่ 3203 ไร่
พื้นที่ความเหมาะสมพืชรายจังหวัด,-13-pdf (1).pdf,crop_suitability_by_province,ยางพารา,อำนาจเจริญ,ไร่,21,table,n,41,พืช ยางพารา จังหวัด อำนาจเจริญ ระดับความเหมาะสม n มีเนื้อที่ 41 ไร่
พื้นที่ความเหมาะสมพืชรายจังหวัด,-13-pdf (1).pdf,crop_suitability_by_province,ยางพารา,อุดรธานี,ไร่,21,table,n,36264,พืช ยางพารา จังหวัด อุดรธานี ระดับความเหมาะสม n มีเนื้อที่ 36264 ไร่
พื้นที่ความเหมาะสมพืชรายจังหวัด,-13-pdf (1).pdf,crop_suitability_by_province,ยางพารา,อุตรดิตถ์,ไร่,21,table,n,1022,พืช ยางพารา จังหวัด อุตรดิตถ์ ระดับความเหมาะสม n มีเนื้อที่ 1022 ไร่
พื้นที่ความเหมาะสมพืชรายจังหวัด,-13-pdf (1).pdf,crop_suitability_by_province,ยางพารา,อุทัยธานี,ไร่,21,table,n,616,พืช ยางพารา จังหวัด อุทัยธานี ระดับความเหมาะสม n มีเนื้อที่ 616 ไร่
พื้นที่ความเหมาะสมพืชรายจังหวัด,-13-pdf (1).pdf,crop_suitability_by_province,ยางพารา,อุบลราชธานี,ไร่,21,table,n,48,พืช ยางพารา จังหวัด อุบลราชธานี ระดับความเหมาะสม n มีเนื้อที่ 48 ไร่
พื้นที่ความเหมาะสมพืชรายจังหวัด,-13-pdf (1).pdf,crop_suitability_by_province,ยางพารา,เชียงราย,ไร่,21,table,n,18610,พืช ยางพารา จังหวัด เชียงราย ระดับความเหมาะสม n มีเนื้อที่ 18610 ไร่
พื้นที่ความเหมาะสมพืชรายจังหวัด,-13-pdf (1).pdf,crop_suitability_by_province,ยางพารา,เชียงใหม่,ไร่,21,table,n,410,พืช ยางพารา จังหวัด เชียงใหม่ ระดับความเหมาะสม n มีเนื้อที่ 410 ไร่
พื้นที่ความเหมาะสมพืชรายจังหวัด,-13-pdf (1).pdf,crop_suitability_by_province,ยางพารา,เพชรบุรี,ไร่,21,table,n,4913,พืช ยางพารา จังหวัด เพชรบุรี ระดับความเหมาะสม n มีเนื้อที่ 4913 ไร่
พื้นที่ความเหมาะสมพืชรายจังหวัด,-13-pdf (1).pdf,crop_suitability_by_province,ยางพารา,เพชรบูรณ์,ไร่,21,table,n,6473,พืช ยางพารา จังหวัด เพชรบูรณ์ ระดับความเหมาะสม n มีเนื้อที่ 6473 ไร่
พื้นที่ความเหมาะสมพืชรายจังหวัด,-13-pdf (1).pdf,crop_suitability_by_province,ยางพารา,เลย,ไร่,21,table,n,68626,พืช ยางพารา จังหวัด เลย ระดับความเหมาะสม n มีเนื้อที่ 68626 ไร่
พื้นที่ความเหมาะสมพืชรายจังหวัด,-13-pdf (1).pdf,crop_suitability_by_province,ยางพารา,แพร่,ไร่,21,table,n,316,พืช ยางพารา จังหวัด แพร่ ระดับความเหมาะสม n มีเนื้อที่ 316 ไร่
พื้นที่ความเหมาะสมพืชรายจังหวัด,-13-pdf (1).pdf,crop_suitability_by_province,ลำไย,กาญจนบุรี,ไร่,12,table,n,78,พืช ลำไย จังหวัด กาญจนบุรี ระดับความเหมาะสม n มีเนื้อที่ 78 ไร่
พื้นที่ความเหมาะสมพืชรายจังหวัด,-13-pdf (1).pdf,crop_suitability_by_province,ลำไย,จันทบุรี,ไร่,13,table,n,11470,พืช ลำไย จังหวัด จันทบุรี ระดับความเหมาะสม n มีเนื้อที่ 11470 ไร่
พื้นที่ความเหมาะสมพืชรายจังหวัด,-13-pdf (1).pdf,crop_suitability_by_province,ลำไย,ฉะเชิงเทรา,ไร่,13,table,n,37,พืช ลำไย จังหวัด ฉะเชิงเทรา ระดับความเหมาะสม n มีเนื้อที่ 37 ไร่
พื้นที่ความเหมาะสมพืชรายจังหวัด,-13-pdf (1).pdf,crop_suitability_by_province,ลำไย,ชัยภูมิ,ไร่,12,table,n,186,พืช ลำไย จังหวัด ชัยภูมิ ระดับความเหมาะสม n มีเนื้อที่ 186 ไร่
พื้นที่ความเหมาะสมพืชรายจังหวัด,-13-pdf (1).pdf,crop_suitability_by_province,ลำไย,ตราด,ไร่,13,table,n,52,พืช ลำไย จังหวัด ตราด ระดับความเหมาะสม n มีเนื้อที่ 52 ไร่
พื้นที่ความเหมาะสมพืชรายจังหวัด,-13-pdf (1).pdf,crop_suitability_by_province,ลำไย,ตาก,ไร่,12,table,n,5319,พืช ลำไย จังหวัด ตาก ระดับความเหมาะสม n มีเนื้อที่ 5319 ไร่
พื้นที่ความเหมาะสมพืชรายจังหวัด,-13-pdf (1).pdf,crop_suitability_by_province,ลำไย,นครพนม,ไร่,12,table,n,23,พืช ลำไย จังหวัด นครพนม ระดับความเหมาะสม n มีเนื้อที่ 23 ไร่
พื้นที่ความเหมาะสมพืชรายจังหวัด,-13-pdf (1).pdf,crop_suitability_by_province,ลำไย,นครราชสีมา,ไร่,12,table,n,520,พืช ลำไย จังหวัด นครราชสีมา ระดับความเหมาะสม n มีเนื้อที่ 520 ไร่
พื้นที่ความเหมาะสมพืชรายจังหวัด,-13-pdf (1).pdf,crop_suitability_by_province,ลำไย,น่าน,ไร่,12,table,n,8932,พืช ลำไย จังหวัด น่าน ระดับความเหมาะสม n มีเนื้อที่ 8932 ไร่
พื้นที่ความเหมาะสมพืชรายจังหวัด,-13-pdf (1).pdf,crop_suitability_by_province,ลำไย,บุรีรัมย์,ไร่,12,table,n,31,พืช ลำไย จังหวัด บุรีรัมย์ ระดับความเหมาะสม n มีเนื้อที่ 31 ไร่
พื้นที่ความเหมาะสมพืชรายจังหวัด,-13-pdf (1).pdf,crop_suitability_by_province,ลำไย,ปราจีนบุรี,ไร่,13,table,n,29,พืช ลำไย จังหวัด ปราจีนบุรี ระดับความเหมาะสม n มีเนื้อที่ 29 ไร่
พื้นที่ความเหมาะสมพืชรายจังหวัด,-13-pdf (1).pdf,crop_suitability_by_province,ลำไย,พะเยา,ไร่,12,table,n,3761,พืช ลำไย จังหวัด พะเยา ระดับความเหมาะสม n มีเนื้อที่ 3761 ไร่
พื้นที่ความเหมาะสมพืชรายจังหวัด,-13-pdf (1).pdf,crop_suitability_by_province,ลำไย,พิษณุโลก,ไร่,12,table,n,11,พืช ลำไย จังหวัด พิษณุโลก ระดับความเหมาะสม n มีเนื้อที่ 11 ไร่
พื้นที่ความเหมาะสมพืชรายจังหวัด,-13-pdf (1).pdf,crop_suitability_by_province,ลำไย,ระยอง,ไร่,13,table,n,73,พืช ลำไย จังหวัด ระยอง ระดับความเหมาะสม n มีเนื้อที่ 73 ไร่
พื้นที่ความเหมาะสมพืชรายจังหวัด,-13-pdf (1).pdf,crop_suitability_by_province,ลำไย,ราชบุรี,ไร่,12,table,n,18,พืช ลำไย จังหวัด ราชบุรี ระดับความเหมาะสม n มีเนื้อที่ 18 ไร่
พื้นที่ความเหมาะสมพืชรายจังหวัด,-13-pdf (1).pdf,crop_suitability_by_province,ลำไย,ลำปาง,ไร่,12,table,n,99,พืช ลำไย จังหวัด ลำปาง ระดับความเหมาะสม n มีเนื้อที่ 99 ไร่
พื้นที่ความเหมาะสมพืชรายจังหวัด,-13-pdf (1).pdf,crop_suitability_by_province,ลำไย,ลำพูน,ไร่,12,table,n,3918,พืช ลำไย จังหวัด ลำพูน ระดับความเหมาะสม n มีเนื้อที่ 3918 ไร่
พื้นที่ความเหมาะสมพืชรายจังหวัด,-13-pdf (1).pdf,crop_suitability_by_province,ลำไย,สกลนคร,ไร่,12,table,n,22,พืช ลำไย จังหวัด สกลนคร ระดับความเหมาะสม n มีเนื้อที่ 22 ไร่
พื้นที่ความเหมาะสมพืชรายจังหวัด,-13-pdf (1).pdf,crop_suitability_by_province,ลำไย,สุพรรณบุรี,ไร่,13,table,n,74,พืช ลำไย จังหวัด สุพรรณบุรี ระดับความเหมาะสม n มีเนื้อที่ 74 ไร่
พื้นที่ความเหมาะสมพืชรายจังหวัด,-13-pdf (1).pdf,crop_suitability_by_province,ลำไย,สุโขทัย,ไร่,12,table,n,60,พืช ลำไย จังหวัด สุโขทัย ระดับความเหมาะสม n มีเนื้อที่ 60 ไร่
พื้นที่ความเหมาะสมพืชรายจังหวัด,-13-pdf (1).pdf,crop_suitability_by_province,ลำไย,หนองคาย,ไร่,12,table,n,24,พืช ลำไย จังหวัด หนองคาย ระดับความเหมาะสม n มีเนื้อที่ 24 ไร่
พื้นที่ความเหมาะสมพืชรายจังหวัด,-13-pdf (1).pdf,crop_suitability_by_province,ลำไย,หนองบัวลำภู,ไร่,12,table,n,1099,พืช ลำไย จังหวัด หนองบัวลำภู ระดับความเหมาะสม n มีเนื้อที่ 1099 ไร่
พื้นที่ความเหมาะสมพืชรายจังหวัด,-13-pdf (1).pdf,crop_suitability_by_province,ลำไย,อุดรธานี,ไร่,12,table,n,86,พืช ลำไย จังหวัด อุดรธานี ระดับความเหมาะสม n มีเนื้อที่ 86 ไร่
พื้นที่ความเหมาะสมพืชรายจังหวัด,-13-pdf (1).pdf,crop_suitability_by_province,ลำไย,อุตรดิตถ์,ไร่,12,table,n,47,พืช ลำไย จังหวัด อุตรดิตถ์ ระดับความเหมาะสม n มีเนื้อที่ 47 ไร่
พื้นที่ความเหมาะสมพืชรายจังหวัด,-13-pdf (1).pdf,crop_suitability_by_province,ลำไย,อุบลราชธานี,ไร่,12,table,n,414,พืช ลำไย จังหวัด อุบลราชธานี ระดับความเหมาะสม n มีเนื้อที่ 414 ไร่
พื้นที่ความเหมาะสมพืชรายจังหวัด,-13-pdf (1).pdf,crop_suitability_by_province,ลำไย,เชียงราย,ไร่,12,table,n,3473,พืช ลำไย จังหวัด เชียงราย ระดับความเหมาะสม n มีเนื้อที่ 3473 ไร่
พื้นที่ความเหมาะสมพืชรายจังหวัด,-13-pdf (1).pdf,crop_suitability_by_province,ลำไย,เชียงใหม่,ไร่,12,table,n,2716,พืช ลำไย จังหวัด เชียงใหม่ ระดับความเหมาะสม n มีเนื้อที่ 2716 ไร่
พื้นที่ความเหมาะสมพืชรายจังหวัด,-13-pdf (1).pdf,crop_suitability_by_province,ลำไย,เพชรบูรณ์,ไร่,12,table,n,120,พืช ลำไย จังหวัด เพชรบูรณ์ ระดับความเหมาะสม n มีเนื้อที่ 120 ไร่
พื้นที่ความเหมาะสมพืชรายจังหวัด,-13-pdf (1).pdf,crop_suitability_by_province,ลำไย,เลย,ไร่,12,table,n,3753,พืช ลำไย จังหวัด เลย ระดับความเหมาะสม n มีเนื้อที่ 3753 ไร่
พื้นที่ความเหมาะสมพืชรายจังหวัด,-13-pdf (1).pdf,crop_suitability_by_province,ลำไย,แม่ฮ่องสอน,ไร่,12,table,n,14,พืช ลำไย จังหวัด แม่ฮ่องสอน ระดับความเหมาะสม n มีเนื้อที่ 14 ไร่
พื้นที่ความเหมาะสมพืชรายจังหวัด,-13-pdf (1).pdf,crop_suitability_by_province,สับปะรด,กาญจนบุรี,ไร่,11,table,n,390,พืช สับปะรด จังหวัด กาญจนบุรี ระดับความเหมาะสม n มีเนื้อที่ 390 ไร่
พื้นที่ความเหมาะสมพืชรายจังหวัด,-13-pdf (1).pdf,crop_suitability_by_province,สับปะรด,กาฬสินธุ์,ไร่,11,table,n,54,พืช สับปะรด จังหวัด กาฬสินธุ์ ระดับความเหมาะสม n มีเนื้อที่ 54 ไร่
พื้นที่ความเหมาะสมพืชรายจังหวัด,-13-pdf (1).pdf,crop_suitability_by_province,สับปะรด,จันทบุรี,ไร่,11,table,n,431,พืช สับปะรด จังหวัด จันทบุรี ระดับความเหมาะสม n มีเนื้อที่ 431 ไร่
พื้นที่ความเหมาะสมพืชรายจังหวัด,-13-pdf (1).pdf,crop_suitability_by_province,สับปะรด,ฉะเชิงเทรา,ไร่,11,table,n,821,พืช สับปะรด จังหวัด ฉะเชิงเทรา ระดับความเหมาะสม n มีเนื้อที่ 821 ไร่
พื้นที่ความเหมาะสมพืชรายจังหวัด,-13-pdf (1).pdf,crop_suitability_by_province,สับปะรด,ชลบุรี,ไร่,11,table,n,1384,พืช สับปะรด จังหวัด ชลบุรี ระดับความเหมาะสม n มีเนื้อที่ 1384 ไร่
พื้นที่ความเหมาะสมพืชรายจังหวัด,-13-pdf (1).pdf,crop_suitability_by_province,สับปะรด,ชัยภูมิ,ไร่,11,table,n,284,พืช สับปะรด จังหวัด ชัยภูมิ ระดับความเหมาะสม n มีเนื้อที่ 284 ไร่
พื้นที่ความเหมาะสมพืชรายจังหวัด,-13-pdf (1).pdf,crop_suitability_by_province,สับปะรด,ชุมพร,ไร่,11,table,n,337,พืช สับปะรด จังหวัด ชุมพร ระดับความเหมาะสม n มีเนื้อที่ 337 ไร่
พื้นที่ความเหมาะสมพืชรายจังหวัด,-13-pdf (1).pdf,crop_suitability_by_province,สับปะรด,ตราด,ไร่,11,table,n,2503,พืช สับปะรด จังหวัด ตราด ระดับความเหมาะสม n มีเนื้อที่ 2503 ไร่
พื้นที่ความเหมาะสมพืชรายจังหวัด,-13-pdf (1).pdf,crop_suitability_by_province,สับปะรด,นครพนม,ไร่,11,table,n,59,พืช สับปะรด จังหวัด นครพนม ระดับความเหมาะสม n มีเนื้อที่ 59 ไร่
พื้นที่ความเหมาะสมพืชรายจังหวัด,-13-pdf (1).pdf,crop_suitability_by_province,สับปะรด,ประจวบคีรีขันธ์,ไร่,11,table,n,12952,พืช สับปะรด จังหวัด ประจวบคีรีขันธ์ ระดับความเหมาะสม n มีเนื้อที่ 12952 ไร่
พื้นที่ความเหมาะสมพืชรายจังหวัด,-13-pdf (1).pdf,crop_suitability_by_province,สับปะรด,พะเยา,ไร่,11,table,n,4,พืช สับปะรด จังหวัด พะเยา ระดับความเหมาะสม n มีเนื้อที่ 4 ไร่
พื้นที่ความเหมาะสมพืชรายจังหวัด,-13-pdf (1).pdf,crop_suitability_by_province,สับปะรด,พัทลุง,ไร่,11,table,n,59,พืช สับปะรด จังหวัด พัทลุง ระดับความเหมาะสม n มีเนื้อที่ 59 ไร่
พื้นที่ความเหมาะสมพืชรายจังหวัด,-13-pdf (1).pdf,crop_suitability_by_province,สับปะรด,พิษณุโลก,ไร่,11,table,n,2216,พืช สับปะรด จังหวัด พิษณุโลก ระดับความเหมาะสม n มีเนื้อที่ 2216 ไร่
พื้นที่ความเหมาะสมพืชรายจังหวัด,-13-pdf (1).pdf,crop_suitability_by_province,สับปะรด,ระยอง,ไร่,11,table,n,1556,พืช สับปะรด จังหวัด ระยอง ระดับความเหมาะสม n มีเนื้อที่ 1556 ไร่
พื้นที่ความเหมาะสมพืชรายจังหวัด,-13-pdf (1).pdf,crop_suitability_by_province,สับปะรด,ราชบุรี,ไร่,11,table,n,3214,พืช สับปะรด จังหวัด ราชบุรี ระดับความเหมาะสม n มีเนื้อที่ 3214 ไร่
พื้นที่ความเหมาะสมพืชรายจังหวัด,-13-pdf (1).pdf,crop_suitability_by_province,สับปะรด,ลำปาง,ไร่,11,table,n,4494,พืช สับปะรด จังหวัด ลำปาง ระดับความเหมาะสม n มีเนื้อที่ 4494 ไร่
พื้นที่ความเหมาะสมพืชรายจังหวัด,-13-pdf (1).pdf,crop_suitability_by_province,สับปะรด,สุพรรณบุรี,ไร่,11,table,n,107,พืช สับปะรด จังหวัด สุพรรณบุรี ระดับความเหมาะสม n มีเนื้อที่ 107 ไร่
พื้นที่ความเหมาะสมพืชรายจังหวัด,-13-pdf (1).pdf,crop_suitability_by_province,สับปะรด,หนองคาย,ไร่,11,table,n,458,พืช สับปะรด จังหวัด หนองคาย ระดับความเหมาะสม n มีเนื้อที่ 458 ไร่
พื้นที่ความเหมาะสมพืชรายจังหวัด,-13-pdf (1).pdf,crop_suitability_by_province,สับปะรด,อุดรธานี,ไร่,11,table,n,45,พืช สับปะรด จังหวัด อุดรธานี ระดับความเหมาะสม n มีเนื้อที่ 45 ไร่
พื้นที่ความเหมาะสมพืชรายจังหวัด,-13-pdf (1).pdf,crop_suitability_by_province,สับปะรด,อุตรดิตถ์,ไร่,11,table,n,351,พืช สับปะรด จังหวัด อุตรดิตถ์ ระดับความเหมาะสม n มีเนื้อที่ 351 ไร่
พื้นที่ความเหมาะสมพืชรายจังหวัด,-13-pdf (1).pdf,crop_suitability_by_province,สับปะรด,อุทัยธานี,ไร่,11,table,n,842,พืช สับปะรด จังหวัด อุทัยธานี ระดับความเหมาะสม n มีเนื้อที่ 842 ไร่
พื้นที่ความเหมาะสมพืชรายจังหวัด,-13-pdf (1).pdf,crop_suitability_by_province,สับปะรด,อุบลราชธานี,ไร่,11,table,n,6,พืช สับปะรด จังหวัด อุบลราชธานี ระดับความเหมาะสม n มีเนื้อที่ 6 ไร่
พื้นที่ความเหมาะสมพืชรายจังหวัด,-13-pdf (1).pdf,crop_suitability_by_province,สับปะรด,เชียงราย,ไร่,11,table,n,16415,พืช สับปะรด จังหวัด เชียงราย ระดับความเหมาะสม n มีเนื้อที่ 16415 ไร่
พื้นที่ความเหมาะสมพืชรายจังหวัด,-13-pdf (1).pdf,crop_suitability_by_province,สับปะรด,เพชรบุรี,ไร่,11,table,n,1300,พืช สับปะรด จังหวัด เพชรบุรี ระดับความเหมาะสม n มีเนื้อที่ 1300 ไร่
พื้นที่ความเหมาะสมพืชรายจังหวัด,-13-pdf (1).pdf,crop_suitability_by_province,สับปะรด,เลย,ไร่,11,table,n,488,พืช สับปะรด จังหวัด เลย ระดับความเหมาะสม n มีเนื้อที่ 488 ไร่
พื้นที่ความเหมาะสมพืชรายจังหวัด,-13-pdf (1).pdf,crop_suitability_by_province,อ้อยโรงงาน,กาญจนบุรี,ไร่,7,table,n,3990,พืช อ้อยโรงงาน จังหวัด กาญจนบุรี ระดับความเหมาะสม n มีเนื้อที่ 3990 ไร่
พื้นที่ความเหมาะสมพืชรายจังหวัด,-13-pdf (1).pdf,crop_suitability_by_province,อ้อยโรงงาน,กาฬสินธุ์,ไร่,7,table,n,77,พืช อ้อยโรงงาน จังหวัด กาฬสินธุ์ ระดับความเหมาะสม n มีเนื้อที่ 77 ไร่
พื้นที่ความเหมาะสมพืชรายจังหวัด,-13-pdf (1).pdf,crop_suitability_by_province,อ้อยโรงงาน,กำแพงเพชร,ไร่,7,table,n,28,พืช อ้อยโรงงาน จังหวัด กำแพงเพชร ระดับความเหมาะสม n มีเนื้อที่ 28 ไร่
พื้นที่ความเหมาะสมพืชรายจังหวัด,-13-pdf (1).pdf,crop_suitability_by_province,อ้อยโรงงาน,ขอนแก่น,ไร่,7,table,n,208,พืช อ้อยโรงงาน จังหวัด ขอนแก่น ระดับความเหมาะสม n มีเนื้อที่ 208 ไร่
พื้นที่ความเหมาะสมพืชรายจังหวัด,-13-pdf (1).pdf,crop_suitability_by_province,อ้อยโรงงาน,จันทบุรี,ไร่,7,table,n,2,พืช อ้อยโรงงาน จังหวัด จันทบุรี ระดับความเหมาะสม n มีเนื้อที่ 2 ไร่
พื้นที่ความเหมาะสมพืชรายจังหวัด,-13-pdf (1).pdf,crop_suitability_by_province,อ้อยโรงงาน,ฉะเชิงเทรา,ไร่,7,table,n,798,พืช อ้อยโรงงาน จังหวัด ฉะเชิงเทรา ระดับความเหมาะสม n มีเนื้อที่ 798 ไร่
พื้นที่ความเหมาะสมพืชรายจังหวัด,-13-pdf (1).pdf,crop_suitability_by_province,อ้อยโรงงาน,ชลบุรี,ไร่,7,table,n,36,พืช อ้อยโรงงาน จังหวัด ชลบุรี ระดับความเหมาะสม n มีเนื้อที่ 36 ไร่
พื้นที่ความเหมาะสมพืชรายจังหวัด,-13-pdf (1).pdf,crop_suitability_by_province,อ้อยโรงงาน,ชัยนาท,ไร่,7,table,n,59,พืช อ้อยโรงงาน จังหวัด ชัยนาท ระดับความเหมาะสม n มีเนื้อที่ 59 ไร่
พื้นที่ความเหมาะสมพืชรายจังหวัด,-13-pdf (1).pdf,crop_suitability_by_province,อ้อยโรงงาน,ชัยภูมิ,ไร่,7,table,n,2702,พืช อ้อยโรงงาน จังหวัด ชัยภูมิ ระดับความเหมาะสม n มีเนื้อที่ 2702 ไร่
พื้นที่ความเหมาะสมพืชรายจังหวัด,-13-pdf (1).pdf,crop_suitability_by_province,อ้อยโรงงาน,ตาก,ไร่,7,table,n,164,พืช อ้อยโรงงาน จังหวัด ตาก ระดับความเหมาะสม n มีเนื้อที่ 164 ไร่
พื้นที่ความเหมาะสมพืชรายจังหวัด,-13-pdf (1).pdf,crop_suitability_by_province,อ้อยโรงงาน,นครนายก,ไร่,7,table,n,5,พืช อ้อยโรงงาน จังหวัด นครนายก ระดับความเหมาะสม n มีเนื้อที่ 5 ไร่
พื้นที่ความเหมาะสมพืชรายจังหวัด,-13-pdf (1).pdf,crop_suitability_by_province,อ้อยโรงงาน,นครปฐม,ไร่,7,table,n,220,พืช อ้อยโรงงาน จังหวัด นครปฐม ระดับความเหมาะสม n มีเนื้อที่ 220 ไร่
พื้นที่ความเหมาะสมพืชรายจังหวัด,-13-pdf (1).pdf,crop_suitability_by_province,อ้อยโรงงาน,นครราชสีมา,ไร่,7,table,n,298,พืช อ้อยโรงงาน จังหวัด นครราชสีมา ระดับความเหมาะสม n มีเนื้อที่ 298 ไร่
พื้นที่ความเหมาะสมพืชรายจังหวัด,-13-pdf (1).pdf,crop_suitability_by_province,อ้อยโรงงาน,นครศรีธรรมราช,ไร่,8,table,n,113,พืช อ้อยโรงงาน จังหวัด นครศรีธรรมราช ระดับความเหมาะสม n มีเนื้อที่ 113 ไร่
พื้นที่ความเหมาะสมพืชรายจังหวัด,-13-pdf (1).pdf,crop_suitability_by_province,อ้อยโรงงาน,นครสวรรค์,ไร่,7,table,n,301,พืช อ้อยโรงงาน จังหวัด นครสวรรค์ ระดับความเหมาะสม n มีเนื้อที่ 301 ไร่
พื้นที่ความเหมาะสมพืชรายจังหวัด,-13-pdf (1).pdf,crop_suitability_by_province,อ้อยโรงงาน,น่าน,ไร่,7,table,n,2,พืช อ้อยโรงงาน จังหวัด น่าน ระดับความเหมาะสม n มีเนื้อที่ 2 ไร่
พื้นที่ความเหมาะสมพืชรายจังหวัด,-13-pdf (1).pdf,crop_suitability_by_province,อ้อยโรงงาน,ปทุมธานี,ไร่,7,table,n,104,พืช อ้อยโรงงาน จังหวัด ปทุมธานี ระดับความเหมาะสม n มีเนื้อที่ 104 ไร่
พื้นที่ความเหมาะสมพืชรายจังหวัด,-13-pdf (1).pdf,crop_suitability_by_province,อ้อยโรงงาน,ประจวบคีรีขันธ์,ไร่,7,table,n,37,พืช อ้อยโรงงาน จังหวัด ประจวบคีรีขันธ์ ระดับความเหมาะสม n มีเนื้อที่ 37 ไร่
พื้นที่ความเหมาะสมพืชรายจังหวัด,-13-pdf (1).pdf,crop_suitability_by_province,อ้อยโรงงาน,ปราจีนบุรี,ไร่,7,table,n,5935,พืช อ้อยโรงงาน จังหวัด ปราจีนบุรี ระดับความเหมาะสม n มีเนื้อที่ 5935 ไร่
พื้นที่ความเหมาะสมพืชรายจังหวัด,-13-pdf (1).pdf,crop_suitability_by_province,อ้อยโรงงาน,พระนครศรีอยุธยา,ไร่,7,table,n,23,พืช อ้อยโรงงาน จังหวัด พระนครศรีอยุธยา ระดับความเหมาะสม n มีเนื้อที่ 23 ไร่
พื้นที่ความเหมาะสมพืชรายจังหวัด,-13-pdf (1).pdf,crop_suitability_by_province,อ้อยโรงงาน,พิจิตร,ไร่,7,table,n,8,พืช อ้อยโรงงาน จังหวัด พิจิตร ระดับความเหมาะสม n มีเนื้อที่ 8 ไร่
พื้นที่ความเหมาะสมพืชรายจังหวัด,-13-pdf (1).pdf,crop_suitability_by_province,อ้อยโรงงาน,พิษณุโลก,ไร่,7,table,n,41,พืช อ้อยโรงงาน จังหวัด พิษณุโลก ระดับความเหมาะสม n มีเนื้อที่ 41 ไร่
พื้นที่ความเหมาะสมพืชรายจังหวัด,-13-pdf (1).pdf,crop_suitability_by_province,อ้อยโรงงาน,มุกดาหาร,ไร่,7,table,n,34,พืช อ้อยโรงงาน จังหวัด มุกดาหาร ระดับความเหมาะสม n มีเนื้อที่ 34 ไร่
พื้นที่ความเหมาะสมพืชรายจังหวัด,-13-pdf (1).pdf,crop_suitability_by_province,อ้อยโรงงาน,ยโสธร,ไร่,8,table,n,568,พืช อ้อยโรงงาน จังหวัด ยโสธร ระดับความเหมาะสม n มีเนื้อที่ 568 ไร่
พื้นที่ความเหมาะสมพืชรายจังหวัด,-13-pdf (1).pdf,crop_suitability_by_province,อ้อยโรงงาน,ระยอง,ไร่,7,table,n,7,พืช อ้อยโรงงาน จังหวัด ระยอง ระดับความเหมาะสม n มีเนื้อที่ 7 ไร่
พื้นที่ความเหมาะสมพืชรายจังหวัด,-13-pdf (1).pdf,crop_suitability_by_province,อ้อยโรงงาน,ราชบุรี,ไร่,7,table,n,296,พืช อ้อยโรงงาน จังหวัด ราชบุรี ระดับความเหมาะสม n มีเนื้อที่ 296 ไร่
พื้นที่ความเหมาะสมพืชรายจังหวัด,-13-pdf (1).pdf,crop_suitability_by_province,อ้อยโรงงาน,ร้อยเอ็ด,ไร่,7,table,n,209,พืช อ้อยโรงงาน จังหวัด ร้อยเอ็ด ระดับความเหมาะสม n มีเนื้อที่ 209 ไร่
พื้นที่ความเหมาะสมพืชรายจังหวัด,-13-pdf (1).pdf,crop_suitability_by_province,อ้อยโรงงาน,ลพบุรี,ไร่,7,table,n,1866,พืช อ้อยโรงงาน จังหวัด ลพบุรี ระดับความเหมาะสม n มีเนื้อที่ 1866 ไร่
พื้นที่ความเหมาะสมพืชรายจังหวัด,-13-pdf (1).pdf,crop_suitability_by_province,อ้อยโรงงาน,ลำปาง,ไร่,7,table,n,55,พืช อ้อยโรงงาน จังหวัด ลำปาง ระดับความเหมาะสม n มีเนื้อที่ 55 ไร่
พื้นที่ความเหมาะสมพืชรายจังหวัด,-13-pdf (1).pdf,crop_suitability_by_province,อ้อยโรงงาน,สกลนคร,ไร่,8,table,n,17,พืช อ้อยโรงงาน จังหวัด สกลนคร ระดับความเหมาะสม n มีเนื้อที่ 17 ไร่
พื้นที่ความเหมาะสมพืชรายจังหวัด,-13-pdf (1).pdf,crop_suitability_by_province,อ้อยโรงงาน,สตูล,ไร่,8,table,n,9,พืช อ้อยโรงงาน จังหวัด สตูล ระดับความเหมาะสม n มีเนื้อที่ 9 ไร่
พื้นที่ความเหมาะสมพืชรายจังหวัด,-13-pdf (1).pdf,crop_suitability_by_province,อ้อยโรงงาน,สระบุรี,ไร่,7,table,n,769,พืช อ้อยโรงงาน จังหวัด สระบุรี ระดับความเหมาะสม n มีเนื้อที่ 769 ไร่
พื้นที่ความเหมาะสมพืชรายจังหวัด,-13-pdf (1).pdf,crop_suitability_by_province,อ้อยโรงงาน,สระแก้ว,ไร่,7,table,n,62,พืช อ้อยโรงงาน จังหวัด สระแก้ว ระดับความเหมาะสม n มีเนื้อที่ 62 ไร่
พื้นที่ความเหมาะสมพืชรายจังหวัด,-13-pdf (1).pdf,crop_suitability_by_province,อ้อยโรงงาน,สุพรรณบุรี,ไร่,7,table,n,4580,พืช อ้อยโรงงาน จังหวัด สุพรรณบุรี ระดับความเหมาะสม n มีเนื้อที่ 4580 ไร่
พื้นที่ความเหมาะสมพืชรายจังหวัด,-13-pdf (1).pdf,crop_suitability_by_province,อ้อยโรงงาน,สุโขทัย,ไร่,7,table,n,1039,พืช อ้อยโรงงาน จังหวัด สุโขทัย ระดับความเหมาะสม n มีเนื้อที่ 1039 ไร่
พื้นที่ความเหมาะสมพืชรายจังหวัด,-13-pdf (1).pdf,crop_suitability_by_province,อ้อยโรงงาน,หนองบัวลำภู,ไร่,7,table,n,1423,พืช อ้อยโรงงาน จังหวัด หนองบัวลำภู ระดับความเหมาะสม n มีเนื้อที่ 1423 ไร่
พื้นที่ความเหมาะสมพืชรายจังหวัด,-13-pdf (1).pdf,crop_suitability_by_province,อ้อยโรงงาน,อำนาจเจริญ,ไร่,8,table,n,28,พืช อ้อยโรงงาน จังหวัด อำนาจเจริญ ระดับความเหมาะสม n มีเนื้อที่ 28 ไร่
พื้นที่ความเหมาะสมพืชรายจังหวัด,-13-pdf (1).pdf,crop_suitability_by_province,อ้อยโรงงาน,อุดรธานี,ไร่,7,table,n,934,พืช อ้อยโรงงาน จังหวัด อุดรธานี ระดับความเหมาะสม n มีเนื้อที่ 934 ไร่
พื้นที่ความเหมาะสมพืชรายจังหวัด,-13-pdf (1).pdf,crop_suitability_by_province,อ้อยโรงงาน,อุตรดิตถ์,ไร่,7,table,n,902,พืช อ้อยโรงงาน จังหวัด อุตรดิตถ์ ระดับความเหมาะสม n มีเนื้อที่ 902 ไร่
พื้นที่ความเหมาะสมพืชรายจังหวัด,-13-pdf (1).pdf,crop_suitability_by_province,อ้อยโรงงาน,อุทัยธานี,ไร่,7,table,n,985,พืช อ้อยโรงงาน จังหวัด อุทัยธานี ระดับความเหมาะสม n มีเนื้อที่ 985 ไร่
พื้นที่ความเหมาะสมพืชรายจังหวัด,-13-pdf (1).pdf,crop_suitability_by_province,อ้อยโรงงาน,เชียงราย,ไร่,7,table,n,4,พืช อ้อยโรงงาน จังหวัด เชียงราย ระดับความเหมาะสม n มีเนื้อที่ 4 ไร่
พื้นที่ความเหมาะสมพืชรายจังหวัด,-13-pdf (1).pdf,crop_suitability_by_province,อ้อยโรงงาน,เพชรบุรี,ไร่,7,table,n,55,พืช อ้อยโรงงาน จังหวัด เพชรบุรี ระดับความเหมาะสม n มีเนื้อที่ 55 ไร่
พื้นที่ความเหมาะสมพืชรายจังหวัด,-13-pdf (1).pdf,crop_suitability_by_province,อ้อยโรงงาน,เพชรบูรณ์,ไร่,7,table,n,3330,พืช อ้อยโรงงาน จังหวัด เพชรบูรณ์ ระดับความเหมาะสม n มีเนื้อที่ 3330 ไร่
พื้นที่ความเหมาะสมพืชรายจังหวัด,-13-pdf (1).pdf,crop_suitability_by_province,อ้อยโรงงาน,เลย,ไร่,7,table,n,3999,พืช อ้อยโรงงาน จังหวัด เลย ระดับความเหมาะสม n มีเนื้อที่ 3999 ไร่
พื้นที่ความเหมาะสมพืชรายจังหวัด,-13-pdf (1).pdf,crop_suitability_by_province,อ้อยโรงงาน,แพร่,ไร่,7,table,n,10,พืช อ้อยโรงงาน จังหวัด แพร่ ระดับความเหมาะสม n มีเนื้อที่ 10 ไร่
พื้นที่ความเหมาะสมพืชรายจังหวัด,-13-pdf (1).pdf,crop_suitability_by_province,เงาะ,กระบี่,ไร่,14,table,n,10,พืช เงาะ จังหวัด กระบี่ ระดับความเหมาะสม n มีเนื้อที่ 10 ไร่
พื้นที่ความเหมาะสมพืชรายจังหวัด,-13-pdf (1).pdf,crop_suitability_by_province,เงาะ,กาญจนบุรี,ไร่,14,table,n,118,พืช เงาะ จังหวัด กาญจนบุรี ระดับความเหมาะสม n มีเนื้อที่ 118 ไร่
พื้นที่ความเหมาะสมพืชรายจังหวัด,-13-pdf (1).pdf,crop_suitability_by_province,เงาะ,กาฬสินธุ์,ไร่,14,table,n,10,พืช เงาะ จังหวัด กาฬสินธุ์ ระดับความเหมาะสม n มีเนื้อที่ 10 ไร่
พื้นที่ความเหมาะสมพืชรายจังหวัด,-13-pdf (1).pdf,crop_suitability_by_province,เงาะ,กำแพงเพชร,ไร่,14,table,n,100,พืช เงาะ จังหวัด กำแพงเพชร ระดับความเหมาะสม n มีเนื้อที่ 100 ไร่
พื้นที่ความเหมาะสมพืชรายจังหวัด,-13-pdf (1).pdf,crop_suitability_by_province,เงาะ,ขอนแก่น,ไร่,14,table,n,28,พืช เงาะ จังหวัด ขอนแก่น ระดับความเหมาะสม n มีเนื้อที่ 28 ไร่
พื้นที่ความเหมาะสมพืชรายจังหวัด,-13-pdf (1).pdf,crop_suitability_by_province,เงาะ,จันทบุรี,ไร่,14,table,n,3426,พืช เงาะ จังหวัด จันทบุรี ระดับความเหมาะสม n มีเนื้อที่ 3426 ไร่
พื้นที่ความเหมาะสมพืชรายจังหวัด,-13-pdf (1).pdf,crop_suitability_by_province,เงาะ,ฉะเชิงเทรา,ไร่,14,table,n,24,พืช เงาะ จังหวัด ฉะเชิงเทรา ระดับความเหมาะสม n มีเนื้อที่ 24 ไร่
พื้นที่ความเหมาะสมพืชรายจังหวัด,-13-pdf (1).pdf,crop_suitability_by_province,เงาะ,ชลบุรี,ไร่,14,table,n,1350,พืช เงาะ จังหวัด ชลบุรี ระดับความเหมาะสม n มีเนื้อที่ 1350 ไร่
พื้นที่ความเหมาะสมพืชรายจังหวัด,-13-pdf (1).pdf,crop_suitability_by_province,เงาะ,ชัยภูมิ,ไร่,14,table,n,7,พืช เงาะ จังหวัด ชัยภูมิ ระดับความเหมาะสม n มีเนื้อที่ 7 ไร่
พื้นที่ความเหมาะสมพืชรายจังหวัด,-13-pdf (1).pdf,crop_suitability_by_province,เงาะ,ชุมพร,ไร่,14,table,n,158,พืช เงาะ จังหวัด ชุมพร ระดับความเหมาะสม n มีเนื้อที่ 158 ไร่
พื้นที่ความเหมาะสมพืชรายจังหวัด,-13-pdf (1).pdf,crop_suitability_by_province,เงาะ,ตรัง,ไร่,14,table,n,212,พืช เงาะ จังหวัด ตรัง ระดับความเหมาะสม n มีเนื้อที่ 212 ไร่
พื้นที่ความเหมาะสมพืชรายจังหวัด,-13-pdf (1).pdf,crop_suitability_by_province,เงาะ,ตราด,ไร่,14,table,n,7470,พืช เงาะ จังหวัด ตราด ระดับความเหมาะสม n มีเนื้อที่ 7470 ไร่
พื้นที่ความเหมาะสมพืชรายจังหวัด,-13-pdf (1).pdf,crop_suitability_by_province,เงาะ,นครนายก,ไร่,14,table,n,108,พืช เงาะ จังหวัด นครนายก ระดับความเหมาะสม n มีเนื้อที่ 108 ไร่
พื้นที่ความเหมาะสมพืชรายจังหวัด,-13-pdf (1).pdf,crop_suitability_by_province,เงาะ,นครพนม,ไร่,14,table,n,8,พืช เงาะ จังหวัด นครพนม ระดับความเหมาะสม n มีเนื้อที่ 8 ไร่
พื้นที่ความเหมาะสมพืชรายจังหวัด,-13-pdf (1).pdf,crop_suitability_by_province,เงาะ,นครราชสีมา,ไร่,14,table,n,10,พืช เงาะ จังหวัด นครราชสีมา ระดับความเหมาะสม n มีเนื้อที่ 10 ไร่
พื้นที่ความเหมาะสมพืชรายจังหวัด,-13-pdf (1).pdf,crop_suitability_by_province,เงาะ,นครศรีธรรมราช,ไร่,14,table,n,6265,พืช เงาะ จังหวัด นครศรีธรรมราช ระดับความเหมาะสม n มีเนื้อที่ 6265 ไร่
พื้นที่ความเหมาะสมพืชรายจังหวัด,-13-pdf (1).pdf,crop_suitability_by_province,เงาะ,นครสวรรค์,ไร่,14,table,n,16,พืช เงาะ จังหวัด นครสวรรค์ ระดับความเหมาะสม n มีเนื้อที่ 16 ไร่
พื้นที่ความเหมาะสมพืชรายจังหวัด,-13-pdf (1).pdf,crop_suitability_by_province,เงาะ,นราธิวาส,ไร่,14,table,n,1083,พืช เงาะ จังหวัด นราธิวาส ระดับความเหมาะสม n มีเนื้อที่ 1083 ไร่
พื้นที่ความเหมาะสมพืชรายจังหวัด,-13-pdf (1).pdf,crop_suitability_by_province,เงาะ,น่าน,ไร่,14,table,n,332,พืช เงาะ จังหวัด น่าน ระดับความเหมาะสม n มีเนื้อที่ 332 ไร่
พื้นที่ความเหมาะสมพืชรายจังหวัด,-13-pdf (1).pdf,crop_suitability_by_province,เงาะ,บึงกาฬ,ไร่,14,table,n,4,พืช เงาะ จังหวัด บึงกาฬ ระดับความเหมาะสม n มีเนื้อที่ 4 ไร่
พื้นที่ความเหมาะสมพืชรายจังหวัด,-13-pdf (1).pdf,crop_suitability_by_province,เงาะ,ประจวบคีรีขันธ์,ไร่,14,table,n,7,พืช เงาะ จังหวัด ประจวบคีรีขันธ์ ระดับความเหมาะสม n มีเนื้อที่ 7 ไร่
พื้นที่ความเหมาะสมพืชรายจังหวัด,-13-pdf (1).pdf,crop_suitability_by_province,เงาะ,พะเยา,ไร่,14,table,n,49,พืช เงาะ จังหวัด พะเยา ระดับความเหมาะสม n มีเนื้อที่ 49 ไร่
พื้นที่ความเหมาะสมพืชรายจังหวัด,-13-pdf (1).pdf,crop_suitability_by_province,เงาะ,พังงา,ไร่,14,table,n,1302,พืช เงาะ จังหวัด พังงา ระดับความเหมาะสม n มีเนื้อที่ 1302 ไร่
พื้นที่ความเหมาะสมพืชรายจังหวัด,-13-pdf (1).pdf,crop_suitability_by_province,เงาะ,พัทลุง,ไร่,15,table,n,9780,พืช เงาะ จังหวัด พัทลุง ระดับความเหมาะสม n มีเนื้อที่ 9780 ไร่
พื้นที่ความเหมาะสมพืชรายจังหวัด,-13-pdf (1).pdf,crop_suitability_by_province,เงาะ,พิจิตร,ไร่,14,table,n,12,พืช เงาะ จังหวัด พิจิตร ระดับความเหมาะสม n มีเนื้อที่ 12 ไร่
พื้นที่ความเหมาะสมพืชรายจังหวัด,-13-pdf (1).pdf,crop_suitability_by_province,เงาะ,พิษณุโลก,ไร่,14,table,n,1967,พืช เงาะ จังหวัด พิษณุโลก ระดับความเหมาะสม n มีเนื้อที่ 1967 ไร่
พื้นที่ความเหมาะสมพืชรายจังหวัด,-13-pdf (1).pdf,crop_suitability_by_province,เงาะ,ภูเก็ต,ไร่,15,table,n,7,พืช เงาะ จังหวัด ภูเก็ต ระดับความเหมาะสม n มีเนื้อที่ 7 ไร่
พื้นที่ความเหมาะสมพืชรายจังหวัด,-13-pdf (1).pdf,crop_suitability_by_province,เงาะ,ยะลา,ไร่,15,table,n,3,พืช เงาะ จังหวัด ยะลา ระดับความเหมาะสม n มีเนื้อที่ 3 ไร่
พื้นที่ความเหมาะสมพืชรายจังหวัด,-13-pdf (1).pdf,crop_suitability_by_province,เงาะ,ระนอง,ไร่,15,table,n,1161,พืช เงาะ จังหวัด ระนอง ระดับความเหมาะสม n มีเนื้อที่ 1161 ไร่
พื้นที่ความเหมาะสมพืชรายจังหวัด,-13-pdf (1).pdf,crop_suitability_by_province,เงาะ,ระยอง,ไร่,14,table,n,1688,พืช เงาะ จังหวัด ระยอง ระดับความเหมาะสม n มีเนื้อที่ 1688 ไร่
พื้นที่ความเหมาะสมพืชรายจังหวัด,-13-pdf (1).pdf,crop_suitability_by_province,เงาะ,ราชบุรี,ไร่,14,table,n,215,พืช เงาะ จังหวัด ราชบุรี ระดับความเหมาะสม n มีเนื้อที่ 215 ไร่
พื้นที่ความเหมาะสมพืชรายจังหวัด,-13-pdf (1).pdf,crop_suitability_by_province,เงาะ,ลพบุรี,ไร่,14,table,n,31,พืช เงาะ จังหวัด ลพบุรี ระดับความเหมาะสม n มีเนื้อที่ 31 ไร่
พื้นที่ความเหมาะสมพืชรายจังหวัด,-13-pdf (1).pdf,crop_suitability_by_province,เงาะ,ลำปาง,ไร่,14,table,n,52,พืช เงาะ จังหวัด ลำปาง ระดับความเหมาะสม n มีเนื้อที่ 52 ไร่
พื้นที่ความเหมาะสมพืชรายจังหวัด,-13-pdf (1).pdf,crop_suitability_by_province,เงาะ,ศรีสะเกษ,ไร่,14,table,n,451,พืช เงาะ จังหวัด ศรีสะเกษ ระดับความเหมาะสม n มีเนื้อที่ 451 ไร่
พื้นที่ความเหมาะสมพืชรายจังหวัด,-13-pdf (1).pdf,crop_suitability_by_province,เงาะ,สงขลา,ไร่,15,table,n,2104,พืช เงาะ จังหวัด สงขลา ระดับความเหมาะสม n มีเนื้อที่ 2104 ไร่
พื้นที่ความเหมาะสมพืชรายจังหวัด,-13-pdf (1).pdf,crop_suitability_by_province,เงาะ,สตูล,ไร่,15,table,n,35,พืช เงาะ จังหวัด สตูล ระดับความเหมาะสม n มีเนื้อที่ 35 ไร่
พื้นที่ความเหมาะสมพืชรายจังหวัด,-13-pdf (1).pdf,crop_suitability_by_province,เงาะ,สุพรรณบุรี,ไร่,14,table,n,53,พืช เงาะ จังหวัด สุพรรณบุรี ระดับความเหมาะสม n มีเนื้อที่ 53 ไร่
พื้นที่ความเหมาะสมพืชรายจังหวัด,-13-pdf (1).pdf,crop_suitability_by_province,เงาะ,สุราษฎร์ธานี,ไร่,15,table,n,5970,พืช เงาะ จังหวัด สุราษฎร์ธานี ระดับความเหมาะสม n มีเนื้อที่ 5970 ไร่
พื้นที่ความเหมาะสมพืชรายจังหวัด,-13-pdf (1).pdf,crop_suitability_by_province,เงาะ,สุรินทร์,ไร่,14,table,n,10,พืช เงาะ จังหวัด สุรินทร์ ระดับความเหมาะสม n มีเนื้อที่ 10 ไร่
พื้นที่ความเหมาะสมพืชรายจังหวัด,-13-pdf (1).pdf,crop_suitability_by_province,เงาะ,สุโขทัย,ไร่,14,table,n,63,พืช เงาะ จังหวัด สุโขทัย ระดับความเหมาะสม n มีเนื้อที่ 63 ไร่
พื้นที่ความเหมาะสมพืชรายจังหวัด,-13-pdf (1).pdf,crop_suitability_by_province,เงาะ,หนองบัวลำภู,ไร่,14,table,n,19,พืช เงาะ จังหวัด หนองบัวลำภู ระดับความเหมาะสม n มีเนื้อที่ 19 ไร่
พื้นที่ความเหมาะสมพืชรายจังหวัด,-13-pdf (1).pdf,crop_suitability_by_province,เงาะ,อุดรธานี,ไร่,14,table,n,20,พืช เงาะ จังหวัด อุดรธานี ระดับความเหมาะสม n มีเนื้อที่ 20 ไร่
พื้นที่ความเหมาะสมพืชรายจังหวัด,-13-pdf (1).pdf,crop_suitability_by_province,เงาะ,อุตรดิตถ์,ไร่,14,table,n,124,พืช เงาะ จังหวัด อุตรดิตถ์ ระดับความเหมาะสม n มีเนื้อที่ 124 ไร่
พื้นที่ความเหมาะสมพืชรายจังหวัด,-13-pdf (1).pdf,crop_suitability_by_province,เงาะ,อุทัยธานี,ไร่,14,table,n,15,พืช เงาะ จังหวัด อุทัยธานี ระดับความเหมาะสม n มีเนื้อที่ 15 ไร่
พื้นที่ความเหมาะสมพืชรายจังหวัด,-13-pdf (1).pdf,crop_suitability_by_province,เงาะ,อุบลราชธานี,ไร่,14,table,n,178,พืช เงาะ จังหวัด อุบลราชธานี ระดับความเหมาะสม n มีเนื้อที่ 178 ไร่
พื้นที่ความเหมาะสมพืชรายจังหวัด,-13-pdf (1).pdf,crop_suitability_by_province,เงาะ,เชียงราย,ไร่,14,table,n,807,พืช เงาะ จังหวัด เชียงราย ระดับความเหมาะสม n มีเนื้อที่ 807 ไร่
พื้นที่ความเหมาะสมพืชรายจังหวัด,-13-pdf (1).pdf,crop_suitability_by_province,เงาะ,เชียงใหม่,ไร่,14,table,n,660,พืช เงาะ จังหวัด เชียงใหม่ ระดับความเหมาะสม n มีเนื้อที่ 660 ไร่
พื้นที่ความเหมาะสมพืชรายจังหวัด,-13-pdf (1).pdf,crop_suitability_by_province,เงาะ,เพชรบุรี,ไร่,14,table,n,481,พืช เงาะ จังหวัด เพชรบุรี ระดับความเหมาะสม n มีเนื้อที่ 481 ไร่
พื้นที่ความเหมาะสมพืชรายจังหวัด,-13-pdf (1).pdf,crop_suitability_by_province,เงาะ,เพชรบูรณ์,ไร่,14,table,n,20,พืช เงาะ จังหวัด เพชรบูรณ์ ระดับความเหมาะสม n มีเนื้อที่ 20 ไร่
พื้นที่ความเหมาะสมพืชรายจังหวัด,-13-pdf (1).pdf,crop_suitability_by_province,เงาะ,เลย,ไร่,14,table,n,282,พืช เงาะ จังหวัด เลย ระดับความเหมาะสม n มีเนื้อที่ 282 ไร่
พื้นที่ความเหมาะสมพืชรายจังหวัด,-13-pdf (1).pdf,crop_suitability_by_province,เงาะ,แพร่,ไร่,14,table,n,225,พืช เงาะ จังหวัด แพร่ ระดับความเหมาะสม n มีเนื้อที่ 225 ไร่
พื้นที่ความเหมาะสมพืชรายจังหวัด,-13-pdf (1).pdf,crop_suitability_by_province,เงาะ,แม่ฮ่องสอน,ไร่,14,table,n,5,พืช เงาะ จังหวัด แม่ฮ่องสอน ระดับความเหมาะสม n มีเนื้อที่ 5 ไร่
